abandon	to leave forever, or to stop something in progress | Pattern: abandon + noun | Example: Although the group had already invested considerable time in the prototype, the team abandoned the original design after repeated safety failures. | Pronunciation: IPA (stress shown separately): /əbændən/ Stress syllable 2 of 3. For /b/, close both lips completely. Keep the final /n/ audible.
abstract	a short written summary of a research article or study | Pattern: an abstract of + article/study | Example: Because readers needed a concise overview before reading the full article, the abstract summarizes the study’s purpose, method, and main findings. | Pronunciation: IPA (stress shown separately): /æbstrækt/ Stress syllable 1 of 2. For /b/, close both lips completely. Keep the final /t/ audible.
academic	relating to school, college, study or theory | Pattern: academic + noun; be academic | Example: Because students needed to succeed in formal assignments as well as everyday discussions, the course teaches academic writing alongside natural spoken English. | Pronunciation: IPA (stress shown separately): /ækədɛmɪk/ Stress syllable 3 of 4. Keep /ɪ/ short and relaxed, as in sit. Keep the final /k/ audible.
access	the ability to get to or enter somewhere or something | Pattern: access to + noun | Example: Since students needed to submit work through the learning platform, reliable internet access is essential for students completing online assignments. | Pronunciation: IPA (stress shown separately): /æksɛs/ Stress syllable 1 of 2. Keep the final /s/ audible.
accommodation	an adjustment that gives a person fair access or support | Pattern: accommodation for + person/need | Example: When the disability-services office reviewed the approved support plan, the university provided a testing accommodation for the student. | Pronunciation: IPA (stress shown separately): /əkɑmədeɪʃən/ Stress syllable 4 of 5. Use a clear /ʃ/ “sh” sound. Keep the final /n/ audible.
accompany	to go with someone or to be provided together with something | Pattern: accompany + noun; be accompany by + noun | Example: Although the complete report contained several detailed sections, the report was accompanied by a one-page executive summary. | Pronunciation: IPA (stress shown separately): /əkʌmpəni/ Stress syllable 2 of 4.
accumulation	collection or process of collecting | Pattern: accumulation of + noun | Example: Because repeated flooding deposited new layers of material, the accumulation of sediment gradually changed the shape of the riverbank. | Pronunciation: IPA (stress shown separately): /əkjumjəleɪʃən/ Stress syllable 4 of 5. Use a clear /ʃ/ “sh” sound. Keep the final /n/ audible.
accurate	correct and without any mistakes | Pattern: accurate + noun; be accurate | Example: Because small measurement errors could distort the final conclusion, the conclusion is only as accurate as the measurements supporting it. | Pronunciation: IPA (stress shown separately): /ækjɚət/ Stress syllable 1 of 3. Keep the final /t/ audible.
achieve	to succeed in reaching a target or aim | Pattern: achieve + noun | Example: Although the skill initially seemed difficult to several students, students can achieve the target by practicing the skill in several contexts. | Pronunciation: IPA (stress shown separately): /ətʃiv/ Stress syllable 2 of 2. Use a crisp /tʃ/ “ch” sound. For /v/, touch the upper teeth to the lower lip; do not replace it with /b/. Keep the final /v/ audible.
acknowledge	to recognize or admit that something is true or important | Pattern: acknowledge + noun; acknowledge that + clause | Example: Although the results supported the main conclusion, the authors acknowledged the limitations of their study. | Pronunciation: IPA (stress shown separately): /æknɑlɪdʒ/ Stress syllable 2 of 3. Use /dʒ/ “j,” as in job. Keep /ɪ/ short and relaxed, as in sit. Keep the final /dʒ/ audible.
acquisition	the process of getting something | Pattern: acquisition of + noun | Example: Vocabulary acquisition requires repeated exposure and active use, so the team could interpret the evidence with less uncertainty. | Pronunciation: IPA (stress shown separately): /ækwəzɪʃən/ Stress syllable 3 of 4. Use a clear /ʃ/ “sh” sound. For /w/, round the lips; do not touch the teeth. Keep /ɪ/ short and relaxed, as in sit. Keep the final /n/ audible.
adaptation	modification to suit new conditions or environment | Pattern: adaptation to/of + noun | Example: The film is an adaptation of a well-known novel, which gave the people involved a clearer basis for the next step. | Pronunciation: IPA (stress shown separately): /ædəpteɪʃən/ Stress syllable 3 of 4. Use a clear /ʃ/ “sh” sound. Keep the final /n/ audible.
adequate	enough or barely enough | Pattern: adequate + noun; be adequate for + noun | Example: The evidence was adequate for a preliminary decision but not a final conclusion, so the team could interpret the evidence with less uncertainty. | Pronunciation: IPA (stress shown separately): /ædəkwət/ Stress syllable 1 of 3. For /w/, round the lips; do not touch the teeth. Keep the final /t/ audible.
adjacent	next to, near, or touching | Pattern: adjacent + noun; be adjacent to + noun | Example: The science laboratory is adjacent to the preparation room, so the team could interpret the evidence with less uncertainty. | Pronunciation: IPA (stress shown separately): /ədʒeɪsənt/ Stress syllable 2 of 3. Use /dʒ/ “j,” as in job. Keep the final /t/ audible.
adjustment	making small changes, or becoming suitable | Pattern: adjustment to + noun | Example: A small adjustment to the schedule solved the conflict, which helped the manager assign the next responsibility accurately. | Pronunciation: IPA (stress shown separately): /ədʒʌstmənt/ Stress syllable 2 of 3. Use /dʒ/ “j,” as in job. Keep the final /t/ audible.
administration	a method of managing the affairs of an organization | Pattern: administration of + organization/program | Example: The school administration approved the revised safety plan, so the class could connect the idea to the next activity. | Pronunciation: IPA (stress shown separately): /ædmɪnɪstreɪʃən/ Stress syllable 4 of 5. Use a clear /ʃ/ “sh” sound. Keep /ɪ/ short and relaxed, as in sit. Keep the final /n/ audible.
adult	people or living things that are fully grown or developed | Pattern: plural noun: adult + plural verb | Example: The survey included both teenagers and adults, so the reader could understand the intended relationship without guessing. | Pronunciation: IPA (stress shown separately): /ædəlt/ Stress syllable 1 of 2. Keep the final /t/ audible.
advocate	to publicly recommend or support something | Pattern: advocate + noun; advocate for + noun | Example: Several teachers advocated a later start time for the school day, which gave the teacher clearer information for the following lesson. | Pronunciation: IPA (stress shown separately): /ædvəkət/ Stress syllable 1 of 3. For /v/, touch the upper teeth to the lower lip; do not replace it with /b/. Keep the final /t/ audible.
affect	to influence or cause something to change | Pattern: affect + noun | Example: Frequent absences can affect a student’s progress, so the class could connect the idea to the next activity. | Pronunciation: IPA (stress shown separately): /əfɛkt/ Stress syllable 2 of 2. Keep the final /t/ audible.
aggregate	the total of all the parts | Pattern: the aggregate of + plural noun | Example: The aggregate represents the total of all individual values, which gave the people involved a clearer basis for the next step. | Pronunciation: IPA (stress shown separately): /æɡrəɡət/ Stress syllable 1 of 3. Keep the final /t/ audible.
aid	to help or support | Pattern: aid + noun; aid in + gerund | Example: The diagram aided students’ understanding of the process, so the class could connect the idea to the next activity. | Pronunciation: IPA (stress shown separately): /eɪd/ Stress syllable 1 of 1. Keep the final /d/ audible.
albeit	although, even though | Pattern: clause/phrase, albeit + adjective/noun phrase | Example: The intervention produced a positive, albeit modest, improvement, which gave the people involved a clearer basis for the next step. | Pronunciation: IPA (stress shown separately): /ɔlbiɪt/ Stress syllable 2 of 3. For /b/, close both lips completely. Keep short /ɪ/ distinct from long /i/. Keep the final /t/ audible.
allocation	a share of something for a specific purpose | Pattern: allocation of + resource; allocation for + purpose | Example: The budget includes an allocation for new laboratory equipment, so decision makers could see how the available resources would support the stated goal. | Pronunciation: IPA (stress shown separately): /æləkeɪʃən/ Stress syllable 3 of 4. Use a clear /ʃ/ “sh” sound. Keep the final /n/ audible.
alter	to change the form or character of something | Pattern: alter + noun | Example: The researchers altered one variable while keeping the others constant. | Pronunciation: IPA (stress shown separately): /ɔltɚ/ Stress syllable 1 of 2.
alternative	something different, or a choice of something else | Pattern: an alternative to + noun | Example: The committee considered a less expensive alternative, so the group could make the next decision with clearer information. | Pronunciation: IPA (stress shown separately): /ɔltɝnətɪv/ Stress syllable 2 of 4. For /v/, touch the upper teeth to the lower lip; do not replace it with /b/. Keep /ɪ/ short and relaxed, as in sit. Keep the final /v/ audible.
ambiguous	not clear, or having two or more possible interpretations | Pattern: ambiguous + noun; be ambiguous | Example: The survey question was ambiguous, so participants interpreted it differently. | Pronunciation: IPA (stress shown separately): /æmbɪɡjuəs/ Stress syllable 2 of 4. For /b/, close both lips completely. Keep /ɪ/ short and relaxed, as in sit. Keep the final /s/ audible.
amendment	a change made to the words of a text | Pattern: amendment to + document/law | Example: The board approved an amendment to the original policy, so the people affected could understand the practical consequence. | Pronunciation: IPA (stress shown separately): /əmɛndmənt/ Stress syllable 2 of 3. Keep the final /t/ audible.
analogous	similar or comparable in some ways | Pattern: be analogous to + noun | Example: The flow of current is analogous to the movement of water through a pipe, which gave the people involved a clearer basis for the next step. | Pronunciation: IPA (stress shown separately): /ənæləɡəs/ Stress syllable 2 of 4. Keep the final /s/ audible.
analysis	a detailed investigation of the parts of something | Pattern: analysis of + data/topic | Example: A careful analysis revealed that the apparent improvement was not significant. | Pronunciation: IPA (stress shown separately): /ənæləsəs/ Stress syllable 2 of 4. Keep the final /s/ audible.
annual	happening once a year | Pattern: annual + noun | Example: The annual report summarizes enrollment, staffing, and student outcomes. | Pronunciation: IPA (stress shown separately): /ænjuəl/ Stress syllable 1 of 3. Keep the final /l/ audible.
anticipate	to expect something and prepare for it in advance | Pattern: anticipate + noun; anticipate that + clause | Example: The team anticipated several technical problems before the launch, so the group could make the next decision with clearer information. | Pronunciation: IPA (stress shown separately): /æntɪsəpeɪt/ Stress syllable 2 of 4. Keep /ɪ/ short and relaxed, as in sit. Keep the final /t/ audible.
apparent	able to be understood, or seeming to exist | Pattern: apparent + noun; it is apparent that + clause | Example: The apparent improvement disappeared after the researchers controlled for prior achievement. | Pronunciation: IPA (stress shown separately): /əpɛrənt/ Stress syllable 2 of 3. Keep the final /t/ audible.
appendix	supplementary material at the end of a book | Pattern: appendix to + document | Example: Although the article summarized the survey questions in the methods section, the full questionnaire appears in the appendix. | Pronunciation: IPA (stress shown separately): /əpɛndɪks/ Stress syllable 2 of 3. Keep /ɪ/ short and relaxed, as in sit. Keep the final /s/ audible.
appreciation	recognition of value, or expression of thanks | Pattern: appreciation of/for + noun | Example: The course increased students’ appreciation of scientific reasoning, which gave the teacher clearer information for the following lesson. | Pronunciation: IPA (stress shown separately): /əpriʃieɪʃən/ Stress syllable 4 of 5. Use a clear /ʃ/ “sh” sound. Keep the final /n/ audible.
approach	a way of considering or doing something | Pattern: approach to + noun/gerund | Example: The teacher used a different approach when the first explanation failed. | Pronunciation: IPA (stress shown separately): /əproʊtʃ/ Stress syllable 2 of 2. Use a crisp /tʃ/ “ch” sound. Keep the final /tʃ/ audible.
appropriate	suitable or right for a particular purpose or situation | Pattern: appropriate + noun; be appropriate for + noun | Example: The teacher selected an appropriate example for the students’ grade level, so the class could connect the idea to the next activity. | Pronunciation: IPA (stress shown separately): /əproʊpriət/ Stress syllable 2 of 4. Keep the final /t/ audible.
approximate	to estimate a number or amount rather than calculate it exactly | Pattern: approximate + noun | Example: The students approximated the area before calculating the exact value, so the class could connect the idea to the next activity. | Pronunciation: IPA (stress shown separately): /əprɑksəmət/ Stress syllable 2 of 4. Keep the final /t/ audible.
arbitrary	based on chance rather than reason | Pattern: arbitrary + noun; be arbitrary | Example: The cutoff score seemed arbitrary because the report offered no rationale for it. | Pronunciation: IPA (stress shown separately): /ɑrbətrɛri/ Stress syllable 1 of 4. For /b/, close both lips completely.
area	a subject or specialization, or part of it | Pattern: area of + study/work | Example: Data literacy is an important area of professional development, so the team could interpret the evidence with less uncertainty. | Pronunciation: IPA (stress shown separately): /ɛriə/ Stress syllable 1 of 3.
aspect	the parts of a problem, situation or task | Pattern: aspect of + noun | Example: The report examines the financial and educational aspects of the proposal, so the group could make the next decision with clearer information. | Pronunciation: IPA (stress shown separately): /æspɛkt/ Stress syllable 1 of 2. Keep the final /t/ audible.
assembly	a meeting of a group of people, especially at a school | Pattern: assembly of + people/parts | Example: The principal announced the new policy during the school assembly, so the class could connect the idea to the next activity. | Pronunciation: IPA (stress shown separately): /əsɛmbli/ Stress syllable 2 of 3. For /b/, close both lips completely.
assessment	when you decide the value or quality of something | Pattern: assessment of + skill/program | Example: The formative assessment helped the teacher identify misconceptions, which gave the teacher clearer information for the following lesson. | Pronunciation: IPA (stress shown separately): /əsɛsmənt/ Stress syllable 2 of 3. Keep the final /t/ audible.
assign	to give a person a particular task or role | Pattern: assign + noun + to + person; be assign + noun | Example: Each student was assigned a specific role in the investigation, so the class could connect the idea to the next activity. | Pronunciation: IPA (stress shown separately): /əsaɪn/ Stress syllable 2 of 2. Let /aɪ/ glide smoothly, as in my. Keep the final /n/ audible.
assistance	an act of helping to complete a task | Pattern: assistance with + task; assistance to + person | Example: Students may request technical assistance through the help desk, which gave the teacher clearer information for the following lesson. | Pronunciation: IPA (stress shown separately): /əsɪstəns/ Stress syllable 2 of 3. Keep /ɪ/ short and relaxed, as in sit. Keep the final /s/ audible.
assume	accept something to be true without questioning it | Pattern: assume + noun; assume that + clause | Example: We should not assume that correlation proves causation, so the reader could understand the intended relationship without guessing. | Pronunciation: IPA (stress shown separately): /əsum/ Stress syllable 2 of 2. Keep the final /m/ audible.
assurance	promise or confidence | Pattern: assurance that + clause; assurance of + noun | Example: The vendor gave assurance that the data would remain confidential. | Pronunciation: IPA (stress shown separately): /əʃʊrəns/ Stress syllable 2 of 3. Use a clear /ʃ/ “sh” sound. Keep the final /s/ audible.
attach	to add a file or connect one thing to another | Pattern: attach + noun + to + noun | Example: I attached the revised schedule to the email, so the group could make the next decision with clearer information. | Pronunciation: IPA (stress shown separately): /ətætʃ/ Stress syllable 2 of 2. Use a crisp /tʃ/ “ch” sound. Keep the final /tʃ/ audible.
attain	to achieve something after effort | Pattern: attain + noun | Example: The class attained its performance target by the end of the semester, so the class could connect the idea to the next activity. | Pronunciation: IPA (stress shown separately): /əteɪn/ Stress syllable 2 of 2. Keep the final /n/ audible.
attitude	feelings or opinions about someone or something | Pattern: attitude toward + noun | Example: The survey measured students’ attitudes toward mathematics, which gave the teacher clearer information for the following lesson. | Pronunciation: IPA (stress shown separately): /ætətud/ Stress syllable 1 of 3. Keep the final /d/ audible.
attribute	to identify something as the cause of a result | Pattern: attribute + noun + to + noun | Example: The report attributed the decline to transportation problems, so the audience could understand the intended point without guessing. | Pronunciation: IPA (stress shown separately): /ətrɪbjut/ Stress syllable 2 of 3. For /b/, close both lips completely. Keep /ɪ/ short and relaxed, as in sit. Keep the final /t/ audible.
author	writer | Pattern: author of + book/article | Example: The author supports the claim with evidence from three studies, so the team could interpret the evidence with less uncertainty. | Pronunciation: IPA (stress shown separately): /ɔθɚ/ Stress syllable 1 of 2.
authority	an expert on a subject | Pattern: authority over + group; authority on + topic | Example: She is a recognized authority on bilingual education, so the people affected could understand the practical consequence. | Pronunciation: IPA (stress shown separately): /əθɔrəti/ Stress syllable 2 of 4.
automatically	without need for help, or without thinking | Pattern: automatically + verb | Example: The system automatically saves a backup every five minutes, so the reader could understand the intended relationship without guessing. | Pronunciation: IPA (stress shown separately): /ɔtəmætɪkli/ Stress syllable 3 of 5. Keep short /ɪ/ distinct from long /i/.
available	able to be used | Pattern: be available to/for + noun | Example: The full dataset is available to researchers who complete the request form. | Pronunciation: IPA (stress shown separately): /əveɪləbəl/ Stress syllable 2 of 4. For /v/, touch the upper teeth to the lower lip; do not replace it with /b/. For /b/, close both lips completely. Keep the final /l/ audible.
aware	to have knowledge or be conscious of something | Pattern: be aware of + noun; be aware that + clause | Example: Teachers should be aware of how cultural context can affect communication. | Pronunciation: IPA (stress shown separately): /əwɛr/ Stress syllable 2 of 2. For /w/, round the lips; do not touch the teeth. Keep the final /r/ audible.
behalf	personal interest, benefit or representation | Pattern: on behalf of + person/group | Example: The union representative spoke on behalf of the teachers, which gave the teacher clearer information for the following lesson. | Pronunciation: IPA (stress shown separately): /bɪhæf/ Stress syllable 2 of 2. For /b/, close both lips completely. Keep /ɪ/ short and relaxed, as in sit. Keep the final /f/ audible.
benefit	an advantage or good effect | Pattern: benefit of + noun; benefit to + person | Example: One benefit of the new system is faster access to results, which gave the reviewers a clearer basis for evaluating the conclusion. | Pronunciation: IPA (stress shown separately): /bɛnəfɪt/ Stress syllable 1 of 3. For /b/, close both lips completely. Keep /ɪ/ short and relaxed, as in sit. Keep the final /t/ audible.
bias	an unfair preference or a systematic distortion in judgment or data | Pattern: bias toward/against + noun | Example: The researchers redesigned the sample to reduce selection bias, which gave the reviewers a clearer basis for evaluating the conclusion. | Pronunciation: IPA (stress shown separately): /baɪəs/ Stress syllable 1 of 2. For /b/, close both lips completely. Let /aɪ/ glide smoothly, as in my. Keep the final /s/ audible.
bond	a physical link, or a close social connection | Pattern: bond between + nouns | Example: A covalent bond forms when atoms share electrons, which gave the people involved a clearer basis for the next step. | Pronunciation: IPA (stress shown separately): /bɑnd/ Stress syllable 1 of 1. For /b/, close both lips completely. Keep the final /d/ audible.
brief	short in time, or expressed in a few words | Pattern: brief + noun; be brief | Example: The principal gave a brief update before the meeting began. | Pronunciation: IPA (stress shown separately): /brif/ Stress syllable 1 of 1. For /b/, close both lips completely. Keep the final /f/ audible.
bulk	majority, or large size or weight of something | Pattern: the bulk of + noun | Example: The bulk of the funding will support teacher training, which allowed leaders to direct limited resources toward the highest-priority work. | Pronunciation: IPA (stress shown separately): /bʌlk/ Stress syllable 1 of 1. For /b/, close both lips completely. Keep the final /k/ audible.
capable	having the ability or qualities to do something | Pattern: be capable of + noun/gerund | Example: The software is capable of analyzing several thousand records at once, which gave the people involved a clearer basis for the next step. | Pronunciation: IPA (stress shown separately): /keɪpəbəl/ Stress syllable 1 of 3. For /b/, close both lips completely. Keep the final /l/ audible.
capacity	the maximum that can be contained or produced | Pattern: capacity for + noun; capacity to + verb | Example: The laboratory has the capacity to serve twenty-four students safely, which gave the teacher clearer information for the following lesson. | Pronunciation: IPA (stress shown separately): /kəpæsəti/ Stress syllable 2 of 4.
category	the groups by which something is classified | Pattern: category of + noun | Example: The responses were divided into four categories, which gave the teacher clearer information for the following lesson. | Pronunciation: IPA (stress shown separately): /kætəɡɔri/ Stress syllable 1 of 4.
cease	to stop happening or stop doing something | Pattern: cease + noun; cease to + verb | Example: The alarm ceases when the sensor returns to its normal range. | Pronunciation: IPA (stress shown separately): /sis/ Stress syllable 1 of 1. Keep the final /s/ audible.
challenge	something needing effort in order to be done well | Pattern: challenge for + person; challenge of + gerund | Example: Transportation remains a major challenge for rural students, which gave the teacher clearer information for the following lesson. | Pronunciation: IPA (stress shown separately): /tʃæləndʒ/ Stress syllable 1 of 2. Use a crisp /tʃ/ “ch” sound. Use /dʒ/ “j,” as in job. Keep the final /dʒ/ audible.
channel	a way through which something moves or is transmitted | Pattern: channel for + noun; channel through which | Example: Email is the main communication channel for project updates, so team members knew where to find the latest information and decisions. | Pronunciation: IPA (stress shown separately): /tʃænəl/ Stress syllable 1 of 2. Use a crisp /tʃ/ “ch” sound. Keep the final /l/ audible.
chapter	a part of a book or period of time | Pattern: chapter on + topic; chapter of + book | Example: The next chapter introduces probability and statistical inference, which gave the people involved a clearer basis for the next step. | Pronunciation: IPA (stress shown separately): /tʃæptɚ/ Stress syllable 1 of 2. Use a crisp /tʃ/ “ch” sound.
chart	to watch carefully or record in detail | Pattern: chart + noun | Example: The graph charts changes in enrollment over ten years, so the team could interpret the evidence with less uncertainty. | Pronunciation: IPA (stress shown separately): /tʃɑrt/ Stress syllable 1 of 1. Use a crisp /tʃ/ “ch” sound. Keep the final /t/ audible.
chemical	a substance with a distinct molecular composition | Pattern: chemical used in + process | Example: The label identifies each chemical stored in the cabinet, so the team could interpret the evidence with less uncertainty. | Pronunciation: IPA (stress shown separately): /kɛməkəl/ Stress syllable 1 of 3. Keep the final /l/ audible.
circumstance	the conditions which make a situation the way it is | Pattern: under/in + circumstance | Example: Under these circumstances, delaying the launch was reasonable, which gave the people involved a clearer basis for the next step. | Pronunciation: IPA (stress shown separately): /sɝkəmstæns/ Stress syllable 1 of 3. Keep the final /s/ audible.
cite	to refer to a source or example as evidence | Pattern: cite + noun; cite X as Y | Example: The article cited three studies to support its conclusion, so the team could interpret the evidence with less uncertainty. | Pronunciation: IPA (stress shown separately): /saɪt/ Stress syllable 1 of 1. Let /aɪ/ glide smoothly, as in my. Keep the final /t/ audible.
civil	relating to the ordinary people of a country | Pattern: civil + noun; remain civil | Example: The discussion remained civil even when participants strongly disagreed. | Pronunciation: IPA (stress shown separately): /sɪvəl/ Stress syllable 1 of 2. For /v/, touch the upper teeth to the lower lip; do not replace it with /b/. Keep /ɪ/ short and relaxed, as in sit. Keep the final /l/ audible.
clarity	clearness of expression, thought, sound or image | Pattern: clarity about/of + noun | Example: The editor revised the paragraph for greater clarity, which reduced the chance that readers would misinterpret the message. | Pronunciation: IPA (stress shown separately): /klɛrəti/ Stress syllable 1 of 3.
classical	traditional, or belonging to ancient Rome or Greece | Pattern: classical + noun | Example: The course compares classical theories with more recent explanations, which gave the teacher clearer information for the following lesson. | Pronunciation: IPA (stress shown separately): /klæsɪkəl/ Stress syllable 1 of 3. Keep /ɪ/ short and relaxed, as in sit. Keep the final /l/ audible.
clause	a group of words containing a subject and a verb | Pattern: clause in + document; clause stating that | Example: The contract includes a clause requiring annual safety inspections, so the group could make the next decision with clearer information. | Pronunciation: IPA (stress shown separately): /klɔz/ Stress syllable 1 of 1. Keep the final /z/ audible.
code	a system of rules or symbols used to communicate or control behavior | Pattern: code for + system; code of + rules | Example: The building code requires an emergency exit in every laboratory, which reduced the risk of conflicting instructions during a stressful moment. | Pronunciation: IPA (stress shown separately): /koʊd/ Stress syllable 1 of 1. Keep the final /d/ audible.
coherence	logical consistency, or integration of parts | Pattern: coherence of + text/argument | Example: Clear transitions improved the coherence of the essay, so the reader could understand the intended relationship without guessing. | Pronunciation: IPA (stress shown separately): /koʊhɪrəns/ Stress syllable 2 of 3. Keep /ɪ/ short and relaxed, as in sit. Keep the final /s/ audible.
coincide	to happen at the same time, or be similar | Pattern: coincide with + noun | Example: The increase in attendance coincided with the new bus schedule, so the group could make the next decision with clearer information. | Pronunciation: IPA (stress shown separately): /koʊɪnsaɪd/ Stress syllable 3 of 3. Keep /ɪ/ short and relaxed, as in sit. Let /aɪ/ glide smoothly, as in my. Keep the final /d/ audible.
collapse	fall down or fail suddenly | Pattern: collapse; collapse under + pressure | Example: The unsupported structure collapsed during the stress test, so the team could interpret the evidence with less uncertainty. | Pronunciation: IPA (stress shown separately): /kəlæps/ Stress syllable 2 of 2. Keep the final /s/ audible.
colleague	people who work or study together at the same place | Pattern: colleague in + field; colleague at + workplace | Example: She asked her colleagues for feedback on the lesson plan, which gave the teacher clearer information for the following lesson. | Pronunciation: IPA (stress shown separately): /kɑliɡ/ Stress syllable 1 of 2. Keep the final /ɡ/ audible.
commence	to begin; more formal than start | Pattern: commence + noun; commence at/on + time | Example: The public hearing commenced at 6:00 p.m, so the people affected could understand the practical consequence. | Pronunciation: IPA (stress shown separately): /kəmɛns/ Stress syllable 2 of 2. Keep the final /s/ audible.
comment	spoken or written words to express an opinion | Pattern: comment on/about + noun | Example: Reviewers submitted detailed comments on the draft report, so the audience could understand the intended point without guessing. | Pronunciation: IPA (stress shown separately): /kɑmɛnt/ Stress syllable 1 of 2. Keep the final /t/ audible.
commission	a special group chosen to consider something | Pattern: commission on + topic | Example: A state commission investigated the causes of the failure, so the reader could understand the intended relationship without guessing. | Pronunciation: IPA (stress shown separately): /kəmɪʃən/ Stress syllable 2 of 3. Use a clear /ʃ/ “sh” sound. Keep /ɪ/ short and relaxed, as in sit. Keep the final /n/ audible.
commitment	willingness to spend time or energy on something | Pattern: commitment to + noun/gerund | Example: The project requires a long-term commitment from every partner, so the group could make the next decision with clearer information. | Pronunciation: IPA (stress shown separately): /kəmɪtmənt/ Stress syllable 2 of 3. Keep /ɪ/ short and relaxed, as in sit. Keep the final /t/ audible.
commodity	something that can be bought or sold | Pattern: commodity market; commodity used for | Example: Electricity is traded as a commodity in many markets, so the reader could understand the intended relationship without guessing. | Pronunciation: IPA (stress shown separately): /kəmɑdəti/ Stress syllable 2 of 4.
communication	the way living things send messages to each other | Pattern: communication with/between + people | Example: Clear communication prevented confusion during the emergency, so staff members could respond quickly and consistently. | Pronunciation: IPA (stress shown separately): /kəmjunəkeɪʃən/ Stress syllable 4 of 5. Use a clear /ʃ/ “sh” sound. Keep the final /n/ audible.
community	a social group of people who live in a particular area | Pattern: community of + people; community in + place | Example: The school invited the local community to review the proposal, which gave the teacher clearer information for the following lesson. | Pronunciation: IPA (stress shown separately): /kəmjunəti/ Stress syllable 2 of 4.
compensation	money received for the loss or damage of something | Pattern: compensation for + loss/work | Example: Employees received compensation for the additional hours they worked, so the group could make the next decision with clearer information. | Pronunciation: IPA (stress shown separately): /kɑmpənseɪʃən/ Stress syllable 3 of 4. Use a clear /ʃ/ “sh” sound. Keep the final /n/ audible.
compile	to collect and organize information from several sources | Pattern: compile + noun + from + sources | Example: The analyst compiled the results from all twelve schools, so the team could interpret the evidence with less uncertainty. | Pronunciation: IPA (stress shown separately): /kəmpaɪl/ Stress syllable 2 of 2. Let /aɪ/ glide smoothly, as in my. Keep the final /l/ audible.
complement	to make better when combined | Pattern: complement + noun | Example: Although each resource was useful on its own, the visual model complements the written explanation. | Pronunciation: IPA (stress shown separately): /kɑmpləmənt/ Stress syllable 1 of 3. Keep the final /t/ audible.
complex	difficult to understand because of its many parts | Pattern: complex + noun; be complex | Example: The problem is complex because several variables interact at the same time. | Pronunciation: IPA (stress shown separately): /kɑmplɛks/ Stress syllable 1 of 2. Keep the final /s/ audible.
component	all the individual parts of a system or thing | Pattern: component of + system | Example: The diagram labels the main components of the electrical circuit, so the team could interpret the evidence with less uncertainty. | Pronunciation: IPA (stress shown separately): /kəmpoʊnənt/ Stress syllable 2 of 3. Keep the final /t/ audible.
compound	substances made up of two or more elements | Pattern: compound of + elements | Example: Although the material appeared uniform to the naked eye, students compared compounds formed from different elements. | Pronunciation: IPA (stress shown separately): /kɑmpaʊnd/ Stress syllable 1 of 2. Keep the final /d/ audible.
comprehensive	including many things or everything that is necessary | Pattern: comprehensive + noun; be comprehensive | Example: The final report provides a comprehensive review of the available evidence, which gave the reviewers a clearer basis for evaluating the conclusion. | Pronunciation: IPA (stress shown separately): /kɑmprihɛnsɪv/ Stress syllable 3 of 4. For /v/, touch the upper teeth to the lower lip; do not replace it with /b/. Keep short /ɪ/ distinct from long /i/. Keep the final /v/ audible.
comprise	to include or consist of | Pattern: whole + comprises + parts | Example: The committee comprises teachers, families, and community partners, so the class could connect the idea to the next activity. | Pronunciation: IPA (stress shown separately): /kəmpraɪz/ Stress syllable 2 of 2. Let /aɪ/ glide smoothly, as in my. Keep the final /z/ audible.
computer	a machine which performs calculations automatically | Pattern: computer used for + task | Example: The computer processed the data in a few seconds, which gave the reviewers a clearer basis for evaluating the conclusion. | Pronunciation: IPA (stress shown separately): /kəmpjutɚ/ Stress syllable 2 of 3.
conceive	to develop or imagine an idea or plan | Pattern: conceive + noun; be conceive as + noun | Example: The program was conceived as a partnership between schools and employers, which gave the people involved a clearer basis for the next step. | Pronunciation: IPA (stress shown separately): /kənsiv/ Stress syllable 2 of 2. For /v/, touch the upper teeth to the lower lip; do not replace it with /b/. Keep the final /v/ audible.
concentration	the ability to think or focus carefully about one thing | Pattern: concentration on + task; concentration of + substance | Example: Noise in the hallway affected students’ concentration, so the class could connect the idea to the next activity. | Pronunciation: IPA (stress shown separately): /kɑnsəntreɪʃən/ Stress syllable 3 of 4. Use a clear /ʃ/ “sh” sound. Keep the final /n/ audible.
concept	an abstract or general idea | Pattern: concept of + noun | Example: Students understood the concept after building a physical model, which gave the teacher clearer information for the following lesson. | Pronunciation: IPA (stress shown separately): /kɑnsɛpt/ Stress syllable 1 of 2. Keep the final /t/ audible.
conclusion	an opinion one reaches after careful consideration | Pattern: conclusion that + clause; conclusion from + evidence | Example: The evidence supports a cautious conclusion rather than a definite claim, so the team could interpret the evidence with less uncertainty. | Pronunciation: IPA (stress shown separately): /kənkluʒən/ Stress syllable 2 of 3. Use /ʒ/ “zh,” as in measure. Keep the final /n/ audible.
concurrent	occurring during the same time period, even if the events are not perfectly synchronized | Pattern: concurrent + noun; be concurrent with + noun | Example: The district ran two concurrent pilot programs during the spring semester, so the class could connect the idea to the next activity. | Pronunciation: IPA (stress shown separately): /kənkɝənt/ Stress syllable 2 of 3. Keep the final /t/ audible.
conduct	to organize and perform a specific task | Pattern: conduct + noun | Example: The students conducted three trials under the same conditions, so the class could connect the idea to the next activity. | Pronunciation: IPA (stress shown separately): /kɑndʌkt/ Stress syllable 2 of 2. Keep the final /t/ audible.
conference	a meeting or event with talks about a specific subject | Pattern: conference on + topic | Example: She presented the research at a national education conference, so the team could interpret the evidence with less uncertainty. | Pronunciation: IPA (stress shown separately): /kɑnfɚəns/ Stress syllable 1 of 3. Keep the final /s/ audible.
confine	to limit something to a particular area, group, or topic | Pattern: confine + noun + to + noun; be confine to | Example: The analysis was confined to students who completed both assessments. | Pronunciation: IPA (stress shown separately): /kənfaɪn/ Stress syllable 2 of 2. Let /aɪ/ glide smoothly, as in my. Keep the final /n/ audible.
confirm	to show that information or a result is correct | Pattern: confirm + noun; confirm that + clause | Example: A second measurement confirmed the original result, so the team had stronger evidence before drawing a conclusion. | Pronunciation: IPA (stress shown separately): /kənfɝm/ Stress syllable 2 of 2. Keep the final /m/ audible.
conflict	fighting, or disagreement between people or ideas | Pattern: conflict between + nouns; conflict over + issue | Example: The schedule created a conflict between two required courses, which helped the manager assign the next responsibility accurately. | Pronunciation: IPA (stress shown separately): /kɑnflɪkt/ Stress syllable 1 of 2. Keep /ɪ/ short and relaxed, as in sit. Keep the final /t/ audible.
conformity	agreement in form or opinion, or doing as others do | Pattern: conformity with/to + standard | Example: The audit checked the laboratory’s conformity with safety standards, so the team could interpret the evidence with less uncertainty. | Pronunciation: IPA (stress shown separately): /kənfɔrməti/ Stress syllable 2 of 4.
consent	voluntary agreement or permission | Pattern: consent to + noun/gerund; consent from + person | Example: Researchers obtained written consent before interviewing participants, so the reader could understand the intended relationship without guessing. | Pronunciation: IPA (stress shown separately): /kənsɛnt/ Stress syllable 2 of 2. Keep the final /t/ audible.
consequence	the undesired results of a particular act or situation | Pattern: consequence of/for + noun | Example: The report examines the long-term consequences of the policy, which allowed the board to explain the decision more transparently. | Pronunciation: IPA (stress shown separately): /kɑnsəkwəns/ Stress syllable 1 of 3. For /w/, round the lips; do not touch the teeth. Keep the final /s/ audible.
considerable	large or of noticeable importance | Pattern: considerable + noun | Example: The change required considerable time, training, and financial support. | Pronunciation: IPA (stress shown separately): /kənsɪdɚəbəl/ Stress syllable 2 of 5. For /b/, close both lips completely. Keep /ɪ/ short and relaxed, as in sit. Keep the final /l/ audible.
consistent	in agreement with expectations or other facts | Pattern: consistent + noun; be consistent with + noun | Example: The measurements were consistent across all three trials, which reduced uncertainty about whether the first result was reliable. | Pronunciation: IPA (stress shown separately): /kənsɪstənt/ Stress syllable 2 of 3. Keep /ɪ/ short and relaxed, as in sit. Keep the final /t/ audible.
constant	unchanging, or happening frequently | Pattern: constant + noun; keep/remain constant | Example: The experiment kept temperature constant while pressure changed, so the team could interpret the evidence with less uncertainty. | Pronunciation: IPA (stress shown separately): /kɑnstənt/ Stress syllable 1 of 2. Keep the final /t/ audible.
constitutional	relating to the laws and principles of a government | Pattern: constitutional + noun | Example: The court considered whether the policy raised a constitutional issue. | Pronunciation: IPA (stress shown separately): /kɑnstətuʃənəl/ Stress syllable 3 of 5. Use a clear /ʃ/ “sh” sound. Keep the final /l/ audible.
constraints	conditions that limit the freedom of a system or thing | Pattern: constraints on + noun | Example: Budget constraints limited the number of schools in the pilot, which allowed leaders to direct limited resources toward the highest-priority work. | Pronunciation: IPA (stress shown separately): /kənstreɪnts/ Stress syllable 2 of 2. Keep the final /s/ audible.
construction	the act of building something | Pattern: construction of + structure | Example: Construction of the new science wing began in June, which gave the people involved a clearer basis for the next step. | Pronunciation: IPA (stress shown separately): /kənstrʌkʃən/ Stress syllable 2 of 3. Use a clear /ʃ/ “sh” sound. Keep the final /n/ audible.
consultation	a meeting to discuss something or seek advice | Pattern: consultation with + person; consultation on + issue | Example: The policy was revised after consultation with teachers and families, which gave the teacher clearer information for the following lesson. | Pronunciation: IPA (stress shown separately): /kɑnsəlteɪʃən/ Stress syllable 3 of 4. Use a clear /ʃ/ “sh” sound. Keep the final /n/ audible.
consumer	a person who buys goods or services | Pattern: consumer of + product | Example: The law requires clear information so each consumer can compare prices, which allowed the board to explain the decision more transparently. | Pronunciation: IPA (stress shown separately): /kənsumɚ/ Stress syllable 2 of 3.
contact	communication, or when people or things touch | Pattern: contact with + person; contact between + things | Example: Please provide an emergency contact for each student, so staff members could respond quickly and consistently. | Pronunciation: IPA (stress shown separately): /kɑntækt/ Stress syllable 1 of 2. Keep the final /t/ audible.
contemporary	existing now, or of the same period | Pattern: contemporary + noun | Example: The class examined contemporary debates about privacy and artificial intelligence, so the class could connect the idea to the next activity. | Pronunciation: IPA (stress shown separately): /kəntɛmpɚɛri/ Stress syllable 2 of 5.
context	the situation in which something exists or happens | Pattern: context for + event; context of + statement | Example: The phrase sounds natural in a professional context but formal in casual speech, which gave the people involved a clearer basis for the next step. | Pronunciation: IPA (stress shown separately): /kɑntɛkst/ Stress syllable 1 of 2. Keep the final /t/ audible.
contract	a legal agreement between people or groups | Pattern: contract with + party; contract for + service | Example: The contract specifies the work, payment, and deadline, so the group could make the next decision with clearer information. | Pronunciation: IPA (stress shown separately): /kɑntrækt/ Stress syllable 1 of 2. Keep the final /t/ audible.
contradiction	disagreement or incompatibility of two or more things | Pattern: contradiction between + claims | Example: The second statement creates a contradiction in the argument, so the reader could understand the intended relationship without guessing. | Pronunciation: IPA (stress shown separately): /kɑntrədɪkʃən/ Stress syllable 3 of 4. Use a clear /ʃ/ “sh” sound. Keep /ɪ/ short and relaxed, as in sit. Keep the final /n/ audible.
contrary	not in agreement with, or opposite | Pattern: contrary + noun; be contrary to + noun | Example: Contrary evidence forced the researchers to revise their original explanation, which gave the reviewers a clearer basis for evaluating the conclusion. | Pronunciation: IPA (stress shown separately): /kɑntrɛri/ Stress syllable 1 of 3.
contrast	an obvious difference between two or more things | Pattern: contrast between + nouns; in contrast to + noun | Example: The graph shows a sharp contrast between the two groups, which gave the reviewers a clearer basis for evaluating the conclusion. | Pronunciation: IPA (stress shown separately): /kɑntræst/ Stress syllable 1 of 2. Keep the final /t/ audible.
contribution	money given or part played to achieve a group aim | Pattern: contribution to + project/field | Example: Her contribution improved both the analysis and the final presentation, which gave the reviewers a clearer basis for evaluating the conclusion. | Pronunciation: IPA (stress shown separately): /kɑntrəbjuʃən/ Stress syllable 3 of 4. Use a clear /ʃ/ “sh” sound. For /b/, close both lips completely. Keep the final /n/ audible.
controversy	disagreement or argument about an important topic | Pattern: controversy over/about + issue | Example: The proposal generated controversy because of its cost, which helped the manager assign the next responsibility accurately. | Pronunciation: IPA (stress shown separately): /kɑntrəvɝsi/ Stress syllable 1 of 4. For /v/, touch the upper teeth to the lower lip; do not replace it with /b/.
convention	an accepted way of doing something | Pattern: convention on + topic; convention of + group | Example: The annual convention brings together science teachers from across the state, so the class could connect the idea to the next activity. | Pronunciation: IPA (stress shown separately): /kənvɛnʃən/ Stress syllable 2 of 3. Use a clear /ʃ/ “sh” sound. For /v/, touch the upper teeth to the lower lip; do not replace it with /b/. Keep the final /n/ audible.
conversely	in the opposite way, on the other hand | Pattern: conversely, + clause | Example: Higher temperatures increased the reaction rate; conversely, lower temperatures slowed it. | Pronunciation: IPA (stress shown separately): /kɑnvɚsli/ Stress syllable 1 of 3. For /v/, touch the upper teeth to the lower lip; do not replace it with /b/.
convert	to change something into a different form or format | Pattern: convert + noun + to/into + noun | Example: The technician converted the file to a format the software could read, which gave the people involved a clearer basis for the next step. | Pronunciation: IPA (stress shown separately): /kənvɝt/ Stress syllable 2 of 2. For /v/, touch the upper teeth to the lower lip; do not replace it with /b/. Keep the final /t/ audible.
convince	to persuade someone to believe that something is true | Pattern: convince + person + that + clause | Example: The evidence convinced the board that the pilot should continue. | Pronunciation: IPA (stress shown separately): /kənvɪns/ Stress syllable 2 of 2. For /v/, touch the upper teeth to the lower lip; do not replace it with /b/. Keep /ɪ/ short and relaxed, as in sit. Keep the final /s/ audible.
cooperative	willing to help, or involving joint activity | Pattern: cooperative + noun; be cooperative | Example: The students were cooperative and completed the group task efficiently, so the class could connect the idea to the next activity. | Pronunciation: IPA (stress shown separately): /koʊɑpɚeɪtɪv/ Stress syllable 2 of 5. For /v/, touch the upper teeth to the lower lip; do not replace it with /b/. Keep /ɪ/ short and relaxed, as in sit. Keep the final /v/ audible.
coordination	the organization of people or activities so they work together effectively | Pattern: coordination between/among + groups | Example: The event required close coordination among several departments, so the group could make the next decision with clearer information. | Pronunciation: IPA (stress shown separately): /koʊɔrdəneɪʃən/ Stress syllable 4 of 5. Use a clear /ʃ/ “sh” sound. Keep the final /n/ audible.
core	the central or most important part of a system or thing | Pattern: core of + system/issue | Example: Evidence-based reasoning is at the core of scientific inquiry, which gave the reviewers a clearer basis for evaluating the conclusion. | Pronunciation: IPA (stress shown separately): /kɔr/ Stress syllable 1 of 1. Keep the final /r/ audible.
corporate	relating to a company or other large business organization | Pattern: corporate + noun | Example: The report examines how corporate policies influence employee retention, so the group could make the next decision with clearer information. | Pronunciation: IPA (stress shown separately): /kɔrpɚət/ Stress syllable 1 of 3. Keep the final /t/ audible.
corresponding	similar to or anticipated | Pattern: corresponding + noun; correspond to + noun | Example: Each color on the chart matches a corresponding category in the table, so the team could interpret the evidence with less uncertainty. | Pronunciation: IPA (stress shown separately): /kɔrəspɑndɪŋ/ Stress syllable 3 of 4. Keep /ɪ/ short and relaxed, as in sit. Keep the final /ŋ/ audible.
couple	to link together | Pattern: couple + noun + with + noun | Example: The course couples technical instruction with hands-on practice, which gave the teacher clearer information for the following lesson. | Pronunciation: IPA (stress shown separately): /kʌpəl/ Stress syllable 1 of 2. Keep the final /l/ audible.
create	to make something new or invent something | Pattern: create + noun | Example: The class created a model to explain the movement of energy, which gave the teacher clearer information for the following lesson. | Pronunciation: IPA (stress shown separately): /krieɪt/ Stress syllable 2 of 2. Keep the final /t/ audible.
credit	to recognize a person's contribution to a task | Pattern: credit + noun + to + noun | Example: The principal credited the improvement to consistent teacher collaboration, so the class could connect the idea to the next activity. | Pronunciation: IPA (stress shown separately): /krɛdət/ Stress syllable 1 of 2. Keep the final /t/ audible.
criteria	the rules or guidelines to test or evaluate something | Pattern: criteria for + noun; criteria used to + verb | Example: The committee used the same criteria to evaluate every application, which helped the manager assign the next responsibility accurately. | Pronunciation: IPA (stress shown separately): /kraɪtɪriə/ Stress syllable 2 of 4. Keep short /ɪ/ distinct from long /i/. Let /aɪ/ glide smoothly, as in my.
crucial	extremely important | Pattern: crucial + noun; be crucial to/for + noun | Example: Although staff members had practiced the procedure during training, clear communication is crucial during an emergency. | Pronunciation: IPA (stress shown separately): /kruʃəl/ Stress syllable 1 of 2. Use a clear /ʃ/ “sh” sound. Keep the final /l/ audible.
cultural	relating to the customs and beliefs of a certain group | Pattern: cultural + noun | Example: The training explains cultural differences in classroom communication, which gave the teacher clearer information for the following lesson. | Pronunciation: IPA (stress shown separately): /kʌltʃɚəl/ Stress syllable 1 of 3. Use a crisp /tʃ/ “ch” sound. Keep the final /l/ audible.
currency	money or acceptance | Pattern: currency of + country | Example: The traveler exchanged U.S. currency for euros at the airport, so the reader could understand the intended relationship without guessing. | Pronunciation: IPA (stress shown separately): /kɝənsi/ Stress syllable 1 of 3.
cycle	a series of events which repeat in a predictable order | Pattern: cycle of + process | Example: The water cycle describes the continuous movement of water through the environment, which gave the people involved a clearer basis for the next step. | Pronunciation: IPA (stress shown separately): /saɪkəl/ Stress syllable 1 of 2. Let /aɪ/ glide smoothly, as in my. Keep the final /l/ audible.
data	information from which conclusions may be drawn | Pattern: data on/about + topic | Example: The data suggest a pattern, but they do not explain its cause. | Pronunciation: IPA (stress shown separately): /deɪtə/ Stress syllable 1 of 2.
debate	a serious discussion involving many people | Pattern: debate over/about + issue | Example: The policy remains the subject of intense public debate, so the people affected could understand the practical consequence. | Pronunciation: IPA (stress shown separately): /dəbeɪt/ Stress syllable 2 of 2. For /b/, close both lips completely. Keep the final /t/ audible.
decade	periods of ten years, or a long time | Pattern: for/over + decade | Example: The city’s population has increased steadily for several decades, which gave the people involved a clearer basis for the next step. | Pronunciation: IPA (stress shown separately): /dɛkeɪd/ Stress syllable 1 of 2. Keep the final /d/ audible.
decline	to become smaller, weaker, or less successful | Pattern: decline; decline + noun | Example: Participation declined after the transportation route changed, so the reader could understand the intended relationship without guessing. | Pronunciation: IPA (stress shown separately): /dɪklaɪn/ Stress syllable 2 of 2. Keep /ɪ/ short and relaxed, as in sit. Let /aɪ/ glide smoothly, as in my. Keep the final /n/ audible.
deduction	the act of finding a logical answer or opinion | Pattern: deduction from + evidence | Example: Her deduction followed logically from the two stated premises, so the reader could understand the intended relationship without guessing. | Pronunciation: IPA (stress shown separately): /dɪdʌkʃən/ Stress syllable 2 of 3. Use a clear /ʃ/ “sh” sound. Keep /ɪ/ short and relaxed, as in sit. Keep the final /n/ audible.
definite	certain or clear | Pattern: definite + noun; be definite | Example: The evidence suggests a trend, but it does not support a definite conclusion. | Pronunciation: IPA (stress shown separately): /dɛfənət/ Stress syllable 1 of 3. Keep the final /t/ audible.
definition	an explanation of a word or phrase | Pattern: definition of + term | Example: The glossary provides a clear definition of each technical term, which helped the manager assign the next responsibility accurately. | Pronunciation: IPA (stress shown separately): /dɛfənɪʃən/ Stress syllable 3 of 4. Use a clear /ʃ/ “sh” sound. Keep /ɪ/ short and relaxed, as in sit. Keep the final /n/ audible.
demonstrate	to show or explain how something works | Pattern: demonstrate + noun; demonstrate that + clause | Example: Students must demonstrate their reasoning, not merely state an answer, which gave the teacher clearer information for the following lesson. | Pronunciation: IPA (stress shown separately): /dɛmənstreɪt/ Stress syllable 1 of 3. Keep the final /t/ audible.
denote	to indicate, or act as a symbol for | Pattern: symbol + denotes + noun | Example: In the formula, the letter r denotes the radius, so the reader could understand the intended relationship without guessing. | Pronunciation: IPA (stress shown separately): /dɪnoʊt/ Stress syllable 2 of 2. Keep /ɪ/ short and relaxed, as in sit. Keep the final /t/ audible.
deny	to refuse, not admit, or say that something is not true | Pattern: deny + noun; deny that + clause | Example: The data do not deny the possibility of another explanation, which gave the reviewers a clearer basis for evaluating the conclusion. | Pronunciation: IPA (stress shown separately): /dɪnaɪ/ Stress syllable 2 of 2. Keep /ɪ/ short and relaxed, as in sit. Let /aɪ/ glide smoothly, as in my.
depression	a prolonged period of very low economic activity | Pattern: depression in + economy; depression among + group | Example: The report discusses the economic depression that followed the financial crisis. | Pronunciation: IPA (stress shown separately): /dɪprɛʃən/ Stress syllable 2 of 3. Use a clear /ʃ/ “sh” sound. Keep /ɪ/ short and relaxed, as in sit. Keep the final /n/ audible.
derive	to obtain or develop something from a particular source | Pattern: derive + noun + from + noun | Example: The estimate was derived from three independent data sources, which gave the reviewers a clearer basis for evaluating the conclusion. | Pronunciation: IPA (stress shown separately): /dɚaɪv/ Stress syllable 2 of 2. For /v/, touch the upper teeth to the lower lip; do not replace it with /b/. Let /aɪ/ glide smoothly, as in my. Keep the final /v/ audible.
design	a plan of something or how its parts are arranged | Pattern: design of/for + object | Example: The bridge design balances strength, cost, and safety, which gave the group enough daylight to complete the route safely. | Pronunciation: IPA (stress shown separately): /dɪzaɪn/ Stress syllable 2 of 2. Keep /ɪ/ short and relaxed, as in sit. Let /aɪ/ glide smoothly, as in my. Keep the final /n/ audible.
despite	without taking notice of or being influenced by | Pattern: despite + noun/gerund | Example: Despite the delay, the team completed the project before the final deadline, which helped the manager assign the next responsibility accurately. | Pronunciation: IPA (stress shown separately): /dɪspaɪt/ Stress syllable 2 of 2. Keep /ɪ/ short and relaxed, as in sit. Let /aɪ/ glide smoothly, as in my. Keep the final /t/ audible.
detect	to notice or discover something, often with a test or instrument | Pattern: detect + noun | Example: The sensor detected a small change in temperature, which gave the people involved a clearer basis for the next step. | Pronunciation: IPA (stress shown separately): /dɪtɛkt/ Stress syllable 2 of 2. Keep /ɪ/ short and relaxed, as in sit. Keep the final /t/ audible.
deviation	difference from the norm or what is usual or expected | Pattern: deviation from + norm/value | Example: The analyst investigated a large deviation from the expected value, which gave the people involved a clearer basis for the next step. | Pronunciation: IPA (stress shown separately): /divieɪʃən/ Stress syllable 3 of 4. Use a clear /ʃ/ “sh” sound. For /v/, touch the upper teeth to the lower lip; do not replace it with /b/. Keep the final /n/ audible.
device	scheme or thing invented for a specific purpose | Pattern: device for + gerund; device used to + verb | Example: The device measures temperature and sends the data wirelessly, which gave the reviewers a clearer basis for evaluating the conclusion. | Pronunciation: IPA (stress shown separately): /dɪvaɪs/ Stress syllable 2 of 2. For /v/, touch the upper teeth to the lower lip; do not replace it with /b/. Keep /ɪ/ short and relaxed, as in sit. Let /aɪ/ glide smoothly, as in my. Keep the final /s/ audible.
devote	to give time, effort, or space to a particular purpose | Pattern: devote + noun + to + noun/gerund | Example: The final section is devoted to the study’s limitations, which gave the reviewers a clearer basis for evaluating the conclusion. | Pronunciation: IPA (stress shown separately): /dɪvoʊt/ Stress syllable 2 of 2. For /v/, touch the upper teeth to the lower lip; do not replace it with /b/. Keep /ɪ/ short and relaxed, as in sit. Keep the final /t/ audible.
differentiation	the process of making something different | Pattern: differentiation between + things | Example: Differentiation allows teachers to adjust support for different learner needs, which gave the teacher clearer information for the following lesson. | Pronunciation: IPA (stress shown separately): /dɪfɚɛnʃieɪʃən/ Stress syllable 5 of 6. Use a clear /ʃ/ “sh” sound. Keep short /ɪ/ distinct from long /i/. Keep the final /n/ audible.
dimension	one measurable aspect or important part of something | Pattern: dimension of + object/problem | Example: The diagram lists the dimensions of the storage container, which gave the people involved a clearer basis for the next step. | Pronunciation: IPA (stress shown separately): /dɪmɛnʃən/ Stress syllable 2 of 3. Use a clear /ʃ/ “sh” sound. Keep /ɪ/ short and relaxed, as in sit. Keep the final /n/ audible.
diminish	to become smaller, weaker, or less important | Pattern: diminish; diminish + noun | Example: Student participation diminished as the discussion became less structured, which gave the teacher clearer information for the following lesson. | Pronunciation: IPA (stress shown separately): /dɪmɪnɪʃ/ Stress syllable 2 of 3. Use a clear /ʃ/ “sh” sound. Keep /ɪ/ short and relaxed, as in sit. Keep the final /ʃ/ audible.
discretion	the freedom or authority to make a judgment in a particular situation | Pattern: discretion to + verb; discretion in + gerund | Example: Managers have some discretion in how they schedule staff. | Pronunciation: IPA (stress shown separately): /dɪskrɛʃən/ Stress syllable 2 of 3. Use a clear /ʃ/ “sh” sound. Keep /ɪ/ short and relaxed, as in sit. Keep the final /n/ audible.
discrimination	biased and unfair treatment of a person or group | Pattern: discrimination against + group | Example: The law prohibits discrimination based on race, sex, or disability, which allowed the board to explain the decision more transparently. | Pronunciation: IPA (stress shown separately): /dɪskrɪməneɪʃən/ Stress syllable 4 of 5. Use a clear /ʃ/ “sh” sound. Keep /ɪ/ short and relaxed, as in sit. Keep the final /n/ audible.
displacement	movement of people or thing away from a place | Pattern: displacement of + people/object | Example: The earthquake caused the displacement of thousands of residents, which allowed the board to explain the decision more transparently. | Pronunciation: IPA (stress shown separately): /dɪspleɪsmənt/ Stress syllable 2 of 3. Keep /ɪ/ short and relaxed, as in sit. Keep the final /t/ audible.
display	show, or arrange something to be seen | Pattern: display + noun | Example: The dashboard displays attendance trends by month and grade level, so the class could connect the idea to the next activity. | Pronunciation: IPA (stress shown separately): /dɪspleɪ/ Stress syllable 2 of 2. Keep /ɪ/ short and relaxed, as in sit.
disposal	the process of getting rid of something | Pattern: disposal of + material | Example: Because the lesson compared substances according to their chemical structure, the laboratory follows strict rules for chemical disposal. | Pronunciation: IPA (stress shown separately): /dɪspoʊzəl/ Stress syllable 2 of 3. Keep /ɪ/ short and relaxed, as in sit. Keep the final /l/ audible.
distinction	a specific difference between two similar things | Pattern: distinction between + nouns | Example: The lesson explains the distinction between correlation and causation, which gave the teacher clearer information for the following lesson. | Pronunciation: IPA (stress shown separately): /dɪstɪŋkʃən/ Stress syllable 2 of 3. Use a clear /ʃ/ “sh” sound. Keep /ɪ/ short and relaxed, as in sit. Keep the final /n/ audible.
distortion	change of shape, or inaccurate description or reporting | Pattern: distortion of + image/information | Example: The graph’s unequal scale created a misleading distortion of the trend, which gave the reviewers a clearer basis for evaluating the conclusion. | Pronunciation: IPA (stress shown separately): /dɪstɔrʃən/ Stress syllable 2 of 3. Use a clear /ʃ/ “sh” sound. Keep /ɪ/ short and relaxed, as in sit. Keep the final /n/ audible.
distribution	the way in which things or people are spread about | Pattern: distribution of + noun; distribution across + groups | Example: The chart shows the distribution of test scores across the class, so the department could see both the typical performance and the wider variation among students. | Pronunciation: IPA (stress shown separately): /dɪstrəbjuʃən/ Stress syllable 3 of 4. Use a clear /ʃ/ “sh” sound. For /b/, close both lips completely. Keep /ɪ/ short and relaxed, as in sit. Keep the final /n/ audible.
diversity	variety of opinions, styles, social groups or living things | Pattern: diversity of/within + group | Example: The committee valued the diversity of experiences represented on the team, which helped the manager assign the next responsibility accurately. | Pronunciation: IPA (stress shown separately): /dɪvɝsɪti/ Stress syllable 2 of 4. For /v/, touch the upper teeth to the lower lip; do not replace it with /b/. Keep short /ɪ/ distinct from long /i/.
document	to record the details of a process or event | Pattern: document + noun | Example: Students documented each step of the experiment in their laboratory notebooks, which gave the teacher clearer information for the following lesson. | Pronunciation: IPA (stress shown separately): /dɑkjəmɛnt/ Stress syllable 1 of 3. Keep the final /t/ audible.
domain	an area of knowledge, activity, or responsibility | Pattern: domain of + knowledge/activity | Example: Statistics belongs to the broader domain of applied mathematics, which gave the people involved a clearer basis for the next step. | Pronunciation: IPA (stress shown separately): /doʊmeɪn/ Stress syllable 2 of 2. Keep the final /n/ audible.
domestic	relating to home or country | Pattern: domestic + noun | Example: The report compares domestic production with imported goods, so the audience could understand the intended point without guessing. | Pronunciation: IPA (stress shown separately): /dəmɛstɪk/ Stress syllable 2 of 3. Keep /ɪ/ short and relaxed, as in sit. Keep the final /k/ audible.
dominant	stronger than others of the same group or type | Pattern: dominant + noun; become dominant | Example: One explanation became dominant even though several alternatives remained possible. | Pronunciation: IPA (stress shown separately): /dɑmənənt/ Stress syllable 1 of 3. Keep the final /t/ audible.
draft	a piece of text or plan which is not in its final form | Pattern: draft of + document | Example: She sent the first draft to her colleagues for feedback, so the group could make the next decision with clearer information. | Pronunciation: IPA (stress shown separately): /dræft/ Stress syllable 1 of 1. Keep the final /t/ audible.
dramatic	exciting, outstanding, or very sudden | Pattern: dramatic + noun | Example: The intervention produced a dramatic increase in course completion, which prompted the school to examine whether the improvement would continue over time. | Pronunciation: IPA (stress shown separately): /drəmætɪk/ Stress syllable 2 of 3. Keep /ɪ/ short and relaxed, as in sit. Keep the final /k/ audible.
duration	period of time that something lasts | Pattern: duration of + event | Example: The duration of the experiment was exactly thirty minutes, which gave the reviewers a clearer basis for evaluating the conclusion. | Pronunciation: IPA (stress shown separately): /dʊreɪʃən/ Stress syllable 1 of 3. Use a clear /ʃ/ “sh” sound. Keep the final /n/ audible.
dynamic	relating to energy, motion, or change | Pattern: dynamic + noun; be dynamic | Example: The classroom is a dynamic environment in which needs can change quickly. | Pronunciation: IPA (stress shown separately): /daɪnæmɪk/ Stress syllable 2 of 3. Keep /ɪ/ short and relaxed, as in sit. Let /aɪ/ glide smoothly, as in my. Keep the final /k/ audible.
economic	relating to money or trade | Pattern: economic + noun | Example: The proposal considers both educational benefits and economic costs, which helped the manager assign the next responsibility accurately. | Pronunciation: IPA (stress shown separately): /ɛkənɑmɪk/ Stress syllable 3 of 4. Keep /ɪ/ short and relaxed, as in sit. Keep the final /k/ audible.
edition	a version or a batch of a publication in a series | Pattern: edition of + book/publication | Example: The revised edition includes a new chapter on data ethics, which gave the reviewers a clearer basis for evaluating the conclusion. | Pronunciation: IPA (stress shown separately): /ədɪʃən/ Stress syllable 2 of 3. Use a clear /ʃ/ “sh” sound. Keep /ɪ/ short and relaxed, as in sit. Keep the final /n/ audible.
element	the basic principles of a subject of study | Pattern: element of + system/argument | Example: The lesson introduces the basic elements of experimental design, which gave the teacher clearer information for the following lesson. | Pronunciation: IPA (stress shown separately): /ɛləmənt/ Stress syllable 1 of 3. Keep the final /t/ audible.
eliminate	to get rid of, remove, or leave out | Pattern: eliminate + noun | Example: The researchers eliminated several alternative explanations, which gave the people involved a clearer basis for the next step. | Pronunciation: IPA (stress shown separately): /ɪlɪməneɪt/ Stress syllable 2 of 4. Keep /ɪ/ short and relaxed, as in sit. Keep the final /t/ audible.
emerge	to become known, visible, or clear | Pattern: emerge; emerge from + noun | Example: A clear pattern emerged after the data were organized by grade level. | Pronunciation: IPA (stress shown separately): /ɪmɝdʒ/ Stress syllable 2 of 2. Use /dʒ/ “j,” as in job. Keep /ɪ/ short and relaxed, as in sit. Keep the final /dʒ/ audible.
emphasis	the importance or special consideration of something | Pattern: emphasis on + noun/gerund | Example: The course places greater emphasis on explaining reasoning, which gave the teacher clearer information for the following lesson. | Pronunciation: IPA (stress shown separately): /ɛmfəsəs/ Stress syllable 1 of 3. Keep the final /s/ audible.
empirical	based on observation or experiment | Pattern: empirical + noun | Example: The claim should be supported by empirical evidence rather than intuition alone, so the team could interpret the evidence with less uncertainty. | Pronunciation: IPA (stress shown separately): /ɛmpɪrɪkəl/ Stress syllable 2 of 4. Keep /ɪ/ short and relaxed, as in sit. Keep the final /l/ audible.
enable	to make something possible, practical or easy to do | Pattern: enable + person + to + verb | Example: The new software enables teachers to review results more quickly, so the class could connect the idea to the next activity. | Pronunciation: IPA (stress shown separately): /ɛneɪbəl/ Stress syllable 2 of 3. For /b/, close both lips completely. Keep the final /l/ audible.
encounter	to experience or meet something unexpectedly | Pattern: encounter + noun | Example: The team encountered an unexpected problem during the final test, so the team could interpret the evidence with less uncertainty. | Pronunciation: IPA (stress shown separately): /ɪnkaʊntɚ/ Stress syllable 2 of 3. Keep /ɪ/ short and relaxed, as in sit.
energy	power or ability to be physically or mentally active | Pattern: energy from/for + source/use | Example: Because the lesson compared substances according to their chemical structure, the battery stores chemical energy, which the system can convert into electrical power. | Pronunciation: IPA (stress shown separately): /ɛnɚdʒi/ Stress syllable 1 of 3. Use /dʒ/ “j,” as in job.
enforcement	to make or force something to happen or be accepted | Pattern: enforcement of + law/rule | Example: Consistent enforcement of the safety rule reduced laboratory accidents, which gave the reviewers a clearer basis for evaluating the conclusion. | Pronunciation: IPA (stress shown separately): /ɛnfɔrsmənt/ Stress syllable 2 of 3. Keep the final /t/ audible.
enhance	to improve the quality, value, or effectiveness of something | Pattern: enhance + noun | Example: The visual model enhanced students’ understanding of the system, which helped readers connect the diagram to the written argument. | Pronunciation: IPA (stress shown separately): /ɛnhæns/ Stress syllable 2 of 2. Keep the final /s/ audible.
enormous	very big | Pattern: enormous + noun | Example: The project generated an enormous amount of data, so the team could interpret the evidence with less uncertainty. | Pronunciation: IPA (stress shown separately): /ɪnɔrməs/ Stress syllable 2 of 3. Keep /ɪ/ short and relaxed, as in sit. Keep the final /s/ audible.
ensure	to make certain that something will happen | Pattern: ensure + noun; ensure that + clause | Example: Double-check the units to ensure that the calculation is accurate. | Pronunciation: IPA (stress shown separately): /ɛnʃʊr/ Stress syllable 2 of 2. Use a clear /ʃ/ “sh” sound. Keep the final /r/ audible.
entity	things, real or abstract, which exist independently | Pattern: entity in + system; entity that + clause | Example: The database treats students and courses as separate entities, which gave the teacher clearer information for the following lesson. | Pronunciation: IPA (stress shown separately): /ɛntəti/ Stress syllable 1 of 3.
environment	the conditions one lives in and their effects | Pattern: environment for + noun; environment in which | Example: A supportive classroom environment encourages students to ask questions, which gave the teacher clearer information for the following lesson. | Pronunciation: IPA (stress shown separately): /ɪnvaɪrənmənt/ Stress syllable 2 of 4. For /v/, touch the upper teeth to the lower lip; do not replace it with /b/. Keep /ɪ/ short and relaxed, as in sit. Let /aɪ/ glide smoothly, as in my. Keep the final /t/ audible.
equation	a statement showing the equivalence of two things | Pattern: equation for + relationship; equation with + variables | Example: The equation shows the relationship between distance, rate, and time. | Pronunciation: IPA (stress shown separately): /ɪkweɪʒən/ Stress syllable 2 of 3. Use /ʒ/ “zh,” as in measure. For /w/, round the lips; do not touch the teeth. Keep /ɪ/ short and relaxed, as in sit. Keep the final /n/ audible.
equipment	necessary items for a particular activity of purpose | Pattern: equipment for + activity | Example: The laboratory equipment must be inspected before each semester, so the team could interpret the evidence with less uncertainty. | Pronunciation: IPA (stress shown separately): /ɪkwɪpmənt/ Stress syllable 2 of 3. For /w/, round the lips; do not touch the teeth. Keep /ɪ/ short and relaxed, as in sit. Keep the final /t/ audible.
equivalent	being equal to or effectively the same as | Pattern: equivalent + noun; be equivalent to + noun | Example: The two formulas are equivalent under the stated conditions, which gave the reviewers a clearer basis for evaluating the conclusion. | Pronunciation: IPA (stress shown separately): /ɪkwɪvələnt/ Stress syllable 2 of 4. For /v/, touch the upper teeth to the lower lip; do not replace it with /b/. For /w/, round the lips; do not touch the teeth. Keep /ɪ/ short and relaxed, as in sit. Keep the final /t/ audible.
erosion	gradual weakening or damage caused by nature | Pattern: erosion of + material/value | Example: Water erosion gradually removed soil from the hillside, which gave the reviewers a clearer basis for evaluating the conclusion. | Pronunciation: IPA (stress shown separately): /ɪroʊʒən/ Stress syllable 2 of 3. Use /ʒ/ “zh,” as in measure. Keep /ɪ/ short and relaxed, as in sit. Keep the final /n/ audible.
error	mistake or wrong decision | Pattern: error in + calculation; error of + amount | Example: A rounding error changed the final result slightly, which gave the reviewers a clearer basis for evaluating the conclusion. | Pronunciation: IPA (stress shown separately): /ɛrɚ/ Stress syllable 1 of 2.
establish	to create, set, or demonstrate something clearly | Pattern: establish + noun; establish that + clause | Example: The pilot study established a baseline for future comparisons, so the team could interpret the evidence with less uncertainty. | Pronunciation: IPA (stress shown separately): /ɪstæblɪʃ/ Stress syllable 2 of 3. Use a clear /ʃ/ “sh” sound. For /b/, close both lips completely. Keep /ɪ/ short and relaxed, as in sit. Keep the final /ʃ/ audible.
estate	all of a person's property or wealth | Pattern: estate of + person | Example: The will explains how the estate will be divided among the heirs, which gave the people involved a clearer basis for the next step. | Pronunciation: IPA (stress shown separately): /ɪsteɪt/ Stress syllable 2 of 2. Keep /ɪ/ short and relaxed, as in sit. Keep the final /t/ audible.
estimate	a guess of the size, number or amount of something | Pattern: estimate of + amount | Example: The initial estimate was lower than the actual project cost, so the group could make the next decision with clearer information. | Pronunciation: IPA (stress shown separately): /ɛstəmət/ Stress syllable 1 of 3. Keep the final /t/ audible.
ethical	morally right | Pattern: ethical + noun; be ethical | Example: Researchers must address ethical concerns before collecting personal data, which gave the reviewers a clearer basis for evaluating the conclusion. | Pronunciation: IPA (stress shown separately): /ɛθɪkəl/ Stress syllable 1 of 3. Keep /ɪ/ short and relaxed, as in sit. Keep the final /l/ audible.
ethnic	of a national, racial, religious or linguistic group | Pattern: ethnic + noun | Example: The survey included participants from several ethnic groups, which gave the people involved a clearer basis for the next step. | Pronunciation: IPA (stress shown separately): /ɛθnɪk/ Stress syllable 1 of 2. Keep /ɪ/ short and relaxed, as in sit. Keep the final /k/ audible.
evaluation	judgment of the value or quality of something | Pattern: evaluation of + program/performance | Example: The evaluation found that the program improved attendance but not test scores. | Pronunciation: IPA (stress shown separately): /ɪvæljueɪʃən/ Stress syllable 4 of 5. Use a clear /ʃ/ “sh” sound. For /v/, touch the upper teeth to the lower lip; do not replace it with /b/. Keep /ɪ/ short and relaxed, as in sit. Keep the final /n/ audible.
eventually	finally, or ultimately | Pattern: eventually + verb | Example: After several revisions, the team eventually reached an agreement. | Pronunciation: IPA (stress shown separately): /ɪvɛntʃəwəli/ Stress syllable 2 of 5. Use a crisp /tʃ/ “ch” sound. For /v/, touch the upper teeth to the lower lip; do not replace it with /b/. For /w/, round the lips; do not touch the teeth. Keep short /ɪ/ distinct from long /i/.
evidence	one or more reasons for believing something | Pattern: evidence of/for + noun; evidence that + clause | Example: The committee requested stronger evidence before changing the policy, so the people affected could understand the practical consequence. | Pronunciation: IPA (stress shown separately): /ɛvədəns/ Stress syllable 1 of 3. For /v/, touch the upper teeth to the lower lip; do not replace it with /b/. Keep the final /s/ audible.
evolution	a gradual process of development or change | Pattern: evolution of + system/idea | Example: The course examines the evolution of scientific ideas over time, which gave the teacher clearer information for the following lesson. | Pronunciation: IPA (stress shown separately): /ɛvəluʃən/ Stress syllable 3 of 4. Use a clear /ʃ/ “sh” sound. For /v/, touch the upper teeth to the lower lip; do not replace it with /b/. Keep the final /n/ audible.
exceed	to be more than a number, amount or allowed limit | Pattern: exceed + noun | Example: Actual costs may exceed the original estimate, which gave the people involved a clearer basis for the next step. | Pronunciation: IPA (stress shown separately): /ɪksid/ Stress syllable 2 of 2. Keep short /ɪ/ distinct from long /i/. Keep the final /d/ audible.
exclude	to deliberately leave something or someone out | Pattern: exclude + noun + from + noun | Example: Incomplete surveys were excluded from the final analysis, so the team could interpret the evidence with less uncertainty. | Pronunciation: IPA (stress shown separately): /ɪksklud/ Stress syllable 2 of 2. Keep /ɪ/ short and relaxed, as in sit. Keep the final /d/ audible.
exhibit	to show. display or reveal | Pattern: exhibit + noun | Example: The material exhibits different properties at high temperatures, which gave the people involved a clearer basis for the next step. | Pronunciation: IPA (stress shown separately): /ɪɡzɪbɪt/ Stress syllable 2 of 3. For /b/, close both lips completely. Keep /ɪ/ short and relaxed, as in sit. Keep the final /t/ audible.
expansion	an increase in size of something | Pattern: expansion of/into + noun | Example: The district approved the expansion of the career-technical program, which gave the teacher clearer information for the following lesson. | Pronunciation: IPA (stress shown separately): /ɪkspænʃən/ Stress syllable 2 of 3. Use a clear /ʃ/ “sh” sound. Keep /ɪ/ short and relaxed, as in sit. Keep the final /n/ audible.
expert	a person with great skill or knowledge of a subject | Pattern: expert in/on + field | Example: The school consulted an expert in laboratory safety, so the class could connect the idea to the next activity. | Pronunciation: IPA (stress shown separately): /ɛkspɚt/ Stress syllable 1 of 2. Keep the final /t/ audible.
explicit	clear and detailed, not implicit | Pattern: explicit + noun; be explicit about + noun | Example: The instructions were explicit about the required format and deadline, so the group could make the next decision with clearer information. | Pronunciation: IPA (stress shown separately): /ɪksplɪsət/ Stress syllable 2 of 3. Keep /ɪ/ short and relaxed, as in sit. Keep the final /t/ audible.
exploitation	good use of resources, or unfair use of people | Pattern: exploitation of + people/resources | Example: The policy aims to prevent the exploitation of temporary workers, which allowed the board to explain the decision more transparently. | Pronunciation: IPA (stress shown separately): /ɛksplɔɪteɪʃən/ Stress syllable 3 of 4. Use a clear /ʃ/ “sh” sound. Keep the final /n/ audible.
export	to send goods to another country | Pattern: export + noun + to/as + format | Example: The teacher exported the grade report as a spreadsheet, so the class could connect the idea to the next activity. | Pronunciation: IPA (stress shown separately): /ɛkspɔrt/ Stress syllable 1 of 2. Keep the final /t/ audible.
exposure	being affected by something in a particular place | Pattern: exposure to + noun | Example: Repeated exposure to new vocabulary improves recognition but not necessarily recall, which gave the reviewers a clearer basis for evaluating the conclusion. | Pronunciation: IPA (stress shown separately): /ɪkspoʊʒɚ/ Stress syllable 2 of 3. Use /ʒ/ “zh,” as in measure. Keep /ɪ/ short and relaxed, as in sit.
external	relating to or existing outside | Pattern: external + noun | Example: External funding allowed the school to purchase new laboratory equipment, which allowed leaders to direct limited resources toward the highest-priority work. | Pronunciation: IPA (stress shown separately): /ɪkstɝnəl/ Stress syllable 2 of 3. Keep /ɪ/ short and relaxed, as in sit. Keep the final /l/ audible.
extract	to get from source, pull out, or get by force | Pattern: extract + noun + from + noun | Example: Students extracted the relevant values from the table, so the class could connect the idea to the next activity. | Pronunciation: IPA (stress shown separately): /ɪkstrækt/ Stress syllable 2 of 2. Keep /ɪ/ short and relaxed, as in sit. Keep the final /t/ audible.
facilitate	to make something easy or easier to do | Pattern: facilitate + noun | Example: Clear sentence frames can facilitate productive classroom discussion, so the class could connect the idea to the next activity. | Pronunciation: IPA (stress shown separately): /fəsɪləteɪt/ Stress syllable 2 of 4. Keep /ɪ/ short and relaxed, as in sit. Keep the final /t/ audible.
factor	facts which contribute to the result of something | Pattern: factor affecting + noun; factor that + clause | Example: Several factors contributed to the decline in attendance, so the team could interpret the evidence with less uncertainty. | Pronunciation: IPA (stress shown separately): /fæktɚ/ Stress syllable 1 of 2.
feature	the important or typical parts of something | Pattern: feature of + product/system | Example: The software’s accessibility features support users with visual impairments, which gave the people involved a clearer basis for the next step. | Pronunciation: IPA (stress shown separately): /fitʃɚ/ Stress syllable 1 of 2. Use a crisp /tʃ/ “ch” sound.
federal	relating to a central government | Pattern: federal + noun | Example: Federal regulations require schools to protect certain student records, which gave the teacher clearer information for the following lesson. | Pronunciation: IPA (stress shown separately): /fɛdɚəl/ Stress syllable 1 of 3. Keep the final /l/ audible.
fee	an amount of money paid for a piece of work or service | Pattern: fee for + service | Example: Students may request a waiver of application fees, which gave the teacher clearer information for the following lesson. | Pronunciation: IPA (stress shown separately): /fi/ Stress syllable 1 of 1.
file	to store in order or record officially | Pattern: file + noun + with + organization | Example: The organization filed the required report before the deadline, so the group could make the next decision with clearer information. | Pronunciation: IPA (stress shown separately): /faɪl/ Stress syllable 1 of 1. Let /aɪ/ glide smoothly, as in my. Keep the final /l/ audible.
final	last | Pattern: final + noun | Example: The committee will make a final decision after the public comment period, so the people affected could understand the practical consequence. | Pronunciation: IPA (stress shown separately): /faɪnəl/ Stress syllable 1 of 2. Let /aɪ/ glide smoothly, as in my. Keep the final /l/ audible.
financial	relating to the management of money | Pattern: financial + noun | Example: The district reviewed the financial impact before approving the program, so the class could connect the idea to the next activity. | Pronunciation: IPA (stress shown separately): /fənænʃəl/ Stress syllable 2 of 3. Use a clear /ʃ/ “sh” sound. Keep the final /l/ audible.
finite	countable, or having an end or limit | Pattern: finite + noun; be finite | Example: The project has a finite budget and a fixed deadline, so decision makers could see how the available resources would support the stated goal. | Pronunciation: IPA (stress shown separately): /faɪnaɪt/ Stress syllable 1 of 2. Let /aɪ/ glide smoothly, as in my. Keep the final /t/ audible.
flexibility	ability to bend, change or be changed | Pattern: flexibility in + noun; flexibility to + verb | Example: The revised schedule gives teachers more flexibility, which gave the teacher clearer information for the following lesson. | Pronunciation: IPA (stress shown separately): /flɛksəbɪləti/ Stress syllable 3 of 5. For /b/, close both lips completely. Keep short /ɪ/ distinct from long /i/.
fluctuation	irregular variations, or rises and falls | Pattern: fluctuation in + value | Example: Daily fluctuations in temperature affected the measurements, so the team had stronger evidence before drawing a conclusion. | Pronunciation: IPA (stress shown separately): /flʌktʃueɪʃən/ Stress syllable 3 of 4. Use a clear /ʃ/ “sh” sound. Use a crisp /tʃ/ “ch” sound. Keep the final /n/ audible.
focus	the center of interest, activity, or attention | Pattern: focus of + discussion; focus on + topic | Example: The main focus of the meeting was student attendance, which gave the teacher clearer information for the following lesson. | Pronunciation: IPA (stress shown separately): /foʊkəs/ Stress syllable 1 of 2. Keep the final /s/ audible.
format	arrangement, layout or plan | Pattern: format for + document; in + format | Example: Submit the assignment in PDF format, so the class could connect the idea to the next activity. | Pronunciation: IPA (stress shown separately): /fɔrmæt/ Stress syllable 1 of 2. Keep the final /t/ audible.
formula	a standard way of making or doing something | Pattern: formula for + calculation | Example: Students used the formula to calculate the area of the circle, so the class could connect the idea to the next activity. | Pronunciation: IPA (stress shown separately): /fɔrmjələ/ Stress syllable 1 of 3.
forthcoming	happening soon | Pattern: forthcoming + noun; be forthcoming | Example: The forthcoming report will include results from the second year of the study, so the team could interpret the evidence with less uncertainty. | Pronunciation: IPA (stress shown separately): /fɔrθkʌmɪŋ/ Stress syllable 1 of 3. Keep /ɪ/ short and relaxed, as in sit. Keep the final /ŋ/ audible.
foundation	a basic principle or structure on which something is built | Pattern: foundation for/of + noun | Example: Trust is the foundation of an effective partnership, which gave the people involved a clearer basis for the next step. | Pronunciation: IPA (stress shown separately): /faʊndeɪʃən/ Stress syllable 2 of 3. Use a clear /ʃ/ “sh” sound. Keep the final /n/ audible.
found	to establish an organization or institution | Pattern: found + noun; be found by/in | Example: The nonprofit was founded by a group of local educators, which gave the people involved a clearer basis for the next step. | Pronunciation: IPA (stress shown separately): /faʊnd/ Stress syllable 1 of 1. Keep the final /d/ audible.
framework	an outline or basic description of a complex process | Pattern: framework for + noun/gerund | Example: The framework connects learning goals, activities, and assessments, so the class could connect the idea to the next activity. | Pronunciation: IPA (stress shown separately): /freɪmwɝk/ Stress syllable 1 of 2. For /w/, round the lips; do not touch the teeth. Keep the final /k/ audible.
function	the purpose of something, or the duty of a person | Pattern: function of + object; function is to + verb | Example: The function of the sensor is to detect changes in pressure, which gave the people involved a clearer basis for the next step. | Pronunciation: IPA (stress shown separately): /fʌŋkʃən/ Stress syllable 1 of 2. Use a clear /ʃ/ “sh” sound. Keep the final /n/ audible.
fundamental	basic, central, or more important than anything else | Pattern: fundamental + noun; be fundamental to + noun | Example: Measurement is a fundamental part of scientific investigation, which reduced uncertainty about whether the first result was reliable. | Pronunciation: IPA (stress shown separately): /fʌndəmɛntəl/ Stress syllable 3 of 4. Keep the final /l/ audible.
fund	money available for a specific purpose | Pattern: fund for + purpose | Example: The grant provides funds for teacher training and equipment, so decision makers could see how the available resources would support the stated goal. | Pronunciation: IPA (stress shown separately): /fʌnd/ Stress syllable 1 of 1. Keep the final /d/ audible.
furthermore	in addition | Pattern: furthermore, + clause | Example: The proposal is affordable; furthermore, it can be implemented quickly. | Pronunciation: IPA (stress shown separately): /fɝðɚmɔr/ Stress syllable 1 of 3. Keep the final /r/ audible.
gender	condition of being male of female | Pattern: gender of + person; differences by gender | Example: The survey asks participants to report their gender voluntarily, which reduced the chance that readers would misinterpret the message. | Pronunciation: IPA (stress shown separately): /dʒɛndɚ/ Stress syllable 1 of 2. Use /dʒ/ “j,” as in job.
generate	to produce or cause something to exist | Pattern: generate + noun | Example: The simulation generated results that matched the observed pattern. | Pronunciation: IPA (stress shown separately): /dʒɛnɚeɪt/ Stress syllable 1 of 3. Use /dʒ/ “j,” as in job. Keep the final /t/ audible.
generation	the production of energy, data, or another output | Pattern: generation of + people/energy | Example: The current generation of students has grown up with mobile technology, so the class could connect the idea to the next activity. | Pronunciation: IPA (stress shown separately): /dʒɛnɚeɪʃən/ Stress syllable 3 of 4. Use a clear /ʃ/ “sh” sound. Use /dʒ/ “j,” as in job. Keep the final /n/ audible.
global	relating to the whole world | Pattern: global + noun | Example: The lesson connects local water use to global environmental trends, so the class could connect the idea to the next activity. | Pronunciation: IPA (stress shown separately): /ɡloʊbəl/ Stress syllable 1 of 2. For /b/, close both lips completely. Keep the final /l/ audible.
goal	aims, purposes or targets | Pattern: goal for + period; goal of + gerund | Example: The team set measurable goals for the next semester, which helped the manager assign the next responsibility accurately. | Pronunciation: IPA (stress shown separately): /ɡoʊl/ Stress syllable 1 of 1. Keep the final /l/ audible.
grade	to classify things or people by quality, rank or level | Pattern: grade + noun + with/by + standard | Example: The teacher graded the explanations with a common rubric, which made the learning task more accessible while preserving the same academic goal. | Pronunciation: IPA (stress shown separately): /ɡreɪd/ Stress syllable 1 of 1. Keep the final /d/ audible.
grant	to officially give or allow something | Pattern: grant + person + noun; grant + noun + to + person | Example: The committee granted the research team access to the records, which gave the reviewers a clearer basis for evaluating the conclusion. | Pronunciation: IPA (stress shown separately): /ɡrænt/ Stress syllable 1 of 1. Keep the final /t/ audible.
guarantee	to promise or make certain | Pattern: guarantee + noun; guarantee that + clause | Example: A strong correlation does not guarantee a causal relationship, so the reader could understand the intended relationship without guessing. | Pronunciation: IPA (stress shown separately): /ɡɛrənti/ Stress syllable 3 of 3.
guidelines	information to aid or advise people about something | Pattern: guidelines for + noun/gerund | Example: The department issued guidelines for the responsible use of artificial intelligence, which gave employees a shared standard for deciding what uses were acceptable. | Pronunciation: IPA (stress shown separately): /ɡaɪdlaɪnz/ Stress syllable 1 of 2. Let /aɪ/ glide smoothly, as in my. Keep the final /z/ audible.
hence	therefore, this is the reason why | Pattern: hence, + clause; hence + noun | Example: The project cost increased; hence, the team reduced its scope. | Pronunciation: IPA (stress shown separately): /hɛns/ Stress syllable 1 of 1. Keep the final /s/ audible.
hierarchical	classified by rank or grade | Pattern: hierarchical + noun | Example: The organization uses a hierarchical structure with several levels of approval, which gave the teacher clearer information for the following lesson. | Pronunciation: IPA (stress shown separately): /haɪrɑrkəkəl/ Stress syllable 2 of 4. Let /aɪ/ glide smoothly, as in my. Keep the final /l/ audible.
highlight	to emphasize something as especially important | Pattern: highlight + noun; highlight that + clause | Example: The report highlighted three barriers to implementation, so the audience could understand the intended point without guessing. | Pronunciation: IPA (stress shown separately): /haɪlaɪt/ Stress syllable 1 of 2. Let /aɪ/ glide smoothly, as in my. Keep the final /t/ audible.
hypothesis	an idea based on observation but not yet proven | Pattern: hypothesis that + clause; hypothesis about + noun | Example: The class tested the hypothesis by changing one variable at a time, so the class could connect the idea to the next activity. | Pronunciation: IPA (stress shown separately): /haɪpɑθəsəs/ Stress syllable 2 of 4. Let /aɪ/ glide smoothly, as in my. Keep the final /s/ audible.
identical	the same in every way | Pattern: be identical to + noun; identical + noun | Example: The two samples were identical in size and composition, so the reader could understand the intended relationship without guessing. | Pronunciation: IPA (stress shown separately): /aɪdɛntɪkəl/ Stress syllable 2 of 4. Keep /ɪ/ short and relaxed, as in sit. Let /aɪ/ glide smoothly, as in my. Keep the final /l/ audible.
identify	to recognize and name something | Pattern: identify + noun; identify X as Y | Example: The assessment identified several common misconceptions, so the reader could understand the intended relationship without guessing. | Pronunciation: IPA (stress shown separately): /aɪdɛntəfaɪ/ Stress syllable 2 of 4. Let /aɪ/ glide smoothly, as in my.
ideology	system of beliefs or principles | Pattern: ideology of + group; ideology based on + belief | Example: The article examines how political ideology shapes policy preferences, so the people affected could understand the practical consequence. | Pronunciation: IPA (stress shown separately): /aɪdiɑlədʒi/ Stress syllable 3 of 5. Use /dʒ/ “j,” as in job. Let /aɪ/ glide smoothly, as in my.
ignore	to give no attention to something | Pattern: ignore + noun | Example: The first analysis ignored differences in students’ prior preparation, which gave the teacher clearer information for the following lesson. | Pronunciation: IPA (stress shown separately): /ɪɡnɔr/ Stress syllable 2 of 2. Keep /ɪ/ short and relaxed, as in sit. Keep the final /r/ audible.
illustrate	to make an idea clear by using an example or visual | Pattern: illustrate + noun; illustrate how + clause | Example: The case study illustrated how the policy affected one rural school. | Pronunciation: IPA (stress shown separately): /ɪləstreɪt/ Stress syllable 1 of 3. Keep /ɪ/ short and relaxed, as in sit. Keep the final /t/ audible.
image	a picture in the mind or formed by a mirror or lens | Pattern: image of + object; image in + source | Example: The microscope produced a clear image of the cell structure, which gave the people involved a clearer basis for the next step. | Pronunciation: IPA (stress shown separately): /ɪmədʒ/ Stress syllable 1 of 2. Use /dʒ/ “j,” as in job. Keep /ɪ/ short and relaxed, as in sit. Keep the final /dʒ/ audible.
immigration	the act of arriving at a country in order to live there | Pattern: immigration to/from + place | Example: The report analyzes recent changes in immigration patterns, which reduced the chance that readers would misinterpret the message. | Pronunciation: IPA (stress shown separately): /ɪməɡreɪʃən/ Stress syllable 3 of 4. Use a clear /ʃ/ “sh” sound. Keep /ɪ/ short and relaxed, as in sit. Keep the final /n/ audible.
impact	a powerful effect that something has on a situation | Pattern: impact of + noun; impact on + outcome | Example: The evaluation measured the impact of tutoring on course completion, so school leaders could compare the immediate result with the program’s longer-term effect. | Pronunciation: IPA (stress shown separately): /ɪmpækt/ Stress syllable 1 of 2. Keep /ɪ/ short and relaxed, as in sit. Keep the final /t/ audible.
implementation	the realization of a plan, idea or policy | Pattern: implementation of + plan | Example: Successful implementation requires training, resources, and clear responsibilities, so the group could make the next decision with clearer information. | Pronunciation: IPA (stress shown separately): /ɪmpləmɛnteɪʃən/ Stress syllable 4 of 5. Use a clear /ʃ/ “sh” sound. Keep /ɪ/ short and relaxed, as in sit. Keep the final /n/ audible.
implication	the possible consequences an event may bring | Pattern: implication for + field; implication of + finding | Example: The findings have important implications for classroom practice, which gave the teacher clearer information for the following lesson. | Pronunciation: IPA (stress shown separately): /ɪmpləkeɪʃən/ Stress syllable 3 of 4. Use a clear /ʃ/ “sh” sound. Keep /ɪ/ short and relaxed, as in sit. Keep the final /n/ audible.
implicit	understood without being said | Pattern: implicit + noun; be implicit in + noun | Example: The author’s criticism was implicit rather than directly stated, so the audience could understand the intended point without guessing. | Pronunciation: IPA (stress shown separately): /ɪmplɪsət/ Stress syllable 2 of 3. Keep /ɪ/ short and relaxed, as in sit. Keep the final /t/ audible.
imply	to suggest something without stating it directly | Pattern: subject + imply + noun/that-clause | Example: A rising average implies improvement, but it does not prove that every student improved. | Pronunciation: IPA (stress shown separately): /ɪmplaɪ/ Stress syllable 2 of 2. Keep /ɪ/ short and relaxed, as in sit. Let /aɪ/ glide smoothly, as in my.
impose	to force a rule, requirement, or burden on someone | Pattern: impose + noun + on + person/group | Example: The funding agreement imposed strict reporting requirements, so decision makers could see how the available resources would support the stated goal. | Pronunciation: IPA (stress shown separately): /ɪmpoʊz/ Stress syllable 2 of 2. Keep /ɪ/ short and relaxed, as in sit. Keep the final /z/ audible.
incentive	something that encourages or motivates a person to do | Pattern: incentive to + verb; incentive for + noun | Example: The scholarship provides an incentive for students to complete the program, so the class could connect the idea to the next activity. | Pronunciation: IPA (stress shown separately): /ɪnsɛntɪv/ Stress syllable 2 of 3. For /v/, touch the upper teeth to the lower lip; do not replace it with /b/. Keep /ɪ/ short and relaxed, as in sit. Keep the final /v/ audible.
incidence	occurrence or rate of occurrence of something | Pattern: incidence of + condition | Example: The study measured the incidence of respiratory illness among workers, which gave the reviewers a clearer basis for evaluating the conclusion. | Pronunciation: IPA (stress shown separately): /ɪnsədəns/ Stress syllable 1 of 3. Keep /ɪ/ short and relaxed, as in sit. Keep the final /s/ audible.
inclination	slope, or the way a person feels about something | Pattern: inclination to + verb; inclination toward + noun | Example: She had an inclination to accept the proposal, but she requested more evidence first. | Pronunciation: IPA (stress shown separately): /ɪnkləneɪʃən/ Stress syllable 3 of 4. Use a clear /ʃ/ “sh” sound. Keep /ɪ/ short and relaxed, as in sit. Keep the final /n/ audible.
income	money earned by doing work or gained by investing | Pattern: income from + source | Example: The survey compares household income with access to health care, which helped the manager assign the next responsibility accurately. | Pronunciation: IPA (stress shown separately): /ɪnkʌm/ Stress syllable 1 of 2. Keep /ɪ/ short and relaxed, as in sit. Keep the final /m/ audible.
incompatible	unable to exist or work together effectively | Pattern: be incompatible with + noun | Example: The two software versions are incompatible with each other, which gave the reviewers a clearer basis for evaluating the conclusion. | Pronunciation: IPA (stress shown separately): /ɪnkəmpætəbəl/ Stress syllable 3 of 5. For /b/, close both lips completely. Keep /ɪ/ short and relaxed, as in sit. Keep the final /l/ audible.
incorporate	to include something as part of a larger whole | Pattern: incorporate + noun + into + noun | Example: The revised lesson incorporated student feedback and additional examples, which gave the teacher clearer information for the following lesson. | Pronunciation: IPA (stress shown separately): /ɪnkɔrpɚeɪt/ Stress syllable 2 of 4. Keep /ɪ/ short and relaxed, as in sit. Keep the final /t/ audible.
index	a numerical scale or organized reference list | Pattern: index of + items; index for + publication | Example: Use the index to locate every reference to statistical significance, so the reader could understand the intended relationship without guessing. | Pronunciation: IPA (stress shown separately): /ɪndɛks/ Stress syllable 1 of 2. Keep /ɪ/ short and relaxed, as in sit. Keep the final /s/ audible.
indicate	to show, point out, or make clear | Pattern: indicate + noun; indicate that + clause | Example: The results indicate that the intervention may be helping some students. | Pronunciation: IPA (stress shown separately): /ɪndəkeɪt/ Stress syllable 1 of 3. Keep /ɪ/ short and relaxed, as in sit. Keep the final /t/ audible.
individual	a single person or thing when compared to a group | Pattern: individual in + group | Example: Each individual completed the survey independently, which gave the people involved a clearer basis for the next step. | Pronunciation: IPA (stress shown separately): /ɪndəvɪdʒəwəl/ Stress syllable 3 of 5. Use /dʒ/ “j,” as in job. For /v/, touch the upper teeth to the lower lip; do not replace it with /b/. For /w/, round the lips; do not touch the teeth. Keep /ɪ/ short and relaxed, as in sit.
induce	to cause something to happen | Pattern: induce + noun; be induce by + noun | Example: The magnetic field induced a small electric current in the wire, which gave the reviewers a clearer basis for evaluating the conclusion. | Pronunciation: IPA (stress shown separately): /ɪndus/ Stress syllable 2 of 2. Keep /ɪ/ short and relaxed, as in sit. Keep the final /s/ audible.
inevitably	as expected, or in a way that can not be avoided | Pattern: inevitably + verb | Example: Without regular maintenance, the equipment will inevitably fail, so the reader could understand the intended relationship without guessing. | Pronunciation: IPA (stress shown separately): /ɪnɛvətəbli/ Stress syllable 2 of 5. For /v/, touch the upper teeth to the lower lip; do not replace it with /b/. For /b/, close both lips completely. Keep short /ɪ/ distinct from long /i/.
infer	to reach a conclusion from evidence rather than a direct statement | Pattern: infer + noun + from + evidence; infer that | Example: The researchers inferred the likely cause from the pattern in the data, so the team could interpret the evidence with less uncertainty. | Pronunciation: IPA (stress shown separately): /ɪnfɝ/ Stress syllable 2 of 2. Keep /ɪ/ short and relaxed, as in sit.
infrastructure	the basic systems and resources needed for an organization or society to function | Pattern: infrastructure for + system | Example: Reliable digital infrastructure is necessary for online learning, which gave the teacher clearer information for the following lesson. | Pronunciation: IPA (stress shown separately): /ɪnfrəstrʌktʃɚ/ Stress syllable 3 of 4. Use a crisp /tʃ/ “ch” sound. Keep /ɪ/ short and relaxed, as in sit.
inherent	existing as a natural and basic part of something | Pattern: inherent + noun; be inherent in + noun | Example: Some uncertainty is inherent in any prediction about future behavior, so the reader could understand the intended relationship without guessing. | Pronunciation: IPA (stress shown separately): /ɪnhɪrənt/ Stress syllable 2 of 3. Keep /ɪ/ short and relaxed, as in sit. Keep the final /t/ audible.
inhibition	the process of slowing down, restraining, or stopping | Pattern: inhibition of + process; inhibition against + action | Example: Fear of making mistakes can create an inhibition that limits speaking practice. | Pronunciation: IPA (stress shown separately): /ɪnhəbɪʃən/ Stress syllable 3 of 4. Use a clear /ʃ/ “sh” sound. For /b/, close both lips completely. Keep /ɪ/ short and relaxed, as in sit. Keep the final /n/ audible.
initial	existing or occurring at the beginning | Pattern: initial + noun | Example: The initial results were promising, but the sample was too small for a firm conclusion. | Pronunciation: IPA (stress shown separately): /ɪnɪʃəl/ Stress syllable 2 of 3. Use a clear /ʃ/ “sh” sound. Keep /ɪ/ short and relaxed, as in sit. Keep the final /l/ audible.
initiative	introductory steps | Pattern: initiative to + verb; initiative for + goal | Example: The district launched several initiatives to improve graduation rates, which gave the teacher clearer information for the following lesson. | Pronunciation: IPA (stress shown separately): /ɪnɪʃətɪv/ Stress syllable 2 of 4. Use a clear /ʃ/ “sh” sound. For /v/, touch the upper teeth to the lower lip; do not replace it with /b/. Keep /ɪ/ short and relaxed, as in sit. Keep the final /v/ audible.
injury	damage to a person's body after an accident or attack | Pattern: injury to + body part; injury from + cause | Example: The safety procedure reduces the risk of eye injury, so the reader could understand the intended relationship without guessing. | Pronunciation: IPA (stress shown separately): /ɪndʒɚi/ Stress syllable 1 of 3. Use /dʒ/ “j,” as in job. Keep short /ɪ/ distinct from long /i/.
innovation	invention or new idea or way of doing something | Pattern: innovation in + field | Example: The grant supports innovation in STEM teaching, which allowed leaders to direct limited resources toward the highest-priority work. | Pronunciation: IPA (stress shown separately): /ɪnəveɪʃən/ Stress syllable 3 of 4. Use a clear /ʃ/ “sh” sound. For /v/, touch the upper teeth to the lower lip; do not replace it with /b/. Keep /ɪ/ short and relaxed, as in sit. Keep the final /n/ audible.
input	contribution, or something that goes into a process | Pattern: input from + person; input on + issue | Example: The committee requested input from teachers before revising the policy, which gave the teacher clearer information for the following lesson. | Pronunciation: IPA (stress shown separately): /ɪnpʊt/ Stress syllable 1 of 2. Keep /ɪ/ short and relaxed, as in sit. Keep the final /t/ audible.
insert	to put something into something else | Pattern: insert + noun + into + noun | Example: Insert the table after the paragraph that explains the method. | Pronunciation: IPA (stress shown separately): /ɪnsɝt/ Stress syllable 2 of 2. Keep /ɪ/ short and relaxed, as in sit. Keep the final /t/ audible.
insights	discoveries or clear understandings of a complex issue | Pattern: insights into + topic | Example: Student interviews provided insights into why participation declined, which gave the teacher clearer information for the following lesson. | Pronunciation: IPA (stress shown separately): /ɪnsaɪts/ Stress syllable 1 of 2. Keep /ɪ/ short and relaxed, as in sit. Let /aɪ/ glide smoothly, as in my. Keep the final /s/ audible.
inspection	careful or critical viewing or examination | Pattern: inspection of + place/object | Example: A routine inspection found that one emergency exit was blocked. | Pronunciation: IPA (stress shown separately): /ɪnspɛkʃən/ Stress syllable 2 of 3. Use a clear /ʃ/ “sh” sound. Keep /ɪ/ short and relaxed, as in sit. Keep the final /n/ audible.
instance	an occurrence of something | Pattern: instance of + noun | Example: This case is one instance of a broader pattern, so the reader could understand the intended relationship without guessing. | Pronunciation: IPA (stress shown separately): /ɪnstəns/ Stress syllable 1 of 2. Keep /ɪ/ short and relaxed, as in sit. Keep the final /s/ audible.
institute	an organization that does scientific or educational work | Pattern: institute for + field | Example: The research institute studies water use in arid regions, so the team could interpret the evidence with less uncertainty. | Pronunciation: IPA (stress shown separately): /ɪnstətut/ Stress syllable 1 of 3. Keep /ɪ/ short and relaxed, as in sit. Keep the final /t/ audible.
instruction	information about how to do something | Pattern: instruction for + task; instruction to + verb | Example: Read the instructions carefully before starting the experiment, so the team could interpret the evidence with less uncertainty. | Pronunciation: IPA (stress shown separately): /ɪnstrʌkʃən/ Stress syllable 2 of 3. Use a clear /ʃ/ “sh” sound. Keep /ɪ/ short and relaxed, as in sit. Keep the final /n/ audible.
integral	necessary or important to complete a whole | Pattern: integral + noun; be integral to + noun | Example: Regular feedback is integral to the learning process, so the class could connect the idea to the next activity. | Pronunciation: IPA (stress shown separately): /ɪntəɡrəl/ Stress syllable 1 of 3. Keep /ɪ/ short and relaxed, as in sit. Keep the final /l/ audible.
integration	to combine two or more things into a coherent whole | Pattern: integration of + things; integration into + system | Example: The integration of technology into the lesson improved access to data, so the class could connect the idea to the next activity. | Pronunciation: IPA (stress shown separately): /ɪntəɡreɪʃən/ Stress syllable 3 of 4. Use a clear /ʃ/ “sh” sound. Keep /ɪ/ short and relaxed, as in sit. Keep the final /n/ audible.
integrity	honesty and strong ethical principles | Pattern: integrity of + person/system | Example: Researchers must protect the integrity of the data, so the team could interpret the evidence with less uncertainty. | Pronunciation: IPA (stress shown separately): /ɪntɛɡrəti/ Stress syllable 2 of 4. Keep short /ɪ/ distinct from long /i/.
intelligence	capacity to acquire and apply knowledge | Pattern: intelligence in + domain | Example: The discussion distinguishes intelligence from prior knowledge and test-taking skill, which gave the reviewers a clearer basis for evaluating the conclusion. | Pronunciation: IPA (stress shown separately): /ɪntɛlədʒəns/ Stress syllable 2 of 4. Use /dʒ/ “j,” as in job. Keep /ɪ/ short and relaxed, as in sit. Keep the final /s/ audible.
intensity	strength of concentration of something | Pattern: intensity of + force/feeling | Example: The intensity of the light decreased as the distance increased, so the reader could understand the intended relationship without guessing. | Pronunciation: IPA (stress shown separately): /ɪntɛnsəti/ Stress syllable 2 of 4. Keep short /ɪ/ distinct from long /i/.
interaction	communication, or the action of things on each other | Pattern: interaction between/among + people/things | Example: Small-group interaction gave every student a chance to speak, so the teacher could hear ideas from students who rarely volunteered in a large group. | Pronunciation: IPA (stress shown separately): /ɪntɚækʃən/ Stress syllable 3 of 4. Use a clear /ʃ/ “sh” sound. Keep /ɪ/ short and relaxed, as in sit. Keep the final /n/ audible.
intermediate	between two extremes or in the middle | Pattern: intermediate + noun | Example: The course is designed for students at an intermediate level, so the class could connect the idea to the next activity. | Pronunciation: IPA (stress shown separately): /ɪntɚmidiɪt/ Stress syllable 3 of 5. Keep short /ɪ/ distinct from long /i/. Keep the final /t/ audible.
internal	relating to or existing inside | Pattern: internal + noun | Example: An internal review identified several weaknesses in the procedure, which gave the people involved a clearer basis for the next step. | Pronunciation: IPA (stress shown separately): /ɪntɝnəl/ Stress syllable 2 of 3. Keep /ɪ/ short and relaxed, as in sit. Keep the final /l/ audible.
interpretation	an explanation or opinion of what something means | Pattern: interpretation of + evidence/text | Example: The authors offered a cautious interpretation of the results, which gave the reviewers a clearer basis for evaluating the conclusion. | Pronunciation: IPA (stress shown separately): /ɪntɝprɪteɪʃən/ Stress syllable 4 of 5. Use a clear /ʃ/ “sh” sound. Keep /ɪ/ short and relaxed, as in sit. Keep the final /n/ audible.
interval	a short period of time between one event and the next | Pattern: interval between + events; at + intervals | Example: The sensor recorded temperature at ten-second intervals, which gave the people involved a clearer basis for the next step. | Pronunciation: IPA (stress shown separately): /ɪntɚvəl/ Stress syllable 1 of 3. For /v/, touch the upper teeth to the lower lip; do not replace it with /b/. Keep /ɪ/ short and relaxed, as in sit. Keep the final /l/ audible.
intervention	become involved in a situation in order to improve it | Pattern: intervention for + problem; intervention in + situation | Example: The reading intervention provided extra support to students who were behind. | Pronunciation: IPA (stress shown separately): /ɪntɚvɛnʃən/ Stress syllable 3 of 4. Use a clear /ʃ/ “sh” sound. For /v/, touch the upper teeth to the lower lip; do not replace it with /b/. Keep /ɪ/ short and relaxed, as in sit. Keep the final /n/ audible.
intrinsic	basic and essential, or by itself | Pattern: intrinsic + noun; be intrinsic to + noun | Example: Curiosity can provide intrinsic motivation for learning, so the class could connect the idea to the next activity. | Pronunciation: IPA (stress shown separately): /ɪntrɪnsɪk/ Stress syllable 2 of 3. Keep /ɪ/ short and relaxed, as in sit. Keep the final /k/ audible.
investigation	a detailed study of examination of a problem or crime | Pattern: investigation into/of + issue | Example: The investigation identified the source of the data error, so the team could interpret the evidence with less uncertainty. | Pronunciation: IPA (stress shown separately): /ɪnvɛstəɡeɪʃən/ Stress syllable 4 of 5. Use a clear /ʃ/ “sh” sound. For /v/, touch the upper teeth to the lower lip; do not replace it with /b/. Keep /ɪ/ short and relaxed, as in sit. Keep the final /n/ audible.
investment	the act of spending time or money in pursuit of gain | Pattern: investment in + program/resource | Example: The district views teacher training as a long-term investment, which gave the teacher clearer information for the following lesson. | Pronunciation: IPA (stress shown separately): /ɪnvɛstmənt/ Stress syllable 2 of 3. For /v/, touch the upper teeth to the lower lip; do not replace it with /b/. Keep /ɪ/ short and relaxed, as in sit. Keep the final /t/ audible.
invoke	to use a law, rule, principle, or authority | Pattern: invoke + noun | Example: The agency invoked an emergency rule during the public health crisis, so staff members could respond quickly and consistently. | Pronunciation: IPA (stress shown separately): /ɪnvoʊk/ Stress syllable 2 of 2. For /v/, touch the upper teeth to the lower lip; do not replace it with /b/. Keep /ɪ/ short and relaxed, as in sit. Keep the final /k/ audible.
involve	to include someone or something as a necessary part | Pattern: involve + noun; involve + gerund | Example: The project involved students from four different schools, so the class could connect the idea to the next activity. | Pronunciation: IPA (stress shown separately): /ɪnvɑlv/ Stress syllable 2 of 2. For /v/, touch the upper teeth to the lower lip; do not replace it with /b/. Keep /ɪ/ short and relaxed, as in sit. Keep the final /v/ audible.
isolate	to separate something so it can be examined or controlled | Pattern: isolate + noun + from + noun | Example: The team isolated the faulty component by testing each part separately, which helped the manager assign the next responsibility accurately. | Pronunciation: IPA (stress shown separately): /aɪsəleɪt/ Stress syllable 1 of 3. Let /aɪ/ glide smoothly, as in my. Keep the final /t/ audible.
issue	problems that people are thinking or talking about | Pattern: issue related to + topic | Example: The meeting addressed several issues related to student privacy, so the class could connect the idea to the next activity. | Pronunciation: IPA (stress shown separately): /ɪʃu/ Stress syllable 1 of 2. Use a clear /ʃ/ “sh” sound. Keep /ɪ/ short and relaxed, as in sit.
item	the things which are part of a list or group | Pattern: item on + list; item in + category | Example: Although most of the preparation was already complete, the checklist contains twelve items. | Pronunciation: IPA (stress shown separately): /aɪtəm/ Stress syllable 1 of 2. Let /aɪ/ glide smoothly, as in my. Keep the final /m/ audible.
job	regular work, a piece of work, a responsibility or a task | Pattern: job as + role; job of + gerund | Example: Her job involves teaching statistics and supporting curriculum development, so the group could make the next decision with clearer information. | Pronunciation: IPA (stress shown separately): /dʒɑb/ Stress syllable 1 of 1. Use /dʒ/ “j,” as in job. For /b/, close both lips completely. Keep the final /b/ audible.
journal	a publication with a focus on a particular subject | Pattern: journal of + field | Example: The study was published in a peer-reviewed journal, so the team could interpret the evidence with less uncertainty. | Pronunciation: IPA (stress shown separately): /dʒɝnəl/ Stress syllable 1 of 2. Use /dʒ/ “j,” as in job. Keep the final /l/ audible.
justification	to explain or show that something is right or fair | Pattern: justification for + noun/gerund | Example: The proposal provides a clear justification for the additional expense, which helped the manager assign the next responsibility accurately. | Pronunciation: IPA (stress shown separately): /dʒʌstəfəkeɪʃən/ Stress syllable 4 of 5. Use a clear /ʃ/ “sh” sound. Use /dʒ/ “j,” as in job. Keep the final /n/ audible.
label	information about the object it is fixed to | Pattern: label on + object; label for + category | Example: The label lists the chemical’s name, concentration, and hazards. | Pronunciation: IPA (stress shown separately): /leɪbəl/ Stress syllable 1 of 2. For /b/, close both lips completely. Keep the final /l/ audible.
labor	practical work which involves physical effort | Pattern: labor cost; labor required for | Example: The estimate includes both material and labor costs, which helped the manager assign the next responsibility accurately. | Pronunciation: IPA (stress shown separately): /leɪbɚ/ Stress syllable 1 of 2. For /b/, close both lips completely.
layer	a distinct band, thickness, or level of something | Pattern: layer of + substance | Example: A thin layer of insulation reduced heat loss, which gave the people involved a clearer basis for the next step. | Pronunciation: IPA (stress shown separately): /leɪɚ/ Stress syllable 1 of 2.
lecture	an educational speech before an audience or class | Pattern: lecture on + topic | Example: The professor combined a short lecture with a hands-on activity, which gave the teacher clearer information for the following lesson. | Pronunciation: IPA (stress shown separately): /lɛktʃɚ/ Stress syllable 1 of 2. Use a crisp /tʃ/ “ch” sound.
legal	related to or allowed by law | Pattern: legal + noun | Example: The district sought legal advice before changing the contract, which gave the teacher clearer information for the following lesson. | Pronunciation: IPA (stress shown separately): /liɡəl/ Stress syllable 1 of 2. Keep the final /l/ audible.
legislation	a law or laws created by a government | Pattern: legislation on + issue | Example: The new legislation expands access to career education, which allowed the board to explain the decision more transparently. | Pronunciation: IPA (stress shown separately): /lɛdʒəsleɪʃən/ Stress syllable 3 of 4. Use a clear /ʃ/ “sh” sound. Use /dʒ/ “j,” as in job. Keep the final /n/ audible.
levy	to impose or collect a tax | Pattern: levy + noun + on + person/group | Example: The city may levy a fee on businesses that violate the rule. | Pronunciation: IPA (stress shown separately): /lɛvi/ Stress syllable 1 of 2. For /v/, touch the upper teeth to the lower lip; do not replace it with /b/.
liberal	open minded and tolerant of others, or generous | Pattern: liberal + noun | Example: The policy allows a liberal interpretation of what counts as prior experience. | Pronunciation: IPA (stress shown separately): /lɪbɝəl/ Stress syllable 1 of 3. For /b/, close both lips completely. Keep /ɪ/ short and relaxed, as in sit. Keep the final /l/ audible.
license	a legal document giving permission to do or own | Pattern: license to + verb; license for + product | Example: The software license allows installation on twenty devices, so the people affected could understand the practical consequence. | Pronunciation: IPA (stress shown separately): /laɪsəns/ Stress syllable 1 of 2. Let /aɪ/ glide smoothly, as in my. Keep the final /s/ audible.
likewise	similarly, also | Pattern: likewise, + clause | Example: The first group improved after practice; likewise, the second group made steady progress. | Pronunciation: IPA (stress shown separately): /laɪkwaɪz/ Stress syllable 1 of 2. For /w/, round the lips; do not touch the teeth. Let /aɪ/ glide smoothly, as in my. Keep the final /z/ audible.
link	a connection between two things | Pattern: link between X and Y; link to + noun | Example: The study found a link between sleep and academic performance, so the team could interpret the evidence with less uncertainty. | Pronunciation: IPA (stress shown separately): /lɪŋk/ Stress syllable 1 of 1. Keep /ɪ/ short and relaxed, as in sit. Keep the final /k/ audible.
location	place, position or coordinates of something | Pattern: location of + place/object | Example: The map shows the exact location of each sampling site, so the reader could understand the intended relationship without guessing. | Pronunciation: IPA (stress shown separately): /loʊkeɪʃən/ Stress syllable 2 of 3. Use a clear /ʃ/ “sh” sound. Keep the final /n/ audible.
logic	a way of thinking based on reason | Pattern: logic of + argument/system | Example: The conclusion follows the logic of the argument, so the team could interpret the evidence with less uncertainty. | Pronunciation: IPA (stress shown separately): /lɑdʒɪk/ Stress syllable 1 of 2. Use /dʒ/ “j,” as in job. Keep /ɪ/ short and relaxed, as in sit. Keep the final /k/ audible.
maintenance	the act of keeping something in its present state | Pattern: maintenance of + equipment | Example: Regular maintenance extends the life of the equipment, so the reader could understand the intended relationship without guessing. | Pronunciation: IPA (stress shown separately): /meɪntənəns/ Stress syllable 1 of 3. Keep the final /s/ audible.
major	more important than others of the same type | Pattern: major + noun | Example: Transportation was a major factor in the attendance problem, so the reader could understand the intended relationship without guessing. | Pronunciation: IPA (stress shown separately): /meɪdʒɚ/ Stress syllable 1 of 2. Use /dʒ/ “j,” as in job.
manipulation	influence, or control of something using hands | Pattern: manipulation of + object/data | Example: The experiment involved the manipulation of one independent variable, so the team could interpret the evidence with less uncertainty. | Pronunciation: IPA (stress shown separately): /mənɪpjəleɪʃən/ Stress syllable 4 of 5. Use a clear /ʃ/ “sh” sound. Keep /ɪ/ short and relaxed, as in sit. Keep the final /n/ audible.
manual	relating to, involving or done with hands | Pattern: manual + noun | Example: The manual process took longer and produced more errors than the automated one, which gave the people involved a clearer basis for the next step. | Pronunciation: IPA (stress shown separately): /mænjuəl/ Stress syllable 1 of 3. Keep the final /l/ audible.
marginal	small in amount or effect, or barely acceptable | Pattern: marginal + noun | Example: The second intervention produced only a marginal improvement, so the team could interpret the evidence with less uncertainty. | Pronunciation: IPA (stress shown separately): /mɑrdʒənəl/ Stress syllable 1 of 3. Use /dʒ/ “j,” as in job. Keep the final /l/ audible.
mature	completely grown or developed, or like an adult | Pattern: mature + noun; become mature | Example: The mature system can handle complex tasks with little supervision, so employees could focus their attention on unusual problems rather than routine operations. | Pronunciation: IPA (stress shown separately): /mətʃʊr/ Stress syllable 2 of 2. Use a crisp /tʃ/ “ch” sound. Keep the final /r/ audible.
maximum	an upper limit of something | Pattern: maximum of + amount | Example: The room has a maximum capacity of thirty people, which gave the people involved a clearer basis for the next step. | Pronunciation: IPA (stress shown separately): /mæksəməm/ Stress syllable 1 of 3. Keep the final /m/ audible.
mechanism	a process or sequence of steps within a system | Pattern: mechanism for + gerund; mechanism by which | Example: The report proposes a mechanism for resolving complaints, which reduced the chance that readers would misinterpret the message. | Pronunciation: IPA (stress shown separately): /mɛkənɪzəm/ Stress syllable 1 of 4. Keep /ɪ/ short and relaxed, as in sit. Keep the final /m/ audible.
media	television, radio, newspapers or magazines | Pattern: media coverage of + event | Example: The media reported the findings before the full study was released, which gave the reviewers a clearer basis for evaluating the conclusion. | Pronunciation: IPA (stress shown separately): /midiə/ Stress syllable 1 of 3.
mediation	negotiation between groups in conflict with each other | Pattern: mediation between + parties | Example: The two departments used mediation to resolve the dispute, which gave the people involved a clearer basis for the next step. | Pronunciation: IPA (stress shown separately): /midieɪʃən/ Stress syllable 3 of 4. Use a clear /ʃ/ “sh” sound. Keep the final /n/ audible.
medical	relating to the study or practice of medicine | Pattern: medical + noun | Example: Medical information must be stored securely and shared only when authorized. | Pronunciation: IPA (stress shown separately): /mɛdəkəl/ Stress syllable 1 of 3. Keep the final /l/ audible.
medium	a method or channel used to communicate information | Pattern: medium for + communication | Example: Video is an effective medium for demonstrating a technical process, so the audience could understand the intended point without guessing. | Pronunciation: IPA (stress shown separately): /midiəm/ Stress syllable 1 of 3. Keep the final /m/ audible.
mental	of the mind | Pattern: mental + noun | Example: The task requires sustained mental effort and careful attention, which gave the people involved a clearer basis for the next step. | Pronunciation: IPA (stress shown separately): /mɛntəl/ Stress syllable 1 of 2. Keep the final /l/ audible.
method	a way of doing something | Pattern: method for/of + gerund | Example: The researchers used the same method in every trial, which gave the reviewers a clearer basis for evaluating the conclusion. | Pronunciation: IPA (stress shown separately): /mɛθəd/ Stress syllable 1 of 2. Keep the final /d/ audible.
migration	movement of a group from one region to another | Pattern: migration from X to Y | Example: The lesson examines patterns of human migration, which gave the teacher clearer information for the following lesson. | Pronunciation: IPA (stress shown separately): /maɪɡreɪʃən/ Stress syllable 2 of 3. Use a clear /ʃ/ “sh” sound. Let /aɪ/ glide smoothly, as in my. Keep the final /n/ audible.
military	relating to war or armed forces | Pattern: military + noun | Example: The article examines military spending and its effect on the national budget, so decision makers could see how the available resources would support the stated goal. | Pronunciation: IPA (stress shown separately): /mɪlətɛri/ Stress syllable 1 of 4. Keep short /ɪ/ distinct from long /i/.
minimal	very small, the smallest possible, or barely enough | Pattern: minimal + noun | Example: The change had minimal impact on the overall result, which gave the reviewers a clearer basis for evaluating the conclusion. | Pronunciation: IPA (stress shown separately): /mɪnəməl/ Stress syllable 1 of 3. Keep /ɪ/ short and relaxed, as in sit. Keep the final /l/ audible.
minimize	to reduce something to the smallest practical amount | Pattern: minimize + noun | Example: The revised procedure minimized the risk of measurement error, which reduced uncertainty about whether the first result was reliable. | Pronunciation: IPA (stress shown separately): /mɪnəmaɪz/ Stress syllable 1 of 3. Keep /ɪ/ short and relaxed, as in sit. Let /aɪ/ glide smoothly, as in my. Keep the final /z/ audible.
minimum	a lower limit of something | Pattern: minimum of + amount | Example: Students must earn a minimum of seventy percent to pass, so the class could connect the idea to the next activity. | Pronunciation: IPA (stress shown separately): /mɪnəməm/ Stress syllable 1 of 3. Keep /ɪ/ short and relaxed, as in sit. Keep the final /m/ audible.
ministry	a government department, or the service of a minister | Pattern: ministry responsible for + field | Example: The Ministry of Education issued new curriculum guidance, so the people affected could understand the practical consequence. | Pronunciation: IPA (stress shown separately): /mɪnəstri/ Stress syllable 1 of 3. Keep short /ɪ/ distinct from long /i/.
minority	groups of people who differ from the larger group | Pattern: minority within + population | Example: The survey included several ethnic and linguistic minorities, which gave the people involved a clearer basis for the next step. | Pronunciation: IPA (stress shown separately): /maɪnɔrəti/ Stress syllable 2 of 4. Let /aɪ/ glide smoothly, as in my.
mode	manner, way or form | Pattern: mode of + noun; in + mode | Example: The device can operate in manual or automatic mode, which gave the people involved a clearer basis for the next step. | Pronunciation: IPA (stress shown separately): /moʊd/ Stress syllable 1 of 1. Keep the final /d/ audible.
modify	to change something partly rather than replace it completely | Pattern: modify + noun | Example: The teacher modified the assignment for students who needed additional support. | Pronunciation: IPA (stress shown separately): /mɑdəfaɪ/ Stress syllable 1 of 3. Let /aɪ/ glide smoothly, as in my.
monitoring	observing, recording or detecting using instruments | Pattern: monitoring of + system | Example: Continuous monitoring detected the pressure change immediately, so the reader could understand the intended relationship without guessing. | Pronunciation: IPA (stress shown separately): /mɑnətɚɪŋ/ Stress syllable 1 of 4. Keep /ɪ/ short and relaxed, as in sit. Keep the final /ŋ/ audible.
motivation	enthusiasm or reason for doing something | Pattern: motivation to + verb; motivation for + action | Example: Clear goals and useful feedback can increase student motivation, which gave the teacher clearer information for the following lesson. | Pronunciation: IPA (stress shown separately): /moʊtəveɪʃən/ Stress syllable 3 of 4. Use a clear /ʃ/ “sh” sound. For /v/, touch the upper teeth to the lower lip; do not replace it with /b/. Keep the final /n/ audible.
mutual	felt or shared by each other or all | Pattern: mutual + noun | Example: The partnership depends on mutual trust and clear communication, which gave the people involved a clearer basis for the next step. | Pronunciation: IPA (stress shown separately): /mjutʃuəl/ Stress syllable 1 of 3. Use a crisp /tʃ/ “ch” sound. Keep the final /l/ audible.
negative	showing an unfavorable, absent, or below-zero result | Pattern: negative + noun | Example: The survey revealed a negative attitude toward the proposed change, so the reader could understand the intended relationship without guessing. | Pronunciation: IPA (stress shown separately): /nɛɡətɪv/ Stress syllable 1 of 3. For /v/, touch the upper teeth to the lower lip; do not replace it with /b/. Keep /ɪ/ short and relaxed, as in sit. Keep the final /v/ audible.
network	a system of things or people which are interconnected | Pattern: network of + people/devices | Example: The district network connects every school to shared digital resources, so the class could connect the idea to the next activity. | Pronunciation: IPA (stress shown separately): /nɛtwɝk/ Stress syllable 1 of 2. For /w/, round the lips; do not touch the teeth. Keep the final /k/ audible.
neutral	without bias or favoritism, or having no charge | Pattern: neutral + noun; remain neutral | Example: The facilitator used neutral language to avoid influencing the participants, which gave the people involved a clearer basis for the next step. | Pronunciation: IPA (stress shown separately): /nutrəl/ Stress syllable 1 of 2. Keep the final /l/ audible.
nevertheless	despite this, nonetheless, notwithstanding | Pattern: nevertheless, + clause | Example: The sample was small; nevertheless, the findings were useful for planning the next study. | Pronunciation: IPA (stress shown separately): /nɛvɚðəlɛs/ Stress syllable 4 of 4. For /v/, touch the upper teeth to the lower lip; do not replace it with /b/. Keep the final /s/ audible.
nonetheless	despite this, nevertheless, notwithstanding | Pattern: nonetheless, + clause | Example: The deadline was demanding; nonetheless, the team completed the report on time. | Pronunciation: IPA (stress shown separately): /nʌnðəlɛs/ Stress syllable 3 of 3. Keep the final /s/ audible.
normal	ordinary or usual | Pattern: normal + noun; return to normal | Example: The system returned to normal operation after the update was removed. | Pronunciation: IPA (stress shown separately): /nɔrməl/ Stress syllable 1 of 2. Keep the final /l/ audible.
norm	accepted or usual standards or ways | Pattern: norm for + behavior; norm within + group | Example: Classroom norms should encourage respectful disagreement, which helped the class maintain a respectful discussion even when opinions differed sharply. | Pronunciation: IPA (stress shown separately): /nɔrm/ Stress syllable 1 of 1. Keep the final /m/ audible.
notion	idea, opinion or belief | Pattern: notion of + noun; notion that + clause | Example: The evidence challenges the notion that one method works for every learner. | Pronunciation: IPA (stress shown separately): /noʊʃən/ Stress syllable 1 of 2. Use a clear /ʃ/ “sh” sound. Keep the final /n/ audible.
notwithstanding	despite this; nevertheless; nonetheless | Pattern: notwithstanding + noun | Example: Notwithstanding the initial concerns, the committee approved the pilot, so the group could make the next decision with clearer information. | Pronunciation: IPA (stress shown separately): /nɑtwɪθstændɪŋ/ Stress syllable 3 of 4. For /w/, round the lips; do not touch the teeth. Keep /ɪ/ short and relaxed, as in sit. Keep the final /ŋ/ audible.
nuclear	relating to a nucleus | Pattern: nuclear + noun | Example: The course includes a unit on nuclear energy and radioactive decay, so the class could connect the idea to the next activity. | Pronunciation: IPA (stress shown separately): /nukliɚ/ Stress syllable 1 of 3.
objective	aim or purpose | Pattern: objective of + project; objective is to + verb | Example: The main objective is to improve students’ ability to explain their reasoning, so students understood which skill they were expected to develop during the unit. | Pronunciation: IPA (stress shown separately): /əbdʒɛktɪv/ Stress syllable 2 of 3. Use /dʒ/ “j,” as in job. For /v/, touch the upper teeth to the lower lip; do not replace it with /b/. For /b/, close both lips completely. Keep /ɪ/ short and relaxed, as in sit.
obtain	to get something through effort or a formal process | Pattern: obtain + noun | Example: Researchers obtained permission before collecting student data, which gave the teacher clearer information for the following lesson. | Pronunciation: IPA (stress shown separately): /əbteɪn/ Stress syllable 2 of 2. For /b/, close both lips completely. Keep the final /n/ audible.
obvious	easy to understand | Pattern: obvious + noun; be obvious | Example: The error became obvious when the totals were compared side by side. | Pronunciation: IPA (stress shown separately): /ɑbviəs/ Stress syllable 1 of 3. For /v/, touch the upper teeth to the lower lip; do not replace it with /b/. For /b/, close both lips completely. Keep the final /s/ audible.
occupational	relating to work | Pattern: occupational + noun | Example: The training addresses occupational hazards in school laboratories, which gave the teacher clearer information for the following lesson. | Pronunciation: IPA (stress shown separately): /ɑkjəpeɪʃənəl/ Stress syllable 3 of 5. Use a clear /ʃ/ “sh” sound. Keep the final /l/ audible.
occur	to happen, often naturally or unexpectedly | Pattern: occur; occur in/during + noun | Example: The error occurs only when both settings are enabled. | Pronunciation: IPA (stress shown separately): /əkɝ/ Stress syllable 2 of 2.
odd	unusual, not even, or irregular | Pattern: odd + noun; be/seem odd | Example: One odd result prompted the researchers to check the original record, which gave the reviewers a clearer basis for evaluating the conclusion. | Pronunciation: IPA (stress shown separately): /ɑd/ Stress syllable 1 of 1. Keep the final /d/ audible.
offset	to counterbalance or compensate one thing for another | Pattern: offset + noun; be offset by + noun | Example: Lower transportation costs offset part of the program’s additional expense, so the reader could understand the intended relationship without guessing. | Pronunciation: IPA (stress shown separately): /ɔfsɛt/ Stress syllable 2 of 2. Keep the final /t/ audible.
ongoing	in progress or happening now | Pattern: ongoing + noun | Example: The district is conducting an ongoing review of the attendance policy, so the class could connect the idea to the next activity. | Pronunciation: IPA (stress shown separately): /ɑnɡoʊɪŋ/ Stress syllable 1 of 3. Keep /ɪ/ short and relaxed, as in sit. Keep the final /ŋ/ audible.
option	one possible choice among several alternatives | Pattern: option for + person; option to + verb | Example: Online participation is available as an option for students who cannot attend in person. | Pronunciation: IPA (stress shown separately): /ɑpʃən/ Stress syllable 1 of 2. Use a clear /ʃ/ “sh” sound. Keep the final /n/ audible.
orientation	direction or arrangement, aims, training or preparation | Pattern: orientation to + organization; orientation toward + issue | Example: New employees attend an orientation during their first week, which helped the manager assign the next responsibility accurately. | Pronunciation: IPA (stress shown separately): /ɔriɛnteɪʃən/ Stress syllable 4 of 5. Use a clear /ʃ/ “sh” sound. Keep the final /n/ audible.
outcome	the end results or consequences of a particular event | Pattern: outcome of + program; outcome for + group | Example: The report compares academic outcomes across the three programs, which reduced the chance that readers would misinterpret the message. | Pronunciation: IPA (stress shown separately): /aʊtkʌm/ Stress syllable 1 of 2. Keep the final /m/ audible.
output	the result or amount produced by a system or process | Pattern: output of/from + system | Example: The program’s output is a table containing the calculated values, so the reader could understand the intended relationship without guessing. | Pronunciation: IPA (stress shown separately): /aʊtpʊt/ Stress syllable 1 of 2. Keep the final /t/ audible.
overall	in general, considering everything | Pattern: Overall, + clause | Example: Overall, the intervention produced a modest improvement in attendance, which gave the people involved a clearer basis for the next step. | Pronunciation: IPA (stress shown separately): /oʊvɚɔl/ Stress syllable 1 of 3. For /v/, touch the upper teeth to the lower lip; do not replace it with /b/. Keep the final /l/ audible.
overlap	correspond or coincide in part with something | Pattern: overlap with/in + noun | Example: The two courses overlap in content but serve different student groups, which gave the teacher clearer information for the following lesson. | Pronunciation: IPA (stress shown separately): /oʊvɚlæp/ Stress syllable 1 of 3. For /v/, touch the upper teeth to the lower lip; do not replace it with /b/. Keep the final /p/ audible.
overseas	abroad, or to, from or in other countries | Pattern: verb + overseas; from overseas | Example: The university recruited several instructors from overseas, which gave the people involved a clearer basis for the next step. | Pronunciation: IPA (stress shown separately): /oʊvɚsiz/ Stress syllable 1 of 3. For /v/, touch the upper teeth to the lower lip; do not replace it with /b/. Keep the final /z/ audible.
panel	a small group of people chosen to give their opinions | Pattern: panel of + people; panel on + topic | Example: A panel of experts reviewed the three proposals, so the reader could understand the intended relationship without guessing. | Pronunciation: IPA (stress shown separately): /pænəl/ Stress syllable 1 of 2. Keep the final /l/ audible.
paradigm	a model or framework for understanding a subject | Pattern: paradigm for/of + field | Example: The discovery challenged the dominant scientific paradigm, so the group could make the next decision with clearer information. | Pronunciation: IPA (stress shown separately): /pɛrədaɪm/ Stress syllable 1 of 3. Let /aɪ/ glide smoothly, as in my. Keep the final /m/ audible.
paragraph	group of sentences which discuss a single topic | Pattern: paragraph about/on + topic | Example: Each paragraph should develop one main idea, which gave the people involved a clearer basis for the next step. | Pronunciation: IPA (stress shown separately): /pærəɡræf/ Stress syllable 1 of 3. Keep the final /f/ audible.
parallel	similar, or of equal distance apart along two lengths | Pattern: parallel + noun; be parallel to + noun | Example: The two studies followed parallel procedures and produced similar results, which gave the reviewers a clearer basis for evaluating the conclusion. | Pronunciation: IPA (stress shown separately): /pɛrəlɛl/ Stress syllable 1 of 3. Keep the final /l/ audible.
parameter	a rule, limit, or measurable factor that defines a system | Pattern: parameter of/for + project | Example: The committee defined the parameters of the pilot before it began, which helped the manager assign the next responsibility accurately. | Pronunciation: IPA (stress shown separately): /pɚæmətɚ/ Stress syllable 2 of 4.
participation	the act of taking part or being involved in something | Pattern: participation in + activity | Example: Student participation increased after the class moved into small groups. | Pronunciation: IPA (stress shown separately): /pɑrtɪsəpeɪʃən/ Stress syllable 4 of 5. Use a clear /ʃ/ “sh” sound. Keep /ɪ/ short and relaxed, as in sit. Keep the final /n/ audible.
partnership	a relationship involving close cooperation | Pattern: partnership with/between + groups | Example: The school formed a partnership with a local engineering company, which gave the teacher clearer information for the following lesson. | Pronunciation: IPA (stress shown separately): /pɑrtnɚʃɪp/ Stress syllable 1 of 3. Use a clear /ʃ/ “sh” sound. Keep /ɪ/ short and relaxed, as in sit. Keep the final /p/ audible.
passive	accepting without resistance, or not active | Pattern: passive + noun; remain passive | Example: Passive participation may hide whether a student truly understands the concept. | Pronunciation: IPA (stress shown separately): /pæsɪv/ Stress syllable 1 of 2. For /v/, touch the upper teeth to the lower lip; do not replace it with /b/. Keep /ɪ/ short and relaxed, as in sit. Keep the final /v/ audible.
perceive	to notice, understand, or regard something in a particular way | Pattern: perceive + noun + as + adjective/noun | Example: Many participants perceived the new process as more transparent, so the reader could understand the intended relationship without guessing. | Pronunciation: IPA (stress shown separately): /pɚsiv/ Stress syllable 2 of 2. For /v/, touch the upper teeth to the lower lip; do not replace it with /b/. Keep the final /v/ audible.
percent	in proportion to a hundred | Pattern: number + percent of + noun | Example: Eighty percent of the students completed the assignment, which gave the teacher clearer information for the following lesson. | Pronunciation: IPA (stress shown separately): /pɚsɛnt/ Stress syllable 2 of 2. Keep the final /t/ audible.
period	any length of time | Pattern: period of + time/activity | Example: The observation period lasted six weeks, so the reader could understand the intended relationship without guessing. | Pronunciation: IPA (stress shown separately): /pɪriəd/ Stress syllable 1 of 3. Keep short /ɪ/ distinct from long /i/. Keep the final /d/ audible.
persistent	continuing for a long time, or refusing to give up | Pattern: persistent + noun; be persistent | Example: A persistent error in the formula affected every calculation, so the reader could understand the intended relationship without guessing. | Pronunciation: IPA (stress shown separately): /pɚsɪstənt/ Stress syllable 2 of 3. Keep /ɪ/ short and relaxed, as in sit. Keep the final /t/ audible.
perspective	a way of looking at or considering something | Pattern: perspective on + issue; from + perspective | Example: The discussion included the perspectives of students, teachers, and families. | Pronunciation: IPA (stress shown separately): /pɚspɛktɪv/ Stress syllable 2 of 3. For /v/, touch the upper teeth to the lower lip; do not replace it with /b/. Keep /ɪ/ short and relaxed, as in sit. Keep the final /v/ audible.
phase	a period of time, especially as part of a series | Pattern: phase of + project; in + phase | Example: The project entered its final phase in May, which helped the manager assign the next responsibility accurately. | Pronunciation: IPA (stress shown separately): /feɪz/ Stress syllable 1 of 1. Keep the final /z/ audible.
phenomenon	something unusual or amazing which can be sensed | Pattern: phenomenon of + noun | Example: The researchers studied the phenomenon under controlled conditions, which gave the people involved a clearer basis for the next step. | Pronunciation: IPA (stress shown separately): /fənɑmənɑn/ Stress syllable 2 of 4. Keep the final /n/ audible.
philosophy	a system of beliefs that guide one's behavior | Pattern: philosophy of + organization; philosophy toward + issue | Example: The school’s philosophy emphasizes inquiry and collaboration, which gave the teacher clearer information for the following lesson. | Pronunciation: IPA (stress shown separately): /fəlɑsəfi/ Stress syllable 2 of 4.
physical	of the body, or having material existence | Pattern: physical + noun | Example: The model shows the physical structure of the molecule, which gave the people involved a clearer basis for the next step. | Pronunciation: IPA (stress shown separately): /fɪzɪkəl/ Stress syllable 1 of 3. Keep /ɪ/ short and relaxed, as in sit. Keep the final /l/ audible.
plus	and also, or more, added to | Pattern: noun + plus + noun; Plus, + clause | Example: The package includes the software plus one year of technical support, which gave the people involved a clearer basis for the next step. | Pronunciation: IPA (stress shown separately): /plʌs/ Stress syllable 1 of 1. Keep the final /s/ audible.
policy	an established practice or plan of what to do | Pattern: policy on + issue; policy for + process | Example: The policy requires written permission before student information is shared, so the class could connect the idea to the next activity. | Pronunciation: IPA (stress shown separately): /pɑləsi/ Stress syllable 1 of 3.
portion	part or share of a whole | Pattern: portion of + whole | Example: A large portion of the budget supports transportation, which allowed leaders to direct limited resources toward the highest-priority work. | Pronunciation: IPA (stress shown separately): /pɔrʃən/ Stress syllable 1 of 2. Use a clear /ʃ/ “sh” sound. Keep the final /n/ audible.
pose	to ask a question or present a problem or risk | Pattern: pose + noun | Example: The interviewer posed a difficult question about the study’s limitations, so the team could interpret the evidence with less uncertainty. | Pronunciation: IPA (stress shown separately): /poʊz/ Stress syllable 1 of 1. Keep the final /z/ audible.
positive	certain about something | Pattern: positive + noun | Example: The pilot received a positive response from teachers and families, which gave the teacher clearer information for the following lesson. | Pronunciation: IPA (stress shown separately): /pɑzətɪv/ Stress syllable 1 of 3. For /v/, touch the upper teeth to the lower lip; do not replace it with /b/. Keep /ɪ/ short and relaxed, as in sit. Keep the final /v/ audible.
potential	the capacity to develop, succeed or achieve | Pattern: potential to + verb; potential for + noun | Example: The program has the potential to expand across the state, so the reader could understand the intended relationship without guessing. | Pronunciation: IPA (stress shown separately): /pətɛnʃəl/ Stress syllable 2 of 3. Use a clear /ʃ/ “sh” sound. Keep the final /l/ audible.
practitioner	people involved in an activity or job requiring skill | Pattern: practitioner in + field | Example: The conference brought together researchers and classroom practitioners, so the class could connect the idea to the next activity. | Pronunciation: IPA (stress shown separately): /præktɪʃənɚ/ Stress syllable 2 of 4. Use a clear /ʃ/ “sh” sound. Keep /ɪ/ short and relaxed, as in sit.
preceding	coming before something or someone else | Pattern: preceding + noun | Example: The preceding paragraph explains how the data were collected. | Pronunciation: IPA (stress shown separately): /prisidɪŋ/ Stress syllable 2 of 3. Keep short /ɪ/ distinct from long /i/. Keep the final /ŋ/ audible.
precise	exact or careful and accurate | Pattern: precise + noun; be precise | Example: Use precise language so readers know exactly what the claim means. | Pronunciation: IPA (stress shown separately): /prɪsaɪs/ Stress syllable 2 of 2. Keep /ɪ/ short and relaxed, as in sit. Let /aɪ/ glide smoothly, as in my. Keep the final /s/ audible.
predict	to state what is likely to happen in the future | Pattern: predict + noun; predict that + clause | Example: The model predicted a gradual decline in energy use, which gave the people involved a clearer basis for the next step. | Pronunciation: IPA (stress shown separately): /prɪdɪkt/ Stress syllable 2 of 2. Keep /ɪ/ short and relaxed, as in sit. Keep the final /t/ audible.
predominantly	mainly or mostly | Pattern: predominantly + adjective/verb | Example: The participants were predominantly high school teachers, so the class could connect the idea to the next activity. | Pronunciation: IPA (stress shown separately): /prɪdɑmənəntli/ Stress syllable 2 of 5. Keep short /ɪ/ distinct from long /i/.
preliminary	prior to or in preparation for the main activity or event | Pattern: preliminary + noun | Example: The preliminary findings should be interpreted with caution, which gave the people involved a clearer basis for the next step. | Pronunciation: IPA (stress shown separately): /prɪlɪmənɛri/ Stress syllable 2 of 5. Keep short /ɪ/ distinct from long /i/.
presumption	an attitude based on probability rather than proof | Pattern: presumption that + clause; presumption of + noun | Example: The decision was based on a presumption rather than verified evidence, which gave the reviewers a clearer basis for evaluating the conclusion. | Pronunciation: IPA (stress shown separately): /prɪzʌmpʃən/ Stress syllable 2 of 3. Use a clear /ʃ/ “sh” sound. Keep /ɪ/ short and relaxed, as in sit. Keep the final /n/ audible.
previous	occurring or existing before something or someone else | Pattern: previous + noun | Example: The revised policy addresses problems identified in the previous version, so the people affected could understand the practical consequence. | Pronunciation: IPA (stress shown separately): /priviəs/ Stress syllable 1 of 3. For /v/, touch the upper teeth to the lower lip; do not replace it with /b/. Keep the final /s/ audible.
primary	more important than anything else | Pattern: primary + noun | Example: The primary goal is to improve students’ ability to explain their reasoning, which gave the teacher a clear standard for planning instruction and evaluating progress. | Pronunciation: IPA (stress shown separately): /praɪmɛri/ Stress syllable 1 of 3. Let /aɪ/ glide smoothly, as in my.
prime	the main or most important, or the best quality | Pattern: prime + noun | Example: The prime objective is to improve safety without reducing access, so the group could make the next decision with clearer information. | Pronunciation: IPA (stress shown separately): /praɪm/ Stress syllable 1 of 1. Let /aɪ/ glide smoothly, as in my. Keep the final /m/ audible.
principal	the first, main, or most important | Pattern: principal + noun | Example: Transportation was the principal cause of the attendance problem, which gave the people involved a clearer basis for the next step. | Pronunciation: IPA (stress shown separately): /prɪnsəpəl/ Stress syllable 1 of 3. Keep /ɪ/ short and relaxed, as in sit. Keep the final /l/ audible.
principle	a basic generalization that is accepted as true | Pattern: principle of + field; principle that + clause | Example: The procedure is based on the principle that variables should be controlled. | Pronunciation: IPA (stress shown separately): /prɪnsəpəl/ Stress syllable 1 of 3. Keep /ɪ/ short and relaxed, as in sit. Keep the final /l/ audible.
prior	coming before something else in time or importance | Pattern: prior + noun; prior to + noun | Example: Prior experience with algebra helps students succeed in the course, which gave the teacher clearer information for the following lesson. | Pronunciation: IPA (stress shown separately): /praɪɚ/ Stress syllable 1 of 2. Let /aɪ/ glide smoothly, as in my.
priority	something important that comes first or before others | Pattern: priority for + group; give priority to + noun | Example: Student safety remains the district’s highest priority, which gave the teacher clearer information for the following lesson. | Pronunciation: IPA (stress shown separately): /praɪɔrəti/ Stress syllable 2 of 4. Let /aɪ/ glide smoothly, as in my.
procedure	a course of action intended to achieve a result | Pattern: procedure for + task | Example: Follow the safety procedure before turning on the equipment, so the team could interpret the evidence with less uncertainty. | Pronunciation: IPA (stress shown separately): /prəsidʒɚ/ Stress syllable 2 of 3. Use /dʒ/ “j,” as in job.
process	a series of actions taken to achieve a result | Pattern: process of + gerund; process for + task | Example: The hiring process includes an application, interview, and reference check. | Pronunciation: IPA (stress shown separately): /prɑsɛs/ Stress syllable 1 of 2. Keep the final /s/ audible.
professional	relating to or conforming to the standards of work | Pattern: professional + noun; be professional | Example: The email was polite, concise, and professional, so the audience could understand the intended point without guessing. | Pronunciation: IPA (stress shown separately): /prəfɛʃənəl/ Stress syllable 2 of 4. Use a clear /ʃ/ “sh” sound. Keep the final /l/ audible.
prohibit	to officially forbid an action | Pattern: prohibit + person + from + gerund | Example: The safety policy prohibited students from entering the lab without supervision, so the class could connect the idea to the next activity. | Pronunciation: IPA (stress shown separately): /proʊhɪbət/ Stress syllable 2 of 3. For /b/, close both lips completely. Keep /ɪ/ short and relaxed, as in sit. Keep the final /t/ audible.
project	work or a study of a subject over a period of time | Pattern: project on + topic; project for + purpose | Example: The class completed a semester-long engineering project, which gave the teacher clearer information for the following lesson. | Pronunciation: IPA (stress shown separately): /prɑdʒɛkt/ Stress syllable 1 of 2. Use /dʒ/ “j,” as in job. Keep the final /t/ audible.
promote	to raise someone or something to a higher level | Pattern: promote + noun; promote + person + to + role | Example: The program promotes collaboration among teachers from different departments, so the class could connect the idea to the next activity. | Pronunciation: IPA (stress shown separately): /prəmoʊt/ Stress syllable 2 of 2. Keep the final /t/ audible.
proportion	the size of something when compared to the whole | Pattern: proportion of + group | Example: A higher proportion of students completed the course after tutoring was added. | Pronunciation: IPA (stress shown separately): /prəpɔrʃən/ Stress syllable 2 of 3. Use a clear /ʃ/ “sh” sound. Keep the final /n/ audible.
prospect	anticipation, or probability of a favorable outcome | Pattern: prospect of + noun/gerund | Example: The prospect of additional funding encouraged the team to continue planning, so decision makers could see how the available resources would support the stated goal. | Pronunciation: IPA (stress shown separately): /prɑspɛkt/ Stress syllable 1 of 2. Keep the final /t/ audible.
protocol	set of rules and procedures | Pattern: protocol for + procedure | Example: The laboratory protocol specifies how samples must be stored. | Pronunciation: IPA (stress shown separately): /proʊtəkɑl/ Stress syllable 1 of 3. Keep the final /l/ audible.
psychology	study of how the mind works and affects behavior | Pattern: psychology of + behavior/group | Example: The course introduces basic concepts from cognitive psychology, which gave the teacher clearer information for the following lesson. | Pronunciation: IPA (stress shown separately): /saɪkɑlədʒi/ Stress syllable 2 of 4. Use /dʒ/ “j,” as in job. Let /aɪ/ glide smoothly, as in my.
publication	printed item such as a book, magazine or journal | Pattern: publication of + work; publication in + journal | Example: The journal accepted the article for publication, so the audience could understand the intended point without guessing. | Pronunciation: IPA (stress shown separately): /pʌblɪkeɪʃən/ Stress syllable 3 of 4. Use a clear /ʃ/ “sh” sound. For /b/, close both lips completely. Keep /ɪ/ short and relaxed, as in sit. Keep the final /n/ audible.
publish	to make written research or information publicly available | Pattern: publish + noun + in + source | Example: The researchers published their findings in a peer-reviewed journal, which allowed the board to explain the decision more transparently. | Pronunciation: IPA (stress shown separately): /pʌblɪʃ/ Stress syllable 1 of 2. Use a clear /ʃ/ “sh” sound. For /b/, close both lips completely. Keep /ɪ/ short and relaxed, as in sit. Keep the final /ʃ/ audible.
purchase	buy | Pattern: purchase + noun + from + seller | Example: The school purchased new sensors for the engineering laboratory, so the class could connect the idea to the next activity. | Pronunciation: IPA (stress shown separately): /pɝtʃəs/ Stress syllable 1 of 2. Use a crisp /tʃ/ “ch” sound. Keep the final /s/ audible.
pursue	to follow, try to get, or try to discover information | Pattern: pursue + noun | Example: The team decided to pursue a less expensive alternative, so the group could make the next decision with clearer information. | Pronunciation: IPA (stress shown separately): /pɚsu/ Stress syllable 2 of 2.
qualitative	relating to quality | Pattern: qualitative + noun | Example: The study used qualitative interviews to understand participants’ experiences, which gave the reviewers a clearer basis for evaluating the conclusion. | Pronunciation: IPA (stress shown separately): /kwɑləteɪtɪv/ Stress syllable 1 of 4. For /v/, touch the upper teeth to the lower lip; do not replace it with /b/. For /w/, round the lips; do not touch the teeth. Keep /ɪ/ short and relaxed, as in sit. Keep the final /v/ audible.
quotation	what someone has said or written | Pattern: quotation from + source | Example: The essay includes a short quotation from the original source, which gave the people involved a clearer basis for the next step. | Pronunciation: IPA (stress shown separately): /kwoʊteɪʃən/ Stress syllable 2 of 3. Use a clear /ʃ/ “sh” sound. For /w/, round the lips; do not touch the teeth. Keep the final /n/ audible.
radical	fundamental or extreme | Pattern: radical + noun | Example: The proposal calls for a radical change in how the program is funded. | Pronunciation: IPA (stress shown separately): /rædəkəl/ Stress syllable 1 of 3. Keep the final /l/ audible.
random	without pattern or plan | Pattern: random + noun | Example: The researchers selected a random sample from the full student population, which gave the teacher clearer information for the following lesson. | Pronunciation: IPA (stress shown separately): /rændəm/ Stress syllable 1 of 2. Keep the final /m/ audible.
range	the upper and lower limits of something | Pattern: range of + noun; range from X to Y | Example: The values fall within a narrow range, so the reader could understand the intended relationship without guessing. | Pronunciation: IPA (stress shown separately): /reɪndʒ/ Stress syllable 1 of 1. Use /dʒ/ “j,” as in job. Keep the final /dʒ/ audible.
ratio	a comparison of two things expressed as a number | Pattern: ratio between + quantities | Example: The student-to-teacher ratio is lower in the pilot program, so the class could connect the idea to the next activity. | Pronunciation: IPA (stress shown separately): /reɪʃioʊ/ Stress syllable 1 of 3. Use a clear /ʃ/ “sh” sound.
rational	logical or based on reason | Pattern: rational + noun; be rational | Example: A rational decision should be based on evidence and clearly stated priorities, so the team could interpret the evidence with less uncertainty. | Pronunciation: IPA (stress shown separately): /ræʃənəl/ Stress syllable 1 of 3. Use a clear /ʃ/ “sh” sound. Keep the final /l/ audible.
reaction	behavior or action as a result of a particular event | Pattern: reaction to + event | Example: The announcement produced a mixed reaction from staff, so the team could interpret the evidence with less uncertainty. | Pronunciation: IPA (stress shown separately): /riækʃən/ Stress syllable 2 of 3. Use a clear /ʃ/ “sh” sound. Keep the final /n/ audible.
recovery	return to normal, or getting back something lost | Pattern: recovery from + event; recovery of + item | Example: The backup system allowed a rapid recovery of the deleted files, which gave the people involved a clearer basis for the next step. | Pronunciation: IPA (stress shown separately): /rɪkʌvri/ Stress syllable 2 of 3. For /v/, touch the upper teeth to the lower lip; do not replace it with /b/. Keep short /ɪ/ distinct from long /i/.
refine	improve something through small changes | Pattern: refine + noun | Example: The team refined the model after comparing its predictions with real data. | Pronunciation: IPA (stress shown separately): /rəfaɪn/ Stress syllable 2 of 2. Let /aɪ/ glide smoothly, as in my. Keep the final /n/ audible.
regime	a particular government or controlling group or system | Pattern: regime in + country; regime for + activity | Example: The report analyzes the regulatory regime governing water use, so the audience could understand the intended point without guessing. | Pronunciation: IPA (stress shown separately): /rəʒim/ Stress syllable 2 of 2. Use /ʒ/ “zh,” as in measure. Keep the final /m/ audible.
region	a geographical or physical area | Pattern: region of + country; region around + place | Example: The study focuses on schools in a rural region of the state, which gave the reviewers a clearer basis for evaluating the conclusion. | Pronunciation: IPA (stress shown separately): /ridʒən/ Stress syllable 1 of 2. Use /dʒ/ “j,” as in job. Keep the final /n/ audible.
register	to officially record or enroll a person or item | Pattern: register for + noun; register with + organization | Example: More than two hundred students registered for the summer program, so the class could connect the idea to the next activity. | Pronunciation: IPA (stress shown separately): /rɛdʒɪstɚ/ Stress syllable 1 of 3. Use /dʒ/ “j,” as in job. Keep /ɪ/ short and relaxed, as in sit.
regulation	rules issued by an authority | Pattern: regulation on/for + activity | Example: Federal regulations require secure handling of student records, which gave the teacher clearer information for the following lesson. | Pronunciation: IPA (stress shown separately): /rɛɡjəleɪʃən/ Stress syllable 3 of 4. Use a clear /ʃ/ “sh” sound. Keep the final /n/ audible.
reinforce	to strengthen an idea, behavior, or structure | Pattern: reinforce + noun | Example: The second example reinforced the main idea, which gave the people involved a clearer basis for the next step. | Pronunciation: IPA (stress shown separately): /riɪnfɔrs/ Stress syllable 3 of 3. Keep short /ɪ/ distinct from long /i/. Keep the final /s/ audible.
reject	to refuse to accept a proposal, claim, or request | Pattern: reject + noun | Example: The panel rejected the proposal because it lacked supporting evidence. | Pronunciation: IPA (stress shown separately): /rɪdʒɛkt/ Stress syllable 2 of 2. Use /dʒ/ “j,” as in job. Keep /ɪ/ short and relaxed, as in sit. Keep the final /t/ audible.
relax	to make a rule or restriction less strict | Pattern: relax + noun | Example: The district relaxed the rule after reviewing the new safety data, which gave the teacher clearer information for the following lesson. | Pronunciation: IPA (stress shown separately): /rɪlæks/ Stress syllable 2 of 2. Keep /ɪ/ short and relaxed, as in sit. Keep the final /s/ audible.
release	to let go or let out | Pattern: release + noun | Example: The agency will release the report after the review is complete. | Pronunciation: IPA (stress shown separately): /rilis/ Stress syllable 2 of 2. Keep the final /s/ audible.
relevant	correct or suitable for a particular purpose | Pattern: relevant + noun; be relevant to + noun | Example: Include only evidence that is relevant to the question being investigated, which gave the reviewers a clearer basis for evaluating the conclusion. | Pronunciation: IPA (stress shown separately): /rɛləvənt/ Stress syllable 1 of 3. For /v/, touch the upper teeth to the lower lip; do not replace it with /b/. Keep the final /t/ audible.
reliance	the tendency to trust in someone or something | Pattern: reliance on + person/thing | Example: Heavy reliance on one data source can weaken a conclusion, so the team could interpret the evidence with less uncertainty. | Pronunciation: IPA (stress shown separately): /rɪlaɪəns/ Stress syllable 2 of 3. Keep /ɪ/ short and relaxed, as in sit. Let /aɪ/ glide smoothly, as in my. Keep the final /s/ audible.
reluctant	unwilling or hesitant | Pattern: be reluctant to + verb | Example: Some staff members were reluctant to adopt the new system without additional training, which gave the people involved a clearer basis for the next step. | Pronunciation: IPA (stress shown separately): /rɪlʌktənt/ Stress syllable 2 of 3. Keep /ɪ/ short and relaxed, as in sit. Keep the final /t/ audible.
remove	to take something away from a place, group, or set | Pattern: remove + noun + from + noun | Example: The analyst removed duplicate records before calculating the total, so the reader could understand the intended relationship without guessing. | Pronunciation: IPA (stress shown separately): /rimuv/ Stress syllable 2 of 2. For /v/, touch the upper teeth to the lower lip; do not replace it with /b/. Keep the final /v/ audible.
require	to make something necessary or officially expected | Pattern: require + person + to + verb; require + noun | Example: The course required students to complete a research project, which gave the teacher clearer information for the following lesson. | Pronunciation: IPA (stress shown separately): /rikwaɪɚ/ Stress syllable 2 of 3. For /w/, round the lips; do not touch the teeth. Let /aɪ/ glide smoothly, as in my.
research	a detailed study of a subject | Pattern: research on/into + topic | Example: The recommendation is supported by recent research, which gave the reviewers a clearer basis for evaluating the conclusion. | Pronunciation: IPA (stress shown separately): /risɚtʃ/ Stress syllable 1 of 2. Use a crisp /tʃ/ “ch” sound. Keep the final /tʃ/ audible.
resident	a person who lives at a particular place | Pattern: resident of + place | Example: Each resident received information about the construction schedule, so the group could make the next decision with clearer information. | Pronunciation: IPA (stress shown separately): /rɛzɪdənt/ Stress syllable 1 of 3. Keep /ɪ/ short and relaxed, as in sit. Keep the final /t/ audible.
resolution	a course of action which is decided purposefully | Pattern: resolution of + conflict; resolution to + issue | Example: The board passed a resolution supporting the new program, which allowed the board to explain the decision more transparently. | Pronunciation: IPA (stress shown separately): /rɛzəluʃən/ Stress syllable 3 of 4. Use a clear /ʃ/ “sh” sound. Keep the final /n/ audible.
resource	money, valuable possessions, or natural materials | Pattern: resource for + person/purpose | Example: The course provides resources for additional practice, so the class could connect the idea to the next activity. | Pronunciation: IPA (stress shown separately): /risɔrs/ Stress syllable 1 of 2. Keep the final /s/ audible.
response	an answer or reaction to a question or statement | Pattern: response to + question/event | Example: The district received a positive response from families, which gave the teacher clearer information for the following lesson. | Pronunciation: IPA (stress shown separately): /rɪspɑns/ Stress syllable 2 of 2. Keep /ɪ/ short and relaxed, as in sit. Keep the final /s/ audible.
restore	to return to a previous condition or position | Pattern: restore + noun; restore + noun + to + state | Example: The backup restored the files that had been deleted accidentally. | Pronunciation: IPA (stress shown separately): /rɪstɔr/ Stress syllable 2 of 2. Keep /ɪ/ short and relaxed, as in sit. Keep the final /r/ audible.
restraint	limitations or controls of the freedom of something | Pattern: restraint on + noun | Example: Budget restraints limited the size of the pilot, which allowed leaders to direct limited resources toward the highest-priority work. | Pronunciation: IPA (stress shown separately): /rɪstreɪnt/ Stress syllable 2 of 2. Keep /ɪ/ short and relaxed, as in sit. Keep the final /t/ audible.
restricted	with limitations, or available only to a select few | Pattern: restricted + noun; be restricted to + noun | Example: Access to the confidential records is restricted to authorized staff, which gave the people involved a clearer basis for the next step. | Pronunciation: IPA (stress shown separately): /ristrɪktəd/ Stress syllable 2 of 3. Keep short /ɪ/ distinct from long /i/. Keep the final /d/ audible.
retain	to keep something rather than lose or remove it | Pattern: retain + noun | Example: Students retained more vocabulary when they used it in original sentences. | Pronunciation: IPA (stress shown separately): /rɪteɪn/ Stress syllable 2 of 2. Keep /ɪ/ short and relaxed, as in sit. Keep the final /n/ audible.
reveal	to make previously unknown information visible or known | Pattern: reveal + noun; reveal that + clause | Example: The follow-up analysis revealed a substantial difference between the groups, which gave the reviewers a clearer basis for evaluating the conclusion. | Pronunciation: IPA (stress shown separately): /rɪvil/ Stress syllable 2 of 2. For /v/, touch the upper teeth to the lower lip; do not replace it with /b/. Keep short /ɪ/ distinct from long /i/. Keep the final /l/ audible.
revenue	income that a company or government receives | Pattern: revenue from + source | Example: Tuition revenue declined when enrollment fell, so the people affected could understand the practical consequence. | Pronunciation: IPA (stress shown separately): /rɛvənu/ Stress syllable 1 of 3. For /v/, touch the upper teeth to the lower lip; do not replace it with /b/.
reverse	opposite or back | Pattern: reverse + noun | Example: The reverse process converts the stored energy back into motion, which gave the people involved a clearer basis for the next step. | Pronunciation: IPA (stress shown separately): /rɪvɝs/ Stress syllable 2 of 2. For /v/, touch the upper teeth to the lower lip; do not replace it with /b/. Keep /ɪ/ short and relaxed, as in sit. Keep the final /s/ audible.
revision	a change of the words of a text | Pattern: revision of/to + document | Example: The second revision improved the clarity of the report, which reduced the chance that readers would misinterpret the message. | Pronunciation: IPA (stress shown separately): /rivɪʒən/ Stress syllable 2 of 3. Use /ʒ/ “zh,” as in measure. For /v/, touch the upper teeth to the lower lip; do not replace it with /b/. Keep short /ɪ/ distinct from long /i/. Keep the final /n/ audible.
revolution	a sudden or important change in a situation | Pattern: revolution in + field | Example: The digital revolution changed how information is created and shared. | Pronunciation: IPA (stress shown separately): /rɛvəluʃən/ Stress syllable 3 of 4. Use a clear /ʃ/ “sh” sound. For /v/, touch the upper teeth to the lower lip; do not replace it with /b/. Keep the final /n/ audible.
rigid	stiff and fixed, or not able to be changed or persuaded | Pattern: rigid + noun; be rigid | Example: A rigid schedule can make it difficult to respond to unexpected needs, so the group could make the next decision with clearer information. | Pronunciation: IPA (stress shown separately): /rɪdʒəd/ Stress syllable 1 of 2. Use /dʒ/ “j,” as in job. Keep /ɪ/ short and relaxed, as in sit. Keep the final /d/ audible.
role	a function or part performed in a specific process | Pattern: role in + process; role of + person | Example: The facilitator’s role is to keep the discussion focused, which reduced the chance that readers would misinterpret the message. | Pronunciation: IPA (stress shown separately): /roʊl/ Stress syllable 1 of 1. Keep the final /l/ audible.
route	way between places, or method of achieving something | Pattern: route from X to Y; route to + place | Example: The map shows the safest route to the field site, which gave the reviewers a clearer basis for evaluating the conclusion. | Pronunciation: IPA (stress shown separately): /rut/ Stress syllable 1 of 1. Keep the final /t/ audible.
scenario	imagined event, or model of expected outcomes | Pattern: scenario in which + clause; scenario for + event | Example: The team developed a worst-case scenario for emergency planning, which reduced the risk of conflicting instructions during a stressful moment. | Pronunciation: IPA (stress shown separately): /sɪnɛrioʊ/ Stress syllable 2 of 4. Keep short /ɪ/ distinct from long /i/.
schedule	a plan of activities organized by time | Pattern: schedule for + event; on schedule | Example: The schedule lists every task and deadline, so the group could make the next decision with clearer information. | Pronunciation: IPA (stress shown separately): /skɛdʒʊl/ Stress syllable 1 of 2. Use /dʒ/ “j,” as in job. Keep the final /l/ audible.
scheme	an organized plan, or an outline of a system or thing | Pattern: scheme for + purpose; scheme of + arrangement | Example: The color scheme makes the dashboard easier to read, so the group could make the next decision with clearer information. | Pronunciation: IPA (stress shown separately): /skim/ Stress syllable 1 of 1. Keep the final /m/ audible.
scope	range covered, or opportunity | Pattern: scope of + project; within/outside the scope | Example: The question falls outside the scope of this study, which gave the reviewers a clearer basis for evaluating the conclusion. | Pronunciation: IPA (stress shown separately): /skoʊp/ Stress syllable 1 of 1. Keep the final /p/ audible.
section	a distinct part of something | Pattern: section of + document/object | Example: The methods section explains how the data were collected. | Pronunciation: IPA (stress shown separately): /sɛkʃən/ Stress syllable 1 of 2. Use a clear /ʃ/ “sh” sound. Keep the final /n/ audible.
sector	a geographic or economic area | Pattern: sector of + economy | Example: The health-care sector employs millions of people, so policy decisions in that area can affect workers, organizations, and the broader economy. | Pronunciation: IPA (stress shown separately): /sɛktɚ/ Stress syllable 1 of 2.
security	protection of a person, property or organization | Pattern: security of + system; security against + threat | Example: The school strengthened network security after the incident, so the class could connect the idea to the next activity. | Pronunciation: IPA (stress shown separately): /sɪkjʊrəti/ Stress syllable 2 of 4. Keep short /ɪ/ distinct from long /i/.
select	to choose, especially after careful consideration | Pattern: select + noun + from + group | Example: The committee selected three proposals for further review, so the group could make the next decision with clearer information. | Pronunciation: IPA (stress shown separately): /səlɛkt/ Stress syllable 2 of 2. Keep the final /t/ audible.
sequence	a series, or the order in which things are arranged | Pattern: sequence of + items | Example: Arrange the steps in the correct sequence, so the reader could understand the intended relationship without guessing. | Pronunciation: IPA (stress shown separately): /sikwəns/ Stress syllable 1 of 2. For /w/, round the lips; do not touch the teeth. Keep the final /s/ audible.
series	a sequence of similar or related things | Pattern: series of + plural noun | Example: The teacher demonstrated the skill through a series of examples, so the class could connect the idea to the next activity. | Pronunciation: IPA (stress shown separately): /sɪriz/ Stress syllable 1 of 2. Keep short /ɪ/ distinct from long /i/. Keep the final /z/ audible.
sex	the state of being either female or male | Pattern: sex of + participant; differences by sex | Example: The study reported outcomes by age and sex, which gave the reviewers a clearer basis for evaluating the conclusion. | Pronunciation: IPA (stress shown separately): /sɛks/ Stress syllable 1 of 1. Keep the final /s/ audible.
shift	a change in position, direction or conditions | Pattern: shift from X to Y; shift in + trend | Example: The data show a gradual shift toward online services, so the team could interpret the evidence with less uncertainty. | Pronunciation: IPA (stress shown separately): /ʃɪft/ Stress syllable 1 of 1. Use a clear /ʃ/ “sh” sound. Keep /ɪ/ short and relaxed, as in sit. Keep the final /t/ audible.
significant	noticeable, meaningful or important | Pattern: significant + noun; be significant | Example: Because the researchers wanted to distinguish statistical evidence from practical importance, the change was statistically significant, but its practical effect was small. | Pronunciation: IPA (stress shown separately): /səɡnɪfɪkənt/ Stress syllable 2 of 4. Keep /ɪ/ short and relaxed, as in sit. Keep the final /t/ audible.
similar	almost but not exactly the same | Pattern: similar + noun; be similar to + noun | Example: The two groups produced similar results under the same conditions, which gave the reviewers a clearer basis for evaluating the conclusion. | Pronunciation: IPA (stress shown separately): /sɪməlɚ/ Stress syllable 1 of 3. Keep /ɪ/ short and relaxed, as in sit.
simulation	model of the essential features of a process or thing | Pattern: simulation of + process | Example: The simulation allows students to test the model safely, so the class could connect the idea to the next activity. | Pronunciation: IPA (stress shown separately): /sɪmjəleɪʃən/ Stress syllable 3 of 4. Use a clear /ʃ/ “sh” sound. Keep /ɪ/ short and relaxed, as in sit. Keep the final /n/ audible.
site	a place where something was, is, or will be | Pattern: site of + event; site for + project | Example: Researchers collected water samples at each site, which gave the people involved a clearer basis for the next step. | Pronunciation: IPA (stress shown separately): /saɪt/ Stress syllable 1 of 1. Let /aɪ/ glide smoothly, as in my. Keep the final /t/ audible.
so-called	commonly or sometimes inaccurately called | Pattern: so-called + noun | Example: The so-called improvement disappeared when the data were analyzed more carefully. | Pronunciation: IPA (stress shown separately): /soʊ kɔld/ Link the words smoothly; give the strongest phrase stress to “called.” Keep the final /d/ audible.
solely	only and exclusively | Pattern: solely + verb/adjective | Example: The decision should not be based solely on test scores, which gave the reviewers a clearer basis for evaluating the conclusion. | Pronunciation: IPA (stress shown separately): /soʊəli/ Stress syllable 1 of 3.
somewhat	slightly or rather | Pattern: somewhat + adjective/adverb | Example: The revised explanation was somewhat clearer than the original one, which reduced the chance that readers would misinterpret the message. | Pronunciation: IPA (stress shown separately): /sʌmwʌt/ Stress syllable 1 of 2. For /w/, round the lips; do not touch the teeth. Keep the final /t/ audible.
seek	to try to obtain, find, or receive something | Pattern: seek + noun; seek to + verb | Example: The district sought feedback from teachers and families, which gave the teacher clearer information for the following lesson. | Pronunciation: IPA: /sik/ Use a long /i/ as in see, and release the final /k/ clearly.
source	the cause of something or place it comes from | Pattern: source of + information/problem | Example: Always evaluate whether a source is current and trustworthy, so the team could interpret the evidence with less uncertainty. | Pronunciation: IPA (stress shown separately): /sɔrs/ Stress syllable 1 of 1. Keep the final /s/ audible.
specific	relating to one thing and not others | Pattern: specific + noun; be specific about + noun | Example: Give specific evidence instead of making a broad generalization, so the team could interpret the evidence with less uncertainty. | Pronunciation: IPA (stress shown separately): /spəsɪfɪk/ Stress syllable 2 of 3. Keep /ɪ/ short and relaxed, as in sit. Keep the final /k/ audible.
specify	to state something clearly and exactly | Pattern: specify + noun; specify that + clause | Example: The instructions specified the units that students should use. | Pronunciation: IPA (stress shown separately): /spɛsəfaɪ/ Stress syllable 1 of 3. Let /aɪ/ glide smoothly, as in my.
sphere	area of interest, knowledge or control | Pattern: sphere of + activity/influence | Example: The policy falls within the sphere of local government, which allowed the board to explain the decision more transparently. | Pronunciation: IPA (stress shown separately): /sfɪr/ Stress syllable 1 of 1. Keep /ɪ/ short and relaxed, as in sit. Keep the final /r/ audible.
stability	resistance to change, or constancy of character | Pattern: stability of + system | Example: The engineers tested the structure’s stability under strong winds, so the reader could understand the intended relationship without guessing. | Pronunciation: IPA (stress shown separately): /stəbɪlɪti/ Stress syllable 2 of 4. For /b/, close both lips completely. Keep short /ɪ/ distinct from long /i/.
statistics	a branch of applied mathematics that analyzes data | Pattern: statistics on/about + topic | Example: Statistics helps researchers summarize data and evaluate uncertainty, which gave the reviewers a clearer basis for evaluating the conclusion. | Pronunciation: IPA (stress shown separately): /stətɪstɪks/ Stress syllable 2 of 3. Keep /ɪ/ short and relaxed, as in sit. Keep the final /s/ audible.
status	the current condition or position of a person, task, or system | Pattern: status of + person/process | Example: The portal shows the current status of every application, so the group could make the next decision with clearer information. | Pronunciation: IPA (stress shown separately): /stætəs/ Stress syllable 1 of 2. Keep the final /s/ audible.
straightforward	easy to understand, or honest and frank | Pattern: be straightforward; straightforward + noun | Example: The calculation is straightforward once the variables are defined, which gave the people involved a clearer basis for the next step. | Pronunciation: IPA (stress shown separately): /streɪtfɔrwɚd/ Stress syllable 1 of 3. For /w/, round the lips; do not touch the teeth. Keep the final /d/ audible.
strategy	detailed plans or methods for achieving success | Pattern: strategy for + gerund | Example: The workshop introduces strategies for improving productive vocabulary, so the group could make the next decision with clearer information. | Pronunciation: IPA (stress shown separately): /strætədʒi/ Stress syllable 1 of 3. Use /dʒ/ “j,” as in job.
stress	to give emphasis or special attention to something | Pattern: stress + noun; stress that + clause | Example: The instructor stressed the importance of checking units, which gave the people involved a clearer basis for the next step. | Pronunciation: IPA (stress shown separately): /strɛs/ Stress syllable 1 of 1. Keep the final /s/ audible.
structure	the way parts of a system or object are arranged | Pattern: structure of + system | Example: The diagram shows the internal structure of the cell, so the team could interpret the evidence with less uncertainty. | Pronunciation: IPA (stress shown separately): /strʌktʃɚ/ Stress syllable 1 of 2. Use a crisp /tʃ/ “ch” sound.
style	types, expressions, or ways of doing something | Pattern: style of + writing/design | Example: The course exposes students to several writing styles, so the class could connect the idea to the next activity. | Pronunciation: IPA (stress shown separately): /staɪl/ Stress syllable 1 of 1. Let /aɪ/ glide smoothly, as in my. Keep the final /l/ audible.
submit	to formally present work, a request, or a document | Pattern: submit + noun + to + person/system | Example: The team submitted the final report before the deadline, so the group could make the next decision with clearer information. | Pronunciation: IPA (stress shown separately): /səbmɪt/ Stress syllable 2 of 2. For /b/, close both lips completely. Keep /ɪ/ short and relaxed, as in sit. Keep the final /t/ audible.
subordinate	of less importance or lower status | Pattern: subordinate + noun; be subordinate to + noun | Example: The subordinate clause cannot stand alone as a complete sentence, so the reader could understand the intended relationship without guessing. | Pronunciation: IPA (stress shown separately): /səbɔrdəneɪt/ Stress syllable 2 of 4. For /b/, close both lips completely. Keep the final /t/ audible.
subsequent	happening after something else | Pattern: subsequent + noun | Example: Subsequent studies produced results that were consistent with the original finding. | Pronunciation: IPA (stress shown separately): /sʌbsəkwənt/ Stress syllable 1 of 3. For /w/, round the lips; do not touch the teeth. For /b/, close both lips completely. Keep the final /t/ audible.
subsidiary	of lesser importance | Pattern: subsidiary + noun; be subsidiary to + noun | Example: The report treats cost as a subsidiary concern rather than the main issue, which reduced the chance that readers would misinterpret the message. | Pronunciation: IPA (stress shown separately): /səbsɪdiɛri/ Stress syllable 2 of 5. For /b/, close both lips completely. Keep short /ɪ/ distinct from long /i/.
substitution	the replacement of one thing by another | Pattern: substitution of + noun; substitution for + noun | Example: The substitution of one value simplified the equation, so the reader could understand the intended relationship without guessing. | Pronunciation: IPA (stress shown separately): /sʌbstɪtuʃən/ Stress syllable 3 of 4. Use a clear /ʃ/ “sh” sound. For /b/, close both lips completely. Keep /ɪ/ short and relaxed, as in sit. Keep the final /n/ audible.
successive	following in sequence and without a break | Pattern: successive + plural noun | Example: The team improved the prototype through three successive revisions, so the group could make the next decision with clearer information. | Pronunciation: IPA (stress shown separately): /səksɛsɪv/ Stress syllable 2 of 3. For /v/, touch the upper teeth to the lower lip; do not replace it with /b/. Keep /ɪ/ short and relaxed, as in sit. Keep the final /v/ audible.
sufficient	as much as is needed for a particular purpose | Pattern: sufficient + noun; be sufficient for/to + noun/verb | Example: The sample was sufficient for a preliminary analysis, which gave the reviewers a clearer basis for evaluating the conclusion. | Pronunciation: IPA (stress shown separately): /səfɪʃənt/ Stress syllable 2 of 3. Use a clear /ʃ/ “sh” sound. Keep /ɪ/ short and relaxed, as in sit. Keep the final /t/ audible.
sum	the total number or amount of things added together | Pattern: sum of + numbers | Example: The sum of the three measurements is 24.6 centimeters, which reduced uncertainty about whether the first result was reliable. | Pronunciation: IPA (stress shown separately): /sʌm/ Stress syllable 1 of 1. Keep the final /m/ audible.
summary	a short description of the main points of something | Pattern: summary of + document | Example: The executive summary presents the report’s main findings, which reduced the chance that readers would misinterpret the message. | Pronunciation: IPA (stress shown separately): /sʌmɚi/ Stress syllable 1 of 3.
supplementary	extra, or supplying what is lacking | Pattern: supplementary + noun | Example: The teacher provided supplementary materials for students who wanted more practice. | Pronunciation: IPA (stress shown separately): /sʌpləmɛntɚi/ Stress syllable 3 of 5.
survey	a series of questions used to gather personal data | Pattern: survey of + group; survey about/on + topic | Example: The school conducted a survey of students and families, which gave the teacher clearer information for the following lesson. | Pronunciation: IPA (stress shown separately): /sɝveɪ/ Stress syllable 1 of 2. For /v/, touch the upper teeth to the lower lip; do not replace it with /b/.
survive	to continue to live or exist | Pattern: survive; survive + noun | Example: The small program survived because community partners continued to fund it. | Pronunciation: IPA (stress shown separately): /sɚvaɪv/ Stress syllable 2 of 2. For /v/, touch the upper teeth to the lower lip; do not replace it with /b/. Let /aɪ/ glide smoothly, as in my. Keep the final /v/ audible.
suspend	to stop an activity temporarily | Pattern: suspend + noun; suspend + person + from + activity | Example: The laboratory suspended testing until the equipment could be inspected, so the team could interpret the evidence with less uncertainty. | Pronunciation: IPA (stress shown separately): /səspɛnd/ Stress syllable 2 of 2. Keep the final /d/ audible.
sustainable	able to be continued or maintained | Pattern: sustainable + noun; be sustainable | Example: The program needs a sustainable funding model before it can expand. | Pronunciation: IPA (stress shown separately): /səsteɪnəbəl/ Stress syllable 2 of 4. For /b/, close both lips completely. Keep the final /l/ audible.
symbolic	representing something else, or ineffective | Pattern: symbolic + noun; be symbolic of + noun | Example: The resolution was largely symbolic and did not change the law, which allowed the board to explain the decision more transparently. | Pronunciation: IPA (stress shown separately): /sɪmbɑlɪk/ Stress syllable 2 of 3. For /b/, close both lips completely. Keep /ɪ/ short and relaxed, as in sit. Keep the final /k/ audible.
tape	recordings of sound or pictures | Pattern: tape of + recording; plural tape | Example: The archive contains audio tapes of the original interviews, which gave the people involved a clearer basis for the next step. | Pronunciation: IPA (stress shown separately): /teɪp/ Stress syllable 1 of 1. Keep the final /p/ audible.
target	aim, thing to be aimed at, or who something is for | Pattern: target for + measure; target of + action | Example: The class met its reading-growth target for the semester, which gave the teacher clearer information for the following lesson. | Pronunciation: IPA (stress shown separately): /tɑrɡət/ Stress syllable 1 of 2. Keep the final /t/ audible.
task	a piece of work that is either difficult or unpleasant | Pattern: task of + gerund; task for + person | Example: The final task requires students to explain their reasoning in writing, so the class could connect the idea to the next activity. | Pronunciation: IPA (stress shown separately): /tæsk/ Stress syllable 1 of 1. Keep the final /k/ audible.
team	organized group of people who work cooperatively | Pattern: team of + people; team responsible for | Example: The project team meets every Monday to review progress, which helped the manager assign the next responsibility accurately. | Pronunciation: IPA (stress shown separately): /tim/ Stress syllable 1 of 1. Keep the final /m/ audible.
technical	relating to specialized words of a specific subject | Pattern: technical + noun | Example: The manual uses technical vocabulary that may be unfamiliar to new users. | Pronunciation: IPA (stress shown separately): /tɛknɪkəl/ Stress syllable 1 of 3. Keep /ɪ/ short and relaxed, as in sit. Keep the final /l/ audible.
technique	ways of doing an activity that requires skill | Pattern: technique for + gerund | Example: Students practiced several techniques for estimating unfamiliar quantities, which gave the teacher clearer information for the following lesson. | Pronunciation: IPA (stress shown separately): /tɛknik/ Stress syllable 2 of 2. Keep the final /k/ audible.
technology	the study of practical uses of scientific discoveries | Pattern: technology for + purpose | Example: The school uses technology to support collaboration and data analysis, which gave the teacher clearer information for the following lesson. | Pronunciation: IPA (stress shown separately): /tɛknɑlədʒi/ Stress syllable 2 of 4. Use /dʒ/ “j,” as in job.
temporary	for a limited period | Pattern: temporary + noun | Example: The school introduced a temporary schedule while the building was repaired. | Pronunciation: IPA (stress shown separately): /tɛmpɚɛri/ Stress syllable 1 of 4.
tension	nervousness or uneasiness | Pattern: tension between + groups; tension over + issue | Example: The disagreement created tension between the two departments, which gave the people involved a clearer basis for the next step. | Pronunciation: IPA (stress shown separately): /tɛnʃən/ Stress syllable 1 of 2. Use a clear /ʃ/ “sh” sound. Keep the final /n/ audible.
termination	end of something, or process of ending something | Pattern: termination of + contract/process | Example: The contract explains the conditions for early termination, which reduced the chance of a later dispute about how the agreement could be ended. | Pronunciation: IPA (stress shown separately): /tɚməneɪʃən/ Stress syllable 3 of 4. Use a clear /ʃ/ “sh” sound. Keep the final /n/ audible.
text	the words printed on a page other than the headings | Pattern: text about/on + topic | Example: The text presents two competing explanations of the event, so the reader could understand the intended relationship without guessing. | Pronunciation: IPA (stress shown separately): /tɛkst/ Stress syllable 1 of 1. Keep the final /t/ audible.
theme	topic of speech or writing | Pattern: theme of/in + text | Example: Equity is a recurring theme throughout the report, which reduced the chance that readers would misinterpret the message. | Pronunciation: IPA (stress shown separately): /θim/ Stress syllable 1 of 1. Keep the final /m/ audible.
theory	an organized system of accepted knowledge | Pattern: theory of/about + phenomenon | Example: A scientific theory explains a broad set of observations, so the team could interpret the evidence with less uncertainty. | Pronunciation: IPA (stress shown separately): /θɪri/ Stress syllable 1 of 2. Keep short /ɪ/ distinct from long /i/.
thereby	as a result or this | Pattern: clause, thereby + gerund | Example: The new form removed repeated questions, thereby reducing completion time, which gave the reviewers a clearer basis for evaluating the conclusion. | Pronunciation: IPA (stress shown separately): /ðɛrbaɪ/ Stress syllable 1 of 2. For /b/, close both lips completely. Let /aɪ/ glide smoothly, as in my.
thesis	long academic paper based on original research | Pattern: thesis on + topic | Example: Her thesis examines how feedback affects student revision, so the class could connect the idea to the next activity. | Pronunciation: IPA (stress shown separately): /θisəs/ Stress syllable 1 of 2. Keep the final /s/ audible.
topic	subject of a text or discussion | Pattern: topic of + discussion; topic for + paper | Example: The group returned to the main topic after a brief discussion of scheduling, which reduced the chance that readers would misinterpret the message. | Pronunciation: IPA (stress shown separately): /tɑpɪk/ Stress syllable 1 of 2. Keep /ɪ/ short and relaxed, as in sit. Keep the final /k/ audible.
trace	to find or discover by careful searching or research | Pattern: trace + noun + to + source | Example: Investigators traced the error to an incorrect formula, so the team could interpret the evidence with less uncertainty. | Pronunciation: IPA (stress shown separately): /treɪs/ Stress syllable 1 of 1. Keep the final /s/ audible.
traditional	the usual ways or customs of a group of people | Pattern: traditional + noun | Example: The course combines traditional instruction with project-based learning, so the class could connect the idea to the next activity. | Pronunciation: IPA (stress shown separately): /trədɪʃənəl/ Stress syllable 2 of 4. Use a clear /ʃ/ “sh” sound. Keep /ɪ/ short and relaxed, as in sit. Keep the final /l/ audible.
transfer	to move from one place to another | Pattern: transfer + noun + to + noun | Example: Students transferred the measurements from their notebooks to a spreadsheet, which reduced uncertainty about whether the first result was reliable. | Pronunciation: IPA (stress shown separately): /trænsfɝ/ Stress syllable 2 of 2.
transformation	a complete change or the process of change | Pattern: transformation of X into Y | Example: The organization underwent a major digital transformation, so the reader could understand the intended relationship without guessing. | Pronunciation: IPA (stress shown separately): /trænsfɚmeɪʃən/ Stress syllable 3 of 4. Use a clear /ʃ/ “sh” sound. Keep the final /n/ audible.
transition	a process or period in which something changes | Pattern: transition from X to Y | Example: The school planned a gradual transition to the new schedule, so the class could connect the idea to the next activity. | Pronunciation: IPA (stress shown separately): /trænzɪʃən/ Stress syllable 2 of 3. Use a clear /ʃ/ “sh” sound. Keep /ɪ/ short and relaxed, as in sit. Keep the final /n/ audible.
transmission	process of passing or sending something invisible | Pattern: transmission of + information/disease | Example: Encryption protects information during transmission, so the team could interpret the evidence with less uncertainty. | Pronunciation: IPA (stress shown separately): /trænsmɪʃən/ Stress syllable 2 of 3. Use a clear /ʃ/ “sh” sound. Keep /ɪ/ short and relaxed, as in sit. Keep the final /n/ audible.
transport	to carry from one place to another | Pattern: transport + noun + to + place | Example: The district transports students from rural communities to the central campus, which gave the teacher clearer information for the following lesson. | Pronunciation: IPA (stress shown separately): /trænspɔrt/ Stress syllable 2 of 2. Keep the final /t/ audible.
trend	fashion, or change in people's behavior or attitude | Pattern: trend in + data; trend toward + noun | Example: The graph shows an upward trend in course completion, which prompted the school to examine whether the improvement would continue over time. | Pronunciation: IPA (stress shown separately): /trɛnd/ Stress syllable 1 of 1. Keep the final /d/ audible.
trigger	cause, or set off an action or series of actions | Pattern: trigger + noun | Example: A sharp temperature change triggered the alarm, which gave the reviewers a clearer basis for evaluating the conclusion. | Pronunciation: IPA (stress shown separately): /trɪɡɚ/ Stress syllable 1 of 2. Keep /ɪ/ short and relaxed, as in sit.
ultimately	finally and after much trouble or discussion | Pattern: ultimately + verb/adjective | Example: Ultimately, the board decided that the benefits outweighed the costs. | Pronunciation: IPA (stress shown separately): /ʌltəmətli/ Stress syllable 1 of 4.
undergo	to experience of endure | Pattern: undergo + noun | Example: The samples undergo a chemical change when they are heated. | Pronunciation: IPA (stress shown separately): /ʌndɚɡoʊ/ Stress syllable 3 of 3.
underlying	fundamental, implicit but not obvious, prior | Pattern: underlying + noun | Example: The discussion focused on the underlying causes of the attendance problem, so the audience could understand the intended point without guessing. | Pronunciation: IPA (stress shown separately): /ʌndɚlaɪɪŋ/ Stress syllable 3 of 4. Keep /ɪ/ short and relaxed, as in sit. Let /aɪ/ glide smoothly, as in my. Keep the final /ŋ/ audible.
undertake	to begin and accept responsibility for a task, project, or formal activity | Pattern: undertake + noun; be undertaken to + verb | Example: The review was undertaken to determine whether the policy was effective. | Pronunciation: IPA: /ˌʌndɚˈteɪk/ Put the strongest stress on take, and keep the final /k/ audible.
unify	to combine separate parts into one coherent whole | Pattern: unify + noun; be unify by + noun | Example: The new framework unified several separate reporting systems, so the reader could understand the intended relationship without guessing. | Pronunciation: IPA (stress shown separately): /junəfaɪ/ Stress syllable 1 of 3. Let /aɪ/ glide smoothly, as in my.
uniform	always the same | Pattern: uniform + noun; be uniform across + group | Example: The district adopted uniform reporting requirements for every school, so the reviewer could confirm that every requirement had been addressed. | Pronunciation: IPA (stress shown separately): /junəfɔrm/ Stress syllable 1 of 3. Keep the final /m/ audible.
unique	completely different from anything else | Pattern: unique + noun; be unique to + noun | Example: Each community faces a unique combination of resources and constraints, so the people affected could understand the practical consequence. | Pronunciation: IPA (stress shown separately): /junik/ Stress syllable 2 of 2. Keep the final /k/ audible.
utility	usefulness, or public service such as gas or water | Pattern: utility of + tool; utility for + purpose | Example: The tool’s main utility is its ability to compare several datasets quickly, so the people affected could understand the practical consequence. | Pronunciation: IPA (stress shown separately): /jutɪləti/ Stress syllable 2 of 4. Keep short /ɪ/ distinct from long /i/.
validity	acceptance or meaningfulness based on reason | Pattern: validity of + test/claim | Example: The team questioned the validity of a survey that did not measure the intended skill. | Pronunciation: IPA (stress shown separately): /vəlɪdəti/ Stress syllable 2 of 4. For /v/, touch the upper teeth to the lower lip; do not replace it with /b/. Keep short /ɪ/ distinct from long /i/.
variable	one among a group of things which may change | Pattern: variable + noun; be variable | Example: Attendance was highly variable from one month to the next, which gave the people involved a clearer basis for the next step. | Pronunciation: IPA (stress shown separately): /vɛriəbəl/ Stress syllable 1 of 4. For /v/, touch the upper teeth to the lower lip; do not replace it with /b/. For /b/, close both lips completely. Keep the final /l/ audible.
vehicle	method, or any form of land transport | Pattern: vehicle for + noun/gerund | Example: The internship program serves as a vehicle for career exploration, so the team could interpret the evidence with less uncertainty. | Pronunciation: IPA (stress shown separately): /vihɪkəl/ Stress syllable 1 of 3. For /v/, touch the upper teeth to the lower lip; do not replace it with /b/. Keep short /ɪ/ distinct from long /i/. Keep the final /l/ audible.
version	specific variety, different from others or the original | Pattern: version of + document/software | Example: The latest version fixes several security problems, so the reader could understand the intended relationship without guessing. | Pronunciation: IPA (stress shown separately): /vɝʒən/ Stress syllable 1 of 2. Use /ʒ/ “zh,” as in measure. For /v/, touch the upper teeth to the lower lip; do not replace it with /b/. Keep the final /n/ audible.
via	by way of, or by means of | Pattern: via + noun | Example: Please submit the form via the secure online portal, which gave the people involved a clearer basis for the next step. | Pronunciation: IPA (stress shown separately): /vaɪə/ Stress syllable 1 of 2. For /v/, touch the upper teeth to the lower lip; do not replace it with /b/. Let /aɪ/ glide smoothly, as in my.
violation	action that breaks the rules | Pattern: violation of + law/rule | Example: Sharing the confidential file was a violation of school policy, which gave the teacher clearer information for the following lesson. | Pronunciation: IPA (stress shown separately): /vaɪəleɪʃən/ Stress syllable 3 of 4. Use a clear /ʃ/ “sh” sound. For /v/, touch the upper teeth to the lower lip; do not replace it with /b/. Let /aɪ/ glide smoothly, as in my. Keep the final /n/ audible.
virtually	almost or practically | Pattern: virtually + quantity/adjective | Example: Virtually all participants completed the first section of the survey, so the reader could understand the intended relationship without guessing. | Pronunciation: IPA (stress shown separately): /vɝtʃuəli/ Stress syllable 1 of 4. Use a crisp /tʃ/ “ch” sound. For /v/, touch the upper teeth to the lower lip; do not replace it with /b/.
visible	able to be seen | Pattern: visible + noun; be visible to + person | Example: The change became visible after the data were displayed on a graph. | Pronunciation: IPA (stress shown separately): /vɪzəbəl/ Stress syllable 1 of 3. For /v/, touch the upper teeth to the lower lip; do not replace it with /b/. For /b/, close both lips completely. Keep /ɪ/ short and relaxed, as in sit. Keep the final /l/ audible.
vision	sight, mental image, or ability to anticipate the future | Pattern: vision for + organization; vision of + future | Example: The superintendent presented a clear vision for the district’s future, which gave the teacher clearer information for the following lesson. | Pronunciation: IPA (stress shown separately): /vɪʒən/ Stress syllable 1 of 2. Use /ʒ/ “zh,” as in measure. For /v/, touch the upper teeth to the lower lip; do not replace it with /b/. Keep /ɪ/ short and relaxed, as in sit. Keep the final /n/ audible.
visual	relating to vision or sight | Pattern: visual + noun | Example: A visual model helped students understand the three-dimensional structure, so the class could connect the idea to the next activity. | Pronunciation: IPA (stress shown separately): /vɪʒəwəl/ Stress syllable 1 of 3. Use /ʒ/ “zh,” as in measure. For /v/, touch the upper teeth to the lower lip; do not replace it with /b/. For /w/, round the lips; do not touch the teeth. Keep /ɪ/ short and relaxed, as in sit.
volume	a book which is published periodically or as a series | Pattern: volume of + material/data | Example: The library owns every volume in the reference series, which gave the people involved a clearer basis for the next step. | Pronunciation: IPA (stress shown separately): /vɑljum/ Stress syllable 1 of 2. For /v/, touch the upper teeth to the lower lip; do not replace it with /b/. Keep the final /m/ audible.
voluntary	done willingly and without external force | Pattern: voluntary + noun; be voluntary | Example: Participation in the after-school survey is voluntary, so the class could connect the idea to the next activity. | Pronunciation: IPA (stress shown separately): /vɑləntɛri/ Stress syllable 1 of 4. For /v/, touch the upper teeth to the lower lip; do not replace it with /b/.
welfare	financial help to the poor, or health and happiness | Pattern: welfare of + person/group | Example: The policy gives priority to the safety and welfare of children, so the people affected could understand the practical consequence. | Pronunciation: IPA (stress shown separately): /wɛlfɛr/ Stress syllable 1 of 2. For /w/, round the lips; do not touch the teeth. Keep the final /r/ audible.
whereas	but, compared with the fact that | Pattern: clause, whereas + clause | Example: The first group received direct instruction, whereas the second group learned independently, so the reader could understand the intended relationship without guessing. | Pronunciation: IPA (stress shown separately): /wɛræz/ Stress syllable 2 of 2. For /w/, round the lips; do not touch the teeth. Keep the final /z/ audible.
whereby	by which or through which | Pattern: noun + whereby + clause | Example: The school created a process whereby families could request language support, so the class could connect the idea to the next activity. | Pronunciation: IPA (stress shown separately): /wɛrbaɪ/ Stress syllable 2 of 2. For /w/, round the lips; do not touch the teeth. For /b/, close both lips completely. Let /aɪ/ glide smoothly, as in my.
widespread	existing or happening in many places | Pattern: widespread + noun; become widespread | Example: The practice became widespread after several districts reported positive results. | Pronunciation: IPA (stress shown separately): /waɪdsprɛd/ Stress syllable 1 of 2. For /w/, round the lips; do not touch the teeth. Let /aɪ/ glide smoothly, as in my. Keep the final /d/ audible.
accountability	responsibility for decisions, actions, and results | Pattern: accountability for + noun | Example: School leaders must accept accountability for decisions made by their teams, so the class could connect the idea to the next activity. | Pronunciation: IPA (stress shown separately): /əkaʊntəbɪlɪti/ Stress syllable 2 of 6. For /b/, close both lips completely. Keep short /ɪ/ distinct from long /i/.
actionable	clear and practical enough to act on | Pattern: actionable + noun; be actionable | Example: The feedback was actionable because it identified three specific changes. | Pronunciation: IPA (stress shown separately): /ækʃənəbəl/ Stress syllable 1 of 4. Use a clear /ʃ/ “sh” sound. For /b/, close both lips completely. Keep the final /l/ audible.
agenda	a planned list of topics for a meeting | Pattern: on the agenda; agenda for + meeting | Example: Safety procedures are the first item on today’s meeting agenda, which helped the manager assign the next responsibility accurately. | Pronunciation: IPA (stress shown separately): /ədʒɛndə/ Stress syllable 2 of 3. Use /dʒ/ “j,” as in job.
alignment	agreement between goals, plans, people, or systems | Pattern: alignment between/with + noun | Example: The revised plan created better alignment between the curriculum and the assessment, which helped the manager assign the next responsibility accurately. | Pronunciation: IPA (stress shown separately): /əlaɪnmənt/ Stress syllable 2 of 3. Let /aɪ/ glide smoothly, as in my. Keep the final /t/ audible.
anomaly	a result or event that differs from the expected pattern | Pattern: an anomaly in + data/system | Example: One unusually high score appeared to be an anomaly in the data, so the team could interpret the evidence with less uncertainty. | Pronunciation: IPA (stress shown separately): /ənɑməli/ Stress syllable 2 of 4.
articulate	to express an idea clearly and effectively | Pattern: articulate + noun; articulate why/how | Example: She articulated her concern clearly without criticizing her colleagues, which allowed the group to discuss the problem without turning the conversation into a personal dispute. | Pronunciation: IPA (stress shown separately): /ɑrtɪkjəleɪt/ Stress syllable 2 of 4. Keep /ɪ/ short and relaxed, as in sit. Keep the final /t/ audible.
asynchronous	not happening at the same time | Pattern: asynchronous + noun; be asynchronous | Example: Students completed the asynchronous discussion at different times during the week, which allowed students to participate when their schedules permitted. | Pronunciation: IPA (stress shown separately): /eɪsɪŋkrənəs/ Stress syllable 1 of 4. Keep /ɪ/ short and relaxed, as in sit. Keep the final /s/ audible.
baseline	an initial measurement used for later comparison | Pattern: baseline for + noun | Example: The September assessment established a baseline for measuring student growth, which gave the teacher clearer information for the following lesson. | Pronunciation: IPA (stress shown separately): /beɪslaɪn/ Stress syllable 1 of 2. For /b/, close both lips completely. Let /aɪ/ glide smoothly, as in my. Keep the final /n/ audible.
benchmark	a standard or reference point used to compare performance | Pattern: a benchmark for + noun; benchmark X against Y | Example: The district uses graduation rates as one benchmark for evaluating progress, which gave the teacher clearer information for the following lesson. | Pronunciation: IPA (stress shown separately): /bɛntʃmɑrk/ Stress syllable 1 of 2. Use a crisp /tʃ/ “ch” sound. For /b/, close both lips completely. Keep the final /k/ audible.
bottleneck	a point in a process that slows everything else down | Pattern: a bottleneck in + process | Example: Approval from one office became a bottleneck that delayed the entire project. | Pronunciation: IPA (stress shown separately): /bɑtəlnɛk/ Stress syllable 1 of 3. For /b/, close both lips completely. Keep the final /k/ audible.
brainstorm	to generate many possible ideas before evaluating them | Pattern: brainstorm + noun; brainstorm with + person | Example: The team brainstormed several ways to improve family participation, so the group could make the next decision with clearer information. | Pronunciation: IPA (stress shown separately): /breɪnstɔrm/ Stress syllable 1 of 2. For /b/, close both lips completely. Keep the final /m/ audible.
buy-in	support or acceptance from people affected by a plan | Pattern: buy-in from + person/group; buy-in for + plan | Example: The principal sought teacher buy-in before changing the grading policy, so the class could connect the idea to the next activity. | Pronunciation: IPA (stress shown separately): /baɪ ɪn/ Link the words smoothly; give the strongest phrase stress to “in.” For /b/, close both lips completely. Keep /ɪ/ short and relaxed, as in sit. Let /aɪ/ glide smoothly, as in my. Keep the final /n/ audible.
calibrate	to adjust a tool, judgment, or process for greater accuracy | Pattern: calibrate + device/tool | Example: Technicians calibrated the sensors before collecting the experimental data, which gave the reviewers a clearer basis for evaluating the conclusion. | Pronunciation: IPA (stress shown separately): /kæləbreɪt/ Stress syllable 1 of 3. For /b/, close both lips completely. Keep the final /t/ audible.
capacity-building	developing the skills and resources needed for future work | Pattern: capacity-building for + group/system | Example: The grant supports capacity-building through staff training and updated equipment, so decision makers could see how the available resources would support the stated goal. | Pronunciation: IPA (stress shown separately): /kəpæsəti bɪldɪŋ/ Link the words smoothly; give the strongest phrase stress to “building.” For /b/, close both lips completely. Keep short /ɪ/ distinct from long /i/. Keep the final /ŋ/ audible.
causation	a relationship in which one factor directly produces another | Pattern: causation between + variables | Example: The study found a correlation, but it did not establish causation. | Pronunciation: IPA (stress shown separately): /kɔzeɪʃən/ Stress syllable 2 of 3. Use a clear /ʃ/ “sh” sound. Keep the final /n/ audible.
clarify	to make an idea or instruction easier to understand | Pattern: clarify + noun; clarify that/why/how | Example: The teacher clarified the directions by modeling the first step, which gave the teacher clearer information for the following lesson. | Pronunciation: IPA (stress shown separately): /klɛrəfaɪ/ Stress syllable 1 of 3. Let /aɪ/ glide smoothly, as in my.
coherent	logical, consistent, and easy to follow | Pattern: be coherent; coherent + noun | Example: Her explanation was coherent because each point followed logically from the previous one. | Pronunciation: IPA (stress shown separately): /koʊhɪrənt/ Stress syllable 2 of 3. Keep /ɪ/ short and relaxed, as in sit. Keep the final /t/ audible.
collaborative	involving people working together toward a shared goal | Pattern: collaborative + noun; be collaborative | Example: The department used a collaborative process to redesign the course, which gave the teacher clearer information for the following lesson. | Pronunciation: IPA (stress shown separately): /kəlæbɚeɪtɪv/ Stress syllable 2 of 5. For /v/, touch the upper teeth to the lower lip; do not replace it with /b/. For /b/, close both lips completely. Keep /ɪ/ short and relaxed, as in sit. Keep the final /v/ audible.
competency	a skill or ability required to perform a task successfully | Pattern: competency in + skill; competency for + role | Example: Data analysis is a core competency for this position, so the team could interpret the evidence with less uncertainty. | Pronunciation: IPA (stress shown separately): /kɑmpətɪnsi/ Stress syllable 1 of 4. Keep short /ɪ/ distinct from long /i/.
concise	clear and complete without unnecessary words | Pattern: be concise; concise + noun | Example: His email was concise but still included every necessary detail, so the audience could understand the intended point without guessing. | Pronunciation: IPA (stress shown separately): /kənsaɪs/ Stress syllable 2 of 2. Let /aɪ/ glide smoothly, as in my. Keep the final /s/ audible.
consensus	general agreement among members of a group | Pattern: consensus on/about + noun | Example: After reviewing the evidence, the committee reached a consensus, so the team could interpret the evidence with less uncertainty. | Pronunciation: IPA (stress shown separately): /kənsɛnsəs/ Stress syllable 2 of 3. Keep the final /s/ audible.
constraint	a limit or condition that restricts possible choices | Pattern: constraint on + noun | Example: Limited laboratory space is a major constraint on enrollment, so the team could interpret the evidence with less uncertainty. | Pronunciation: IPA (stress shown separately): /kənstreɪnt/ Stress syllable 2 of 2. Keep the final /t/ audible.
constructive	helpful and intended to improve a situation | Pattern: constructive + noun; be constructive | Example: The coach gave constructive feedback that focused on specific improvements. | Pronunciation: IPA (stress shown separately): /kənstrʌktɪv/ Stress syllable 2 of 3. For /v/, touch the upper teeth to the lower lip; do not replace it with /b/. Keep /ɪ/ short and relaxed, as in sit. Keep the final /v/ audible.
contingency	a possible future event that requires a backup plan | Pattern: contingency for + event | Example: The school created a contingency plan in case the network failed during testing, so the class could connect the idea to the next activity. | Pronunciation: IPA (stress shown separately): /kəntɪndʒənsi/ Stress syllable 2 of 4. Use /dʒ/ “j,” as in job. Keep short /ɪ/ distinct from long /i/.
coordinate	to organize people or activities so they work together effectively | Pattern: coordinate + noun; coordinate with + person | Example: The counselor coordinated transportation, schedules, and family communication, which gave the reviewers a clearer basis for evaluating the conclusion. | Pronunciation: IPA (stress shown separately): /koʊɔrdənət/ Stress syllable 2 of 4. Keep the final /t/ audible.
credible	believable because it is supported by trustworthy evidence | Pattern: be credible; credible + noun | Example: The claim became more credible after two independent studies supported it, so the audience could understand the intended point without guessing. | Pronunciation: IPA (stress shown separately): /krɛdəbəl/ Stress syllable 1 of 3. For /b/, close both lips completely. Keep the final /l/ audible.
criterion	a standard used to judge or make a decision | Pattern: criterion for + noun; criterion used to + verb | Example: Cost is one criterion, but reliability is equally important. | Pronunciation: IPA (stress shown separately): /kraɪtɪriən/ Stress syllable 2 of 4. Keep short /ɪ/ distinct from long /i/. Let /aɪ/ glide smoothly, as in my. Keep the final /n/ audible.
curriculum	the organized content and learning experiences of a course or program | Pattern: curriculum for + course/group | Example: The new curriculum connects algebra, statistics, and computer science. | Pronunciation: IPA (stress shown separately): /kɚɪkjələm/ Stress syllable 2 of 4. Keep /ɪ/ short and relaxed, as in sit. Keep the final /m/ audible.
data-driven	guided by evidence collected from data rather than intuition alone | Pattern: data-driven + noun; be data-driven | Example: The team made a data-driven decision after examining attendance and achievement trends, which helped the manager assign the next responsibility accurately. | Pronunciation: IPA (stress shown separately): /deɪtə drɪvən/ Link the words smoothly; give the strongest phrase stress to “driven.” For /v/, touch the upper teeth to the lower lip; do not replace it with /b/. Keep /ɪ/ short and relaxed, as in sit. Keep the final /n/ audible.
deadline	the latest time by which something must be completed | Pattern: deadline for + noun; deadline to + verb | Example: The application deadline is Friday at 5:00 p.m, which helped the manager assign the next responsibility accurately. | Pronunciation: IPA (stress shown separately): /dɛdlaɪn/ Stress syllable 1 of 2. Let /aɪ/ glide smoothly, as in my. Keep the final /n/ audible.
debrief	to discuss what happened after an activity and identify lessons | Pattern: debrief + person; debrief after + event | Example: After the drill, staff debriefed to identify what worked and what needed improvement. | Pronunciation: IPA (stress shown separately): /dɪbrif/ Stress syllable 2 of 2. For /b/, close both lips completely. Keep short /ɪ/ distinct from long /i/. Keep the final /f/ audible.
decisive	able to make a clear choice promptly and confidently | Pattern: decisive + noun; be decisive | Example: The principal took decisive action once the safety risk was confirmed, so the class could connect the idea to the next activity. | Pronunciation: IPA (stress shown separately): /dɪsaɪsɪv/ Stress syllable 2 of 3. For /v/, touch the upper teeth to the lower lip; do not replace it with /b/. Keep /ɪ/ short and relaxed, as in sit. Let /aɪ/ glide smoothly, as in my. Keep the final /v/ audible.
delegate	to give responsibility for a task to another person | Pattern: delegate + noun + to + person | Example: The project manager delegated the data review to two team members, so the team could interpret the evidence with less uncertainty. | Pronunciation: IPA (stress shown separately): /dɛləɡeɪt/ Stress syllable 1 of 3. Keep the final /t/ audible.
deliverable	a specific product or result that must be completed for a project | Pattern: deliverable for + project; deliverable due + time | Example: The final deliverable is a report that includes findings and recommendations. | Pronunciation: IPA (stress shown separately): /dɪlɪvɚəbəl/ Stress syllable 2 of 5. For /v/, touch the upper teeth to the lower lip; do not replace it with /b/. For /b/, close both lips completely. Keep /ɪ/ short and relaxed, as in sit. Keep the final /l/ audible.
dependency	a task, resource, or condition that another task relies on | Pattern: dependency between + tasks; dependency on + noun | Example: Teacher training is a dependency that must be completed before the software launch. | Pronunciation: IPA (stress shown separately): /dɪpɛndənsi/ Stress syllable 2 of 4. Keep short /ɪ/ distinct from long /i/.
deploy	to put a plan, system, or resource into active use | Pattern: deploy + noun; deploy to + location | Example: The district deployed the updated software to all school devices over the weekend, so the class could connect the idea to the next activity. | Pronunciation: IPA (stress shown separately): /dɪplɔɪ/ Stress syllable 2 of 2. Keep /ɪ/ short and relaxed, as in sit.
differentiate	to adjust instruction or support for different learner needs | Pattern: differentiate + noun; differentiate between X and Y | Example: The teacher differentiated the assignment by offering several levels of support, which made the learning task more accessible while preserving the same academic goal. | Pronunciation: IPA (stress shown separately): /dɪfɚɛnʃieɪt/ Stress syllable 3 of 5. Use a clear /ʃ/ “sh” sound. Keep short /ɪ/ distinct from long /i/. Keep the final /t/ audible.
diplomatic	careful and respectful when dealing with disagreement | Pattern: be diplomatic; diplomatic + noun | Example: Her diplomatic response acknowledged the concern without escalating the disagreement, so the reader could understand the intended relationship without guessing. | Pronunciation: IPA (stress shown separately): /dɪpləmætɪk/ Stress syllable 3 of 4. Keep /ɪ/ short and relaxed, as in sit. Keep the final /k/ audible.
drawback	a disadvantage or negative feature | Pattern: drawback of + noun | Example: A major drawback of the program is its high subscription cost, which gave the people involved a clearer basis for the next step. | Pronunciation: IPA (stress shown separately): /drɔbæk/ Stress syllable 1 of 2. For /b/, close both lips completely. Keep the final /k/ audible.
evidence-based	supported by reliable research or data | Pattern: evidence-based + noun; be evidence-based | Example: The counselor recommended an evidence-based intervention supported by multiple studies, which gave the reviewers a clearer basis for evaluating the conclusion. | Pronunciation: IPA (stress shown separately): /ɛvədəns beɪst/ Link the words smoothly; give the strongest phrase stress to “based.” For /v/, touch the upper teeth to the lower lip; do not replace it with /b/. For /b/, close both lips completely. Keep the final /t/ audible.
escalate	to raise an issue to a higher level of authority or urgency | Pattern: escalate + noun + to + person/level | Example: Staff should escalate unresolved safety concerns to an administrator, so the people affected could understand the practical consequence. | Pronunciation: IPA (stress shown separately): /ɛskəleɪt/ Stress syllable 1 of 3. Keep the final /t/ audible.
feasibility	the degree to which a plan can realistically be carried out | Pattern: feasibility of + noun/gerund | Example: The pilot study will test the feasibility of offering the course online, so the class could connect the idea to the next activity. | Pronunciation: IPA (stress shown separately): /fizəbɪləti/ Stress syllable 3 of 5. For /b/, close both lips completely. Keep short /ɪ/ distinct from long /i/.
feedback	information intended to help someone improve performance | Pattern: feedback on + noun; feedback from + person | Example: Students used the teacher’s feedback to revise their explanations, so the teacher could see whether students understood the correction and could apply it independently. | Pronunciation: IPA (stress shown separately): /fidbæk/ Stress syllable 1 of 2. For /b/, close both lips completely. Keep the final /k/ audible.
formative	used during learning to guide improvement rather than give a final judgment | Pattern: formative + noun; be formative | Example: A formative quiz helped the teacher adjust instruction before the final exam, which gave the teacher clearer information for the following lesson. | Pronunciation: IPA (stress shown separately): /fɔrmətɪv/ Stress syllable 1 of 3. For /v/, touch the upper teeth to the lower lip; do not replace it with /b/. Keep /ɪ/ short and relaxed, as in sit. Keep the final /v/ audible.
gap	a difference between the current situation and the desired result | Pattern: gap in + noun; gap between X and Y | Example: The report identified a gap between the intended curriculum and classroom practice, so the class could connect the idea to the next activity. | Pronunciation: IPA (stress shown separately): /ɡæp/ Stress syllable 1 of 1. Keep the final /p/ audible.
guideline	a recommended principle or practice rather than a strict rule | Pattern: guideline for + noun/gerund | Example: The handbook provides a guideline for responding to minor laboratory spills, so the team could interpret the evidence with less uncertainty. | Pronunciation: IPA (stress shown separately): /ɡaɪdlaɪn/ Stress syllable 1 of 2. Let /aɪ/ glide smoothly, as in my. Keep the final /n/ audible.
handoff	the transfer of responsibility, information, or work to another person or team | Pattern: handoff from X to Y; handoff of + noun | Example: A clear handoff prevented important student information from being lost between teams, which gave the teacher clearer information for the following lesson. | Pronunciation: Practice the expression in a full sentence, stress the main content word, and keep every final consonant audible.
high-impact	likely to produce a strong or meaningful result | Pattern: high-impact + noun | Example: The school prioritized high-impact strategies that could improve learning quickly. | Pronunciation: IPA (stress shown separately): /haɪ ɪmpækt/ Link the words smoothly; give the strongest phrase stress to “impact.” Keep /ɪ/ short and relaxed, as in sit. Let /aɪ/ glide smoothly, as in my. Keep the final /t/ audible.
inquiry	a process of asking questions and investigating evidence | Pattern: inquiry into + topic | Example: Scientific inquiry begins with a question that can be investigated using evidence. | Pronunciation: IPA (stress shown separately): /ɪnkwaɪri/ Stress syllable 2 of 3. For /w/, round the lips; do not touch the teeth. Keep short /ɪ/ distinct from long /i/. Let /aɪ/ glide smoothly, as in my.
insight	a clear and useful understanding of a complex situation | Pattern: insight into + noun; insight from + source | Example: The student survey provided insight into why participation had declined. | Pronunciation: IPA (stress shown separately): /ɪnsaɪt/ Stress syllable 1 of 2. Keep /ɪ/ short and relaxed, as in sit. Let /aɪ/ glide smoothly, as in my. Keep the final /t/ audible.
iterate	to repeat a process while improving it each time | Pattern: iterate on + noun; iterate through + versions | Example: The design team iterated on the prototype after each round of user testing, which helped the manager assign the next responsibility accurately. | Pronunciation: Practice the expression in a full sentence, stress the main content word, and keep every final consonant audible.
key takeaway	the most important point to remember from a discussion or text | Pattern: takeaway from + event/text | Example: The key takeaway from the meeting is that every task now has an owner. | Pronunciation: IPA (stress shown separately): /ki teɪkəweɪ/ Link the words smoothly; give the strongest phrase stress to “takeaway.” For /w/, round the lips; do not touch the teeth.
leverage	to use a resource or advantage effectively | Pattern: leverage + noun + to + verb | Example: The school leveraged community partnerships to expand internship opportunities, which gave the teacher clearer information for the following lesson. | Pronunciation: IPA (stress shown separately): /lɛvɚɪdʒ/ Stress syllable 1 of 3. Use /dʒ/ “j,” as in job. For /v/, touch the upper teeth to the lower lip; do not replace it with /b/. Keep /ɪ/ short and relaxed, as in sit. Keep the final /dʒ/ audible.
logistics	the practical organization of people, materials, schedules, and movement | Pattern: logistics of/for + event | Example: The coordinator handled the logistics for transportation, meals, and room assignments. | Pronunciation: IPA (stress shown separately): /lədʒɪstɪks/ Stress syllable 2 of 3. Use /dʒ/ “j,” as in job. Keep /ɪ/ short and relaxed, as in sit. Keep the final /s/ audible.
metric	a measurement used to evaluate performance or progress | Pattern: metric for + noun; measure by + metric | Example: Course completion is one metric used to evaluate the program, so school leaders could compare the immediate result with the program’s longer-term effect. | Pronunciation: IPA (stress shown separately): /mɛtrɪk/ Stress syllable 1 of 2. Keep /ɪ/ short and relaxed, as in sit. Keep the final /k/ audible.
milestone	an important stage or checkpoint in a longer project | Pattern: milestone in + project; milestone for + team | Example: Completing the pilot was an important milestone in the three-year project, so the group could make the next decision with clearer information. | Pronunciation: IPA (stress shown separately): /maɪlstoʊn/ Stress syllable 1 of 2. Let /aɪ/ glide smoothly, as in my. Keep the final /n/ audible.
misconception	an incorrect belief or understanding | Pattern: misconception about + noun | Example: The activity exposed a common misconception about the meaning of statistical significance, which gave the people involved a clearer basis for the next step. | Pronunciation: IPA (stress shown separately): /mɪskənsɛpʃən/ Stress syllable 3 of 4. Use a clear /ʃ/ “sh” sound. Keep /ɪ/ short and relaxed, as in sit. Keep the final /n/ audible.
mitigate	to reduce the seriousness or harmful effect of something | Pattern: mitigate + noun | Example: The school added tutoring and transportation support to mitigate attendance barriers, which gave the teacher clearer information for the following lesson. | Pronunciation: IPA (stress shown separately): /mɪtəɡeɪt/ Stress syllable 1 of 3. Keep /ɪ/ short and relaxed, as in sit. Keep the final /t/ audible.
next steps	the specific actions that should happen after a decision or discussion | Pattern: next steps for + person/project | Example: The email summarizes the decision and lists the next steps for each department, which reduced the chance that readers would misinterpret the message. | Pronunciation: IPA (stress shown separately): /nɛkst stɛps/ Link the words smoothly; give the strongest phrase stress to “steps.” Keep the final /s/ audible.
nuanced	showing important subtle differences rather than being oversimplified | Pattern: be nuanced; nuanced + noun | Example: Her analysis was nuanced and acknowledged evidence that supported both perspectives. | Pronunciation: IPA (stress shown separately): /nuɑnst/ Stress syllable 1 of 2. Keep the final /t/ audible.
optimize	to make a process or system as effective as reasonably possible | Pattern: optimize + noun; optimize X for Y | Example: The team adjusted the schedule to optimize the use of limited laboratory space, so the team could interpret the evidence with less uncertainty. | Pronunciation: IPA (stress shown separately): /ɑptəmaɪz/ Stress syllable 1 of 3. Let /aɪ/ glide smoothly, as in my. Keep the final /z/ audible.
outlier	a value or case that is very different from the rest of the data | Pattern: outlier in + dataset | Example: The researcher checked whether the unusually low score was an outlier or a recording error. | Pronunciation: IPA (stress shown separately): /aʊtlaɪɚ/ Stress syllable 1 of 3. Let /aɪ/ glide smoothly, as in my.
ownership	personal responsibility and commitment toward a task or result | Pattern: ownership of + task/result | Example: Each team member took ownership of one part of the implementation plan, which helped the manager assign the next responsibility accurately. | Pronunciation: IPA (stress shown separately): /oʊnɚʃɪp/ Stress syllable 1 of 3. Use a clear /ʃ/ “sh” sound. Keep /ɪ/ short and relaxed, as in sit. Keep the final /p/ audible.
pedagogy	the principles and methods of teaching | Pattern: pedagogy of/for + subject | Example: The workshop connected learning science with practical classroom pedagogy, so the class could connect the idea to the next activity. | Pronunciation: IPA (stress shown separately): /pɛdəɡoʊdʒi/ Stress syllable 1 of 4. Use /dʒ/ “j,” as in job.
peer-reviewed	evaluated by qualified experts before publication | Pattern: peer-reviewed + noun; be peer-reviewed | Example: The report relies mainly on peer-reviewed research rather than opinion pieces, which gave the reviewers a clearer basis for evaluating the conclusion. | Pronunciation: IPA (stress shown separately): /pɪr rivjud/ Link the words smoothly; give the strongest phrase stress to “reviewed.” For /v/, touch the upper teeth to the lower lip; do not replace it with /b/. Keep short /ɪ/ distinct from long /i/. Keep the final /d/ audible.
proactive	acting in advance to prevent problems or create opportunities | Pattern: be proactive; proactive + noun | Example: A proactive teacher contacts families before a small attendance problem becomes serious, so the class could connect the idea to the next activity. | Pronunciation: IPA (stress shown separately): /proʊæktɪv/ Stress syllable 2 of 3. For /v/, touch the upper teeth to the lower lip; do not replace it with /b/. Keep /ɪ/ short and relaxed, as in sit. Keep the final /v/ audible.
proficiency	a high level of skill or ability | Pattern: proficiency in + skill/subject | Example: Students must demonstrate proficiency in algebra before enrolling in calculus, which gave the teacher clearer information for the following lesson. | Pronunciation: IPA (stress shown separately): /prəfɪʃənsi/ Stress syllable 2 of 4. Use a clear /ʃ/ “sh” sound. Keep short /ɪ/ distinct from long /i/.
quantitative	based mainly on numerical measurements and statistical analysis | Pattern: quantitative + noun; be quantitative | Example: The evaluation combines quantitative data with interviews and classroom observations, so the class could connect the idea to the next activity. | Pronunciation: IPA (stress shown separately): /kwɑntɪteɪtɪv/ Stress syllable 1 of 4. For /v/, touch the upper teeth to the lower lip; do not replace it with /b/. For /w/, round the lips; do not touch the teeth. Keep /ɪ/ short and relaxed, as in sit. Keep the final /v/ audible.
rationale	the reason or logical basis for a decision | Pattern: rationale for + noun/gerund | Example: The proposal includes a clear rationale for changing the schedule, so the group could make the next decision with clearer information. | Pronunciation: IPA (stress shown separately): /ræʃənæl/ Stress syllable 3 of 3. Use a clear /ʃ/ “sh” sound. Keep the final /l/ audible.
recommendation	a proposed course of action based on evidence or judgment | Pattern: recommendation for + noun; recommendation that + clause | Example: The committee’s recommendation is based on cost, evidence, and feasibility. | Pronunciation: IPA (stress shown separately): /rɛkəməndeɪʃən/ Stress syllable 4 of 5. Use a clear /ʃ/ “sh” sound. Keep the final /n/ audible.
reliable	consistent and dependable across repeated use or measurement | Pattern: be reliable; reliable + noun | Example: A reliable measurement produces similar results under similar conditions, so the team had stronger evidence before drawing a conclusion. | Pronunciation: IPA (stress shown separately): /rɪlaɪəbəl/ Stress syllable 2 of 4. For /b/, close both lips completely. Keep /ɪ/ short and relaxed, as in sit. Let /aɪ/ glide smoothly, as in my. Keep the final /l/ audible.
replicable	able to be repeated with similar methods and results | Pattern: be replicable; replicable + noun | Example: The researchers documented each step so the experiment would be replicable, so the team could interpret the evidence with less uncertainty. | Pronunciation: Practice the expression in a full sentence, stress the main content word, and keep every final consonant audible.
resourceful	skilled at finding practical ways to solve problems | Pattern: be resourceful; resourceful + noun | Example: The resourceful teacher built a useful model from inexpensive classroom materials, which gave the teacher clearer information for the following lesson. | Pronunciation: IPA (stress shown separately): /risɔrsfəl/ Stress syllable 2 of 3. Keep the final /l/ audible.
responsive	reacting appropriately and promptly to needs or changes | Pattern: responsive to + noun; be responsive | Example: The revised support plan is more responsive to students’ individual needs, which gave the teacher clearer information for the following lesson. | Pronunciation: IPA (stress shown separately): /rɪspɑnsɪv/ Stress syllable 2 of 3. For /v/, touch the upper teeth to the lower lip; do not replace it with /b/. Keep /ɪ/ short and relaxed, as in sit. Keep the final /v/ audible.
risk assessment	a systematic evaluation of possible dangers and their likelihood | Pattern: risk assessment for + activity | Example: The laboratory completed a risk assessment before introducing the new chemical procedure, so students could relate chemical composition to observable properties. | Pronunciation: IPA (stress shown separately): /rɪsk əsɛsmənt/ Link the words smoothly; give the strongest phrase stress to “assessment.” Keep /ɪ/ short and relaxed, as in sit. Keep the final /t/ audible.
robust	strong and reliable under different conditions | Pattern: be robust; robust + noun | Example: The conclusion is supported by a robust dataset collected from several sources, so the team could interpret the evidence with less uncertainty. | Pronunciation: IPA (stress shown separately): /roʊbʌst/ Stress syllable 2 of 2. For /b/, close both lips completely. Keep the final /t/ audible.
rubric	a scoring guide that describes criteria and levels of performance | Pattern: rubric for + task; rubric with + criteria | Example: The rubric explains what beginning, proficient, and advanced work looks like. | Pronunciation: IPA (stress shown separately): /rubrɪk/ Stress syllable 1 of 2. For /b/, close both lips completely. Keep /ɪ/ short and relaxed, as in sit. Keep the final /k/ audible.
scaffold	to provide temporary support that helps a learner complete a difficult task | Pattern: scaffold + noun; scaffold X with Y | Example: The teacher scaffolded the task with a model, sentence frames, and guided practice. | Pronunciation: IPA (stress shown separately): /skæfəld/ Stress syllable 1 of 2. Keep the final /d/ audible.
scalable	able to grow or expand without losing effectiveness | Pattern: be scalable; scalable + noun | Example: The pilot must be scalable before the district can adopt it in every school. | Pronunciation: IPA (stress shown separately): /skeɪləbəl/ Stress syllable 1 of 3. For /b/, close both lips completely. Keep the final /l/ audible.
stakeholder	a person or group affected by or interested in a decision | Pattern: stakeholder in + project; stakeholder affected by | Example: Teachers, students, families, and employers are key stakeholders in the program. | Pronunciation: IPA (stress shown separately): /steɪkhoʊldɚ/ Stress syllable 1 of 3.
streamline	to simplify a process so it requires less time or effort | Pattern: streamline + noun | Example: The new form streamlines registration by removing repeated questions, so the team could interpret the evidence with less uncertainty. | Pronunciation: IPA (stress shown separately): /strimlaɪn/ Stress syllable 1 of 2. Let /aɪ/ glide smoothly, as in my. Keep the final /n/ audible.
summative	used at the end of learning to evaluate overall achievement | Pattern: summative + noun; be summative | Example: The final project serves as a summative assessment of the semester’s learning, which gave the teacher clearer information for the following lesson. | Pronunciation: Practice the expression in a full sentence, stress the main content word, and keep every final consonant audible.
synchronous	occurring at the same time according to a shared schedule, especially in live instruction or communication | Pattern: synchronous + noun; be synchronous | Example: The synchronous class meets online at the same time every Tuesday, which gave the teacher clearer information for the following lesson. | Pronunciation: IPA (stress shown separately): /sɪŋkrənəs/ Stress syllable 1 of 3. Keep /ɪ/ short and relaxed, as in sit. Keep the final /s/ audible.
systematic	organized according to a clear and consistent method | Pattern: systematic + noun; be systematic | Example: The team used a systematic process to investigate each possible cause, which helped the manager assign the next responsibility accurately. | Pronunciation: IPA (stress shown separately): /sɪstəmætɪk/ Stress syllable 3 of 4. Keep /ɪ/ short and relaxed, as in sit. Keep the final /k/ audible.
tactful	careful not to offend others while communicating honestly | Pattern: be tactful; tactful + noun | Example: Her tactful email raised the concern without embarrassing anyone, so the audience could understand the intended point without guessing. | Pronunciation: IPA (stress shown separately): /tæktfəl/ Stress syllable 1 of 2. Keep the final /l/ audible.
timeline	a schedule showing when stages or tasks should occur | Pattern: timeline for + project; on the timeline | Example: The revised timeline shows when each phase should begin and end. | Pronunciation: IPA (stress shown separately): /taɪmlaɪn/ Stress syllable 1 of 2. Let /aɪ/ glide smoothly, as in my. Keep the final /n/ audible.
trade-off	a situation in which gaining one benefit requires accepting a disadvantage | Pattern: trade-off between X and Y | Example: The faster option involves a trade-off between speed and accuracy, so the reader could understand the intended relationship without guessing. | Pronunciation: IPA (stress shown separately): /treɪd ɔf/ Link the words smoothly; give the strongest phrase stress to “off.” Keep the final /f/ audible.
transparent	open, clear, and easy for others to understand or verify | Pattern: be transparent; transparent about + noun | Example: The selection process should be transparent so applicants understand how decisions are made. | Pronunciation: IPA (stress shown separately): /trænspɛrənt/ Stress syllable 2 of 3. Keep the final /t/ audible.
troubleshoot	to identify and solve the cause of a technical or practical problem | Pattern: troubleshoot + noun | Example: The technician troubleshot the network by testing one possible cause at a time, which gave the reviewers a clearer basis for evaluating the conclusion. | Pronunciation: IPA (stress shown separately): /trʌbəlʃut/ Stress syllable 1 of 3. Use a clear /ʃ/ “sh” sound. For /b/, close both lips completely. Keep the final /t/ audible.
viable	capable of working successfully in practice | Pattern: be viable; viable + noun | Example: The committee concluded that the proposal was financially viable. | Pronunciation: IPA (stress shown separately): /vaɪəbəl/ Stress syllable 1 of 3. For /v/, touch the upper teeth to the lower lip; do not replace it with /b/. For /b/, close both lips completely. Let /aɪ/ glide smoothly, as in my. Keep the final /l/ audible.
workflow	the sequence of steps through which work is completed | Pattern: workflow for + process; workflow between + teams | Example: The new workflow automatically sends each request to the correct reviewer, which helped the manager assign the next responsibility accurately. | Pronunciation: IPA (stress shown separately): /wɝkfloʊ/ Stress syllable 1 of 2. For /w/, round the lips; do not touch the teeth.
workload	the amount of work assigned to a person or team | Pattern: workload for/of + person/team | Example: The department redistributed the workload after two employees took leave. | Pronunciation: IPA (stress shown separately): /wɝkloʊd/ Stress syllable 1 of 2. For /w/, round the lips; do not touch the teeth. Keep the final /d/ audible.
accessible	easy to reach, use, understand, or participate in | Pattern: be accessible to + person; accessible + noun | Example: The teacher made the instructions accessible by using plain language and visual examples, which gave the teacher clearer information for the following lesson. | Pronunciation: IPA (stress shown separately): /æksɛsəbəl/ Stress syllable 2 of 4. For /b/, close both lips completely. Keep the final /l/ audible.
action item	a specific task assigned during a meeting or planning process | Pattern: action item for + person; action item from + meeting | Example: Updating the safety checklist is Jordan’s action item for this week, so the reviewer could confirm that every requirement had been addressed. | Pronunciation: IPA (stress shown separately): /ækʃən aɪtəm/ Link the words smoothly; give the strongest phrase stress to “item.” Use a clear /ʃ/ “sh” sound. Let /aɪ/ glide smoothly, as in my. Keep the final /m/ audible.
advisable	recommended as a sensible course of action | Pattern: it is advisable to + verb | Example: It is advisable to back up the files before installing the update, which gave the teacher clearer information for the following lesson. | Pronunciation: IPA (stress shown separately): /ədvaɪzəbəl/ Stress syllable 2 of 4. For /v/, touch the upper teeth to the lower lip; do not replace it with /b/. For /b/, close both lips completely. Let /aɪ/ glide smoothly, as in my. Keep the final /l/ audible.
analytical	using careful examination and logical reasoning | Pattern: analytical + noun; be analytical | Example: Her analytical approach helped the team separate evidence from assumptions, which gave the reviewers a clearer basis for evaluating the conclusion. | Pronunciation: IPA (stress shown separately): /ænəlɪtɪkəl/ Stress syllable 3 of 5. Keep /ɪ/ short and relaxed, as in sit. Keep the final /l/ audible.
applicable	relevant and usable in a particular situation | Pattern: be applicable to + noun | Example: The rule is applicable to every course that uses laboratory equipment. | Pronunciation: IPA (stress shown separately): /æpləkəbəl/ Stress syllable 1 of 4. For /b/, close both lips completely. Keep the final /l/ audible.
backlog	unfinished work waiting to be completed | Pattern: backlog of + work/requests | Example: The support team reduced its backlog by resolving the oldest requests first, so the group could make the next decision with clearer information. | Pronunciation: IPA (stress shown separately): /bæklɑɡ/ Stress syllable 1 of 2. For /b/, close both lips completely. Keep the final /ɡ/ audible.
best practice	a method widely accepted as effective and reliable | Pattern: best practice for + noun/gerund | Example: Using multiple measures is a best practice when evaluating student learning. | Pronunciation: IPA (stress shown separately): /bɛst præktəs/ Link the words smoothly; give the strongest phrase stress to “practice.” For /b/, close both lips completely. Keep the final /s/ audible.
briefing	a short meeting or document that provides essential information | Pattern: briefing on/about + topic | Example: The superintendent gave staff a short briefing before the announcement became public, so the people affected could understand the practical consequence. | Pronunciation: IPA (stress shown separately): /brifɪŋ/ Stress syllable 1 of 2. For /b/, close both lips completely. Keep short /ɪ/ distinct from long /i/. Keep the final /ŋ/ audible.
compliance	following an official rule, standard, or requirement | Pattern: compliance with + rule/standard | Example: The audit checks whether each laboratory is in compliance with safety regulations. | Pronunciation: IPA (stress shown separately): /kəmplaɪəns/ Stress syllable 2 of 3. Let /aɪ/ glide smoothly, as in my. Keep the final /s/ audible.
compromise	an agreement in which each side accepts less than it originally wanted | Pattern: compromise between + sides; compromise on + issue | Example: The final schedule was a compromise that gave both departments some of what they wanted. | Pronunciation: IPA (stress shown separately): /kɑmprəmaɪz/ Stress syllable 1 of 3. Let /aɪ/ glide smoothly, as in my. Keep the final /z/ audible.
confidential	intended to be kept private or shared only with authorized people | Pattern: be confidential; confidential + noun | Example: Student medical information must remain confidential, so the class could connect the idea to the next activity. | Pronunciation: IPA (stress shown separately): /kɑnfədɛnʃəl/ Stress syllable 3 of 4. Use a clear /ʃ/ “sh” sound. Keep the final /l/ audible.
corroborate	to support a claim with additional evidence | Pattern: corroborate + noun | Example: Two independent records corroborated the witness’s account, so the team could interpret the evidence with less uncertainty. | Pronunciation: IPA (stress shown separately): /kɚɑbɚeɪt/ Stress syllable 2 of 4. For /b/, close both lips completely. Keep the final /t/ audible.
cost-effective	producing a useful result without unnecessary expense | Pattern: cost-effective + noun; be cost-effective | Example: The district chose a cost-effective solution that met the essential requirements. | Pronunciation: IPA (stress shown separately): /kɑst ifɛktɪv/ Link the words smoothly; give the strongest phrase stress to “effective.” For /v/, touch the upper teeth to the lower lip; do not replace it with /b/. Keep short /ɪ/ distinct from long /i/. Keep the final /v/ audible.
cross-functional	involving people from different departments or specialties | Pattern: cross-functional + noun | Example: A cross-functional team of teachers, counselors, and technicians led the project. | Pronunciation: IPA (stress shown separately): /krɔs fʌŋkʃənəl/ Link the words smoothly; give the strongest phrase stress to “functional.” Use a clear /ʃ/ “sh” sound. Keep the final /l/ audible.
discrepancy	an unexpected difference between two facts, records, or results | Pattern: discrepancy between X and Y; discrepancy in + record | Example: The accountant investigated a discrepancy between the invoice and the payment record, which gave the reviewers a clearer basis for evaluating the conclusion. | Pronunciation: IPA (stress shown separately): /dɪskrɛpənsi/ Stress syllable 2 of 4. Keep short /ɪ/ distinct from long /i/.
equitable	fair while accounting for different needs and circumstances | Pattern: be equitable; equitable + noun | Example: An equitable policy provides additional support to students who face greater barriers. | Pronunciation: IPA (stress shown separately): /ɛkwətəbəl/ Stress syllable 1 of 4. For /w/, round the lips; do not touch the teeth. For /b/, close both lips completely. Keep the final /l/ audible.
follow-through	the act of completing the actions promised or started | Pattern: follow-through on + commitment | Example: The plan was strong, but poor follow-through prevented it from producing results. | Pronunciation: IPA (stress shown separately): /fɑloʊ θru/ Link the words smoothly; give the strongest phrase stress to “through.”
impactful	having a strong or meaningful effect | Pattern: impactful + noun; be impactful | Example: The most impactful part of the workshop was the live classroom demonstration, so the class could connect the idea to the next activity. | Pronunciation: Practice the expression in a full sentence, stress the main content word, and keep every final consonant audible.
inclusive	designed to welcome and support people with different backgrounds or needs | Pattern: be inclusive; inclusive of + group | Example: The committee used an inclusive process that invited input from students and families. | Pronunciation: IPA (stress shown separately): /ɪnklusɪv/ Stress syllable 2 of 3. For /v/, touch the upper teeth to the lower lip; do not replace it with /b/. Keep /ɪ/ short and relaxed, as in sit. Keep the final /v/ audible.
interdisciplinary	combining knowledge or methods from more than one field | Pattern: interdisciplinary + noun | Example: The interdisciplinary project combines biology, statistics, and computer science. | Pronunciation: IPA (stress shown separately): /ɪntɚdɪsəplənɛri/ Stress syllable 3 of 7. Keep short /ɪ/ distinct from long /i/.
measurable	able to be evaluated using clear evidence or data | Pattern: be measurable; measurable + noun | Example: The goal is measurable because it includes a target percentage and a deadline. | Pronunciation: IPA (stress shown separately): /mɛʒɚəbəl/ Stress syllable 1 of 4. Use /ʒ/ “zh,” as in measure. For /b/, close both lips completely. Keep the final /l/ audible.
onboarding	the process of helping a new employee or participant become prepared | Pattern: onboarding for + person; onboarding process | Example: The onboarding process introduces new teachers to systems, policies, and support staff. | Pronunciation: Practice the expression in a full sentence, stress the main content word, and keep every final consonant audible.
operational	related to the practical day-to-day functioning of an organization | Pattern: be operational; operational + noun | Example: The new laboratory will be fully operational by August, so the team could interpret the evidence with less uncertainty. | Pronunciation: IPA (stress shown separately): /ɑpɚeɪʃənəl/ Stress syllable 3 of 5. Use a clear /ʃ/ “sh” sound. Keep the final /l/ audible.
outcome-oriented	focused on the results a process is intended to produce | Pattern: outcome-oriented + noun; be outcome-oriented | Example: The meeting was outcome-oriented and ended with clear decisions and assigned tasks, so the group could make the next decision with clearer information. | Pronunciation: IPA (stress shown separately): /aʊtkʌm ɔriɛntəd/ Link the words smoothly; give the strongest phrase stress to “oriented.” Keep the final /d/ audible.
oversight	supervision intended to ensure that work meets expectations | Pattern: oversight of + program; oversight by + group | Example: Independent oversight helps ensure that public funds are used appropriately. | Pronunciation: IPA (stress shown separately): /oʊvɚsaɪt/ Stress syllable 1 of 3. For /v/, touch the upper teeth to the lower lip; do not replace it with /b/. Let /aɪ/ glide smoothly, as in my. Keep the final /t/ audible.
prerequisite	something that must be completed or present before another step | Pattern: prerequisite for + noun; prerequisite to + gerund | Example: Algebra II is a prerequisite for the advanced statistics course, which gave the teacher clearer information for the following lesson. | Pronunciation: IPA (stress shown separately): /prirɛkwəzət/ Stress syllable 2 of 4. For /w/, round the lips; do not touch the teeth. Keep the final /t/ audible.
quality assurance	a process for checking that work meets required standards | Pattern: quality assurance for + product/process | Example: Quality assurance includes regular checks to confirm that reports meet the required standard. | Pronunciation: IPA (stress shown separately): /kwɑləti əʃʊrəns/ Link the words smoothly; give the strongest phrase stress to “assurance.” Use a clear /ʃ/ “sh” sound. For /w/, round the lips; do not touch the teeth. Keep the final /s/ audible.
realistic	based on what can actually be achieved with available time and resources | Pattern: be realistic; realistic + noun | Example: The team created a realistic timeline based on available staff and funding, so decision makers could see how the available resources would support the stated goal. | Pronunciation: IPA (stress shown separately): /riəlɪstɪk/ Stress syllable 3 of 4. Keep short /ɪ/ distinct from long /i/. Keep the final /k/ audible.
reconcile	to resolve differences or make separate records agree | Pattern: reconcile X with Y; reconcile + records | Example: The analyst reconciled the two spreadsheets before publishing the totals, so the reader could understand the intended relationship without guessing. | Pronunciation: IPA (stress shown separately): /rɛkənsaɪl/ Stress syllable 1 of 3. Let /aɪ/ glide smoothly, as in my. Keep the final /l/ audible.
resource allocation	the process of deciding how time, money, or people will be used | Pattern: allocation of + resource; allocation across + groups | Example: The budget meeting focused on resource allocation across the three programs, which allowed leaders to direct limited resources toward the highest-priority work. | Pronunciation: IPA (stress shown separately): /risɔrs æləkeɪʃən/ Link the words smoothly; give the strongest phrase stress to “allocation.” Use a clear /ʃ/ “sh” sound. Keep the final /n/ audible.
retention	the ability to keep employees, students, information, or learned material | Pattern: retention of + noun; retention rate | Example: Regular retrieval practice improves long-term vocabulary retention, which gave the teacher clearer information for the following lesson. | Pronunciation: IPA (stress shown separately): /ritɛnʃən/ Stress syllable 2 of 3. Use a clear /ʃ/ “sh” sound. Keep the final /n/ audible.
roadmap	a high-level plan showing major goals and stages | Pattern: roadmap for + project; roadmap to + goal | Example: The technology roadmap outlines the major upgrades planned for the next three years, which helped the manager assign the next responsibility accurately. | Pronunciation: IPA (stress shown separately): /roʊdmæp/ Stress syllable 1 of 2. Keep the final /p/ audible.
specification	a detailed statement of required features or standards | Pattern: specification for + product; specification of + feature | Example: The contractor confirmed that the device met every technical specification. | Pronunciation: IPA (stress shown separately): /spɛsɪfɪkeɪʃən/ Stress syllable 4 of 5. Use a clear /ʃ/ “sh” sound. Keep /ɪ/ short and relaxed, as in sit. Keep the final /n/ audible.
strategic	designed to support important long-term goals | Pattern: strategic + noun; be strategic | Example: The district made a strategic investment in teacher training and technical support, which gave the teacher clearer information for the following lesson. | Pronunciation: IPA (stress shown separately): /strətidʒɪk/ Stress syllable 2 of 3. Use /dʒ/ “j,” as in job. Keep short /ɪ/ distinct from long /i/. Keep the final /k/ audible.
succinct	expressed clearly in very few words | Pattern: be succinct; succinct + noun | Example: Her summary was succinct, accurate, and easy to understand. | Pronunciation: IPA (stress shown separately): /səksɪŋkt/ Stress syllable 2 of 2. Keep /ɪ/ short and relaxed, as in sit. Keep the final /t/ audible.
transferable	able to be applied in a different setting or task | Pattern: be transferable to + context; transferable + noun | Example: The problem-solving skills developed in robotics are transferable to many other fields, so the reader could understand the intended relationship without guessing. | Pronunciation: IPA (stress shown separately): /trænsfɝəbəl/ Stress syllable 2 of 4. For /b/, close both lips completely. Keep the final /l/ audible.
triage	to sort issues by urgency so the most important are handled first | Pattern: triage + noun; triage by + criterion | Example: The support team triaged incoming requests by urgency and potential impact, which helped the manager assign the next responsibility accurately. | Pronunciation: IPA (stress shown separately): /traɪɪdʒ/ Stress syllable 1 of 2. Use /dʒ/ “j,” as in job. Keep /ɪ/ short and relaxed, as in sit. Let /aɪ/ glide smoothly, as in my. Keep the final /dʒ/ audible.
user-friendly	easy for people to learn and use | Pattern: be user-friendly; user-friendly + noun | Example: The new dashboard is user-friendly, so teachers can find reports without extensive training. | Pronunciation: IPA (stress shown separately): /juzɚ frɛndli/ Link the words smoothly; give the strongest phrase stress to “friendly.”
ask around	ask several people for information | Pattern: ask around | Example: When I compared suggestions from several people at the school, I asked around, and three teachers recommended the same tutoring program. | Pronunciation: IPA (stress shown separately): /æsk ɚaʊnd/ Link the words smoothly; give the strongest phrase stress to “around.” Keep the final /d/ audible.
ask for	request something | Pattern: ask for + noun | Example: Please ask for clarification before you begin the assignment, which gave the teacher clearer information for the following lesson. | Pronunciation: IPA (stress shown separately): /æsk fɔr/ Link the words smoothly; give the strongest phrase stress to “for.” Keep the final /r/ audible.
ask out	invite someone on a date | Pattern: ask someone out | Example: He finally decided to ask out a coworker after they had known each other for several months. | Pronunciation: IPA (stress shown separately): /æsk aʊt/ Link the words smoothly; give the strongest phrase stress to “out.” Keep the final /t/ audible.
back away	move away or withdraw from a position | Pattern: back away from + noun | Example: The district may back away from the proposal after parents raise concerns, so the class could connect the idea to the next activity. | Pronunciation: IPA (stress shown separately): /bæk əweɪ/ Link the words smoothly; give the strongest phrase stress to “away.” For /w/, round the lips; do not touch the teeth. For /b/, close both lips completely.
back down	stop defending a position because of pressure | Pattern: back down | Example: Neither side wanted to back down during the contract discussion, so the group could make the next decision with clearer information. | Pronunciation: IPA (stress shown separately): /bæk daʊn/ Link the words smoothly; give the strongest phrase stress to “down.” For /b/, close both lips completely. Keep the final /n/ audible.
back up	support a claim or make a copy | Pattern: back up + noun | Example: Back up your conclusion with evidence from the data, so the team could interpret the evidence with less uncertainty. | Pronunciation: IPA (stress shown separately): /bæk ʌp/ Link the words smoothly; give the strongest phrase stress to “up.” For /b/, close both lips completely. Keep the final /p/ audible.
break down	stop working or divide into smaller parts | Pattern: break down + noun | Example: Let us break down the problem into three manageable steps, which helped the manager assign the next responsibility accurately. | Pronunciation: IPA (stress shown separately): /breɪk daʊn/ Link the words smoothly; give the strongest phrase stress to “down.” For /b/, close both lips completely. Keep the final /n/ audible.
break in	enter illegally or interrupt to speak | Pattern: break in | Example: Someone tried to break in while the family was away. | Pronunciation: IPA (stress shown separately): /breɪk ɪn/ Link the words smoothly; give the strongest phrase stress to “in.” For /b/, close both lips completely. Keep /ɪ/ short and relaxed, as in sit. Keep the final /n/ audible.
break into	enter by force or suddenly begin an activity | Pattern: break into + noun | Example: The speaker broke into a smile when the students applauded. | Pronunciation: IPA (stress shown separately): /breɪk ɪntu/ Link the words smoothly; give the strongest phrase stress to “into.” For /b/, close both lips completely. Keep /ɪ/ short and relaxed, as in sit.
break off	end a discussion or relationship suddenly | Pattern: break off + noun | Example: The two groups broke off negotiations without reaching an agreement, so the group could make the next decision with clearer information. | Pronunciation: IPA (stress shown separately): /breɪk ɔf/ Link the words smoothly; give the strongest phrase stress to “off.” For /b/, close both lips completely. Keep the final /f/ audible.
break out	begin suddenly, especially something unpleasant | Pattern: break out | Example: A small fire broke out in the science lab after school, which gave the teacher clearer information for the following lesson. | Pronunciation: IPA (stress shown separately): /breɪk aʊt/ Link the words smoothly; give the strongest phrase stress to “out.” For /b/, close both lips completely. Keep the final /t/ audible.
break through	make an important advance past a barrier | Pattern: break through | Example: The research team finally broke through after months of failed tests, so the team could interpret the evidence with less uncertainty. | Pronunciation: IPA (stress shown separately): /breɪk θru/ Link the words smoothly; give the strongest phrase stress to “through.” For /b/, close both lips completely.
break up	end a relationship or separate into smaller groups | Pattern: break up + noun | Example: The teacher decided to break up the class into teams of four, which gave the teacher clearer information for the following lesson. | Pronunciation: IPA (stress shown separately): /breɪk ʌp/ Link the words smoothly; give the strongest phrase stress to “up.” For /b/, close both lips completely. Keep the final /p/ audible.
bring about	cause something to happen | Pattern: bring about + noun | Example: The new attendance policy brought about a noticeable improvement, so the people affected could understand the practical consequence. | Pronunciation: IPA (stress shown separately): /brɪŋ əbaʊt/ Link the words smoothly; give the strongest phrase stress to “about.” For /b/, close both lips completely. Keep /ɪ/ short and relaxed, as in sit. Keep the final /t/ audible.
bring along	take someone or something with you | Pattern: bring along + noun | Example: Bring along your identification when you go to the appointment. | Pronunciation: IPA (stress shown separately): /brɪŋ əlɔŋ/ Link the words smoothly; give the strongest phrase stress to “along.” For /b/, close both lips completely. Keep /ɪ/ short and relaxed, as in sit. Keep the final /ŋ/ audible.
bring back	return something or cause someone to remember | Pattern: bring back + noun | Example: That song brings back memories of my first year in the United States, which helped the group avoid a preventable misunderstanding. | Pronunciation: IPA (stress shown separately): /brɪŋ bæk/ Link the words smoothly; give the strongest phrase stress to “back.” For /b/, close both lips completely. Keep /ɪ/ short and relaxed, as in sit. Keep the final /k/ audible.
bring down	reduce a number, price, or level | Pattern: bring down + noun | Example: The changes helped bring down the average wait time, which allowed the service team to respond to customers more quickly. | Pronunciation: IPA (stress shown separately): /brɪŋ daʊn/ Link the words smoothly; give the strongest phrase stress to “down.” For /b/, close both lips completely. Keep /ɪ/ short and relaxed, as in sit. Keep the final /n/ audible.
bring in	introduce or earn something | Pattern: bring in + noun | Example: The school brought in an outside consultant to review the program, so the class could connect the idea to the next activity. | Pronunciation: IPA (stress shown separately): /brɪŋ ɪn/ Link the words smoothly; give the strongest phrase stress to “in.” For /b/, close both lips completely. Keep /ɪ/ short and relaxed, as in sit. Keep the final /n/ audible.
bring on	cause something, often unpleasant | Pattern: bring on + noun | Example: Too much stress can bring on a headache, which allowed the board to explain the decision more transparently. | Pronunciation: IPA (stress shown separately): /brɪŋ ɑn/ Link the words smoothly; give the strongest phrase stress to “on.” For /b/, close both lips completely. Keep /ɪ/ short and relaxed, as in sit. Keep the final /n/ audible.
bring out	make a quality noticeable or release a product | Pattern: bring out + noun | Example: The hands-on activity brought out the students’ curiosity, so the class could connect the idea to the next activity. | Pronunciation: IPA (stress shown separately): /brɪŋ aʊt/ Link the words smoothly; give the strongest phrase stress to “out.” For /b/, close both lips completely. Keep /ɪ/ short and relaxed, as in sit. Keep the final /t/ audible.
bring up	introduce a topic for discussion | Pattern: bring up + noun | Example: I’d like to bring up one concern before we vote, so the group could make the next decision with clearer information. | Pronunciation: IPA (stress shown separately): /brɪŋ ʌp/ Link the words smoothly; give the strongest phrase stress to “up.” For /b/, close both lips completely. Keep /ɪ/ short and relaxed, as in sit. Keep the final /p/ audible.
call back	return a phone call | Pattern: call someone back | Example: The clinic promised to call back every patient before noon, which reduced the chance that readers would misinterpret the message. | Pronunciation: IPA (stress shown separately): /kɔl bæk/ Link the words smoothly; give the strongest phrase stress to “back.” For /b/, close both lips completely. Keep the final /k/ audible.
call for	require or publicly request something | Pattern: call for + noun | Example: The situation calls for a careful review of the safety procedures, so the group could make the next decision with clearer information. | Pronunciation: IPA (stress shown separately): /kɔl fɔr/ Link the words smoothly; give the strongest phrase stress to “for.” Keep the final /r/ audible.
call off	cancel an event or activity | Pattern: call off + noun | Example: When administrators compared the storm forecast with the transportation plan, they called off the field trip because of severe weather. | Pronunciation: IPA (stress shown separately): /kɔl ɔf/ Link the words smoothly; give the strongest phrase stress to “off.” Keep the final /f/ audible.
call on	ask someone to speak or visit someone | Pattern: call on + person | Example: The teacher called on Maya to explain her reasoning, so the class could connect the idea to the next activity. | Pronunciation: IPA (stress shown separately): /kɔl ɑn/ Link the words smoothly; give the strongest phrase stress to “on.” Keep the final /n/ audible.
call out	publicly identify a problem or criticize behavior | Pattern: call out + noun | Example: The report calls out several weaknesses in the current system, so the audience could understand the intended point without guessing. | Pronunciation: IPA (stress shown separately): /kɔl aʊt/ Link the words smoothly; give the strongest phrase stress to “out.” Keep the final /t/ audible.
call up	telephone someone | Pattern: call someone up | Example: I called up the service center to check the repair status, so the audience could understand the intended point without guessing. | Pronunciation: IPA (stress shown separately): /kɔl ʌp/ Link the words smoothly; give the strongest phrase stress to “up.” Keep the final /p/ audible.
carry on	continue an activity | Pattern: carry on | Example: Despite the interruption, the class carried on with the experiment, so the class could connect the idea to the next activity. | Pronunciation: IPA (stress shown separately): /kæri ɑn/ Link the words smoothly; give the strongest phrase stress to “on.” Keep the final /n/ audible.
carry out	perform or complete a plan or study | Pattern: carry out + noun | Example: The students carried out the investigation safely and accurately, which gave the teacher clearer information for the following lesson. | Pronunciation: IPA (stress shown separately): /kæri aʊt/ Link the words smoothly; give the strongest phrase stress to “out.” Keep the final /t/ audible.
carry over	continue from one period or situation to another | Pattern: carry over | Example: Unused funds will carry over into the next school year, which gave the teacher clearer information for the following lesson. | Pronunciation: IPA (stress shown separately): /kæri oʊvɚ/ Link the words smoothly; give the strongest phrase stress to “over.” For /v/, touch the upper teeth to the lower lip; do not replace it with /b/.
carry through	complete something despite difficulty | Pattern: carry + noun + through | Example: The team promised to carry through with the full safety review, so the group could make the next decision with clearer information. | Pronunciation: IPA (stress shown separately): /kæri θru/ Link the words smoothly; give the strongest phrase stress to “through.”
catch on	begin to understand or become popular | Pattern: catch on | Example: The students caught on quickly once they saw a visual example, so the class could connect the idea to the next activity. | Pronunciation: IPA (stress shown separately): /kætʃ ɑn/ Link the words smoothly; give the strongest phrase stress to “on.” Use a crisp /tʃ/ “ch” sound. Keep the final /n/ audible.
catch up	reach the same level after falling behind | Pattern: catch up on + noun | Example: I stayed late to catch up on the paperwork, so the group could make the next decision with clearer information. | Pronunciation: IPA (stress shown separately): /kætʃ ʌp/ Link the words smoothly; give the strongest phrase stress to “up.” Use a crisp /tʃ/ “ch” sound. Keep the final /p/ audible.
catch up with	reach or talk with someone after time apart | Pattern: catch up with + person | Example: I need to catch up with my department chair this afternoon, so the audience could understand the intended point without guessing. | Pronunciation: IPA (stress shown separately): /kætʃ ʌp wɪð/ Link the words smoothly; give the strongest phrase stress to “with.” Use a crisp /tʃ/ “ch” sound. For /w/, round the lips; do not touch the teeth. Keep /ɪ/ short and relaxed, as in sit. Keep the final /ð/ audible.
check in	arrive and register or briefly contact someone | Pattern: check in | Example: Please check in at the front desk when you arrive. | Pronunciation: IPA (stress shown separately): /tʃɛk ɪn/ Link the words smoothly; give the strongest phrase stress to “in.” Use a crisp /tʃ/ “ch” sound. Keep /ɪ/ short and relaxed, as in sit. Keep the final /n/ audible.
check into	investigate or register at a hotel | Pattern: check into + noun | Example: The principal promised to check into the complaint, which gave the teacher clearer information for the following lesson. | Pronunciation: IPA (stress shown separately): /tʃɛk ɪntu/ Link the words smoothly; give the strongest phrase stress to “into.” Use a crisp /tʃ/ “ch” sound. Keep /ɪ/ short and relaxed, as in sit.
check on	look at something to confirm its condition | Pattern: check on + noun | Example: I checked on the students during independent practice, so the class could connect the idea to the next activity. | Pronunciation: IPA (stress shown separately): /tʃɛk ɑn/ Link the words smoothly; give the strongest phrase stress to “on.” Use a crisp /tʃ/ “ch” sound. Keep the final /n/ audible.
check out	examine, borrow, or leave a hotel | Pattern: check out + noun | Example: Check out the new simulation before tomorrow’s lesson, so the class could connect the idea to the next activity. | Pronunciation: IPA (stress shown separately): /tʃɛk aʊt/ Link the words smoothly; give the strongest phrase stress to “out.” Use a crisp /tʃ/ “ch” sound. Keep the final /t/ audible.
check over	examine for mistakes | Pattern: check over + noun | Example: Please check over the report before you submit it, which reduced the chance that readers would misinterpret the message. | Pronunciation: IPA (stress shown separately): /tʃɛk oʊvɚ/ Link the words smoothly; give the strongest phrase stress to “over.” Use a crisp /tʃ/ “ch” sound. For /v/, touch the upper teeth to the lower lip; do not replace it with /b/.
come across	find or meet unexpectedly | Pattern: come across + noun | Example: I came across a useful article while preparing the lesson. | Pronunciation: IPA (stress shown separately): /kʌm əkrɔs/ Link the words smoothly; give the strongest phrase stress to “across.” Keep the final /s/ audible.
come along	make progress or accompany someone | Pattern: come along | Example: Your pronunciation is coming along nicely, so the group could make the next decision with clearer information. | Pronunciation: IPA (stress shown separately): /kʌm əlɔŋ/ Link the words smoothly; give the strongest phrase stress to “along.” Keep the final /ŋ/ audible.
come apart	separate into pieces | Pattern: come apart | Example: The model came apart because the adhesive had not dried. | Pronunciation: IPA (stress shown separately): /kʌm əpɑrt/ Link the words smoothly; give the strongest phrase stress to “apart.” Keep the final /t/ audible.
come back	to return to a place, person, or situation that is the current point of reference | Pattern: come back | Example: The revised application came back with one additional question, which helped the manager assign the next responsibility accurately. | Pronunciation: IPA (stress shown separately): /kʌm bæk/ Link the words smoothly; give the strongest phrase stress to “back.” For /b/, close both lips completely. Keep the final /k/ audible.
come down to	depend mainly on one key issue | Pattern: come down to + noun | Example: The decision comes down to cost, safety, and available time, which helped the manager assign the next responsibility accurately. | Pronunciation: IPA (stress shown separately): /kʌm daʊn tu/ Link the words smoothly; give the strongest phrase stress to “to.”
come forward	offer information or help | Pattern: come forward | Example: Two witnesses came forward after the announcement, which helped the group avoid a preventable misunderstanding. | Pronunciation: IPA (stress shown separately): /kʌm fɔrwɚd/ Link the words smoothly; give the strongest phrase stress to “forward.” For /w/, round the lips; do not touch the teeth. Keep the final /d/ audible.
come from	originate in a place or cause | Pattern: come from + noun | Example: Most of the error came from a faulty sensor, so the team could interpret the evidence with less uncertainty. | Pronunciation: IPA (stress shown separately): /kʌm frʌm/ Link the words smoothly; give the strongest phrase stress to “from.” Keep the final /m/ audible.
come in	to arrive or become available, especially for deliveries, results, messages, or supplies | Pattern: come in | Example: The replacement parts came in earlier than expected, so everyone involved knew what would happen next. | Pronunciation: IPA (stress shown separately): /kʌm ɪn/ Link the words smoothly; give the strongest phrase stress to “in.” Keep /ɪ/ short and relaxed, as in sit. Keep the final /n/ audible.
come off	happen successfully or become separated | Pattern: come off | Example: The presentation came off better than we expected, which reduced the chance that readers would misinterpret the message. | Pronunciation: IPA (stress shown separately): /kʌm ɔf/ Link the words smoothly; give the strongest phrase stress to “off.” Keep the final /f/ audible.
come out	be released, become known, or emerge | Pattern: come out | Example: The final report comes out next month, so the audience could understand the intended point without guessing. | Pronunciation: IPA (stress shown separately): /kʌm aʊt/ Link the words smoothly; give the strongest phrase stress to “out.” Keep the final /t/ audible.
come over	visit someone’s home | Pattern: come over | Example: A few friends came over for dinner on Saturday, which allowed the board to explain the decision more transparently. | Pronunciation: IPA (stress shown separately): /kʌm oʊvɚ/ Link the words smoothly; give the strongest phrase stress to “over.” For /v/, touch the upper teeth to the lower lip; do not replace it with /b/.
come through	succeed or provide what was needed | Pattern: come through | Example: Because users needed an immediate solution during the outage, the technical team came through when the system failed. | Pronunciation: IPA (stress shown separately): /kʌm θru/ Link the words smoothly; give the strongest phrase stress to “through.”
come up	arise unexpectedly | Pattern: come up | Example: A scheduling conflict came up this morning, so the coordinator had to revise the day’s plan before notifying the participants. | Pronunciation: IPA (stress shown separately): /kʌm ʌp/ Link the words smoothly; give the strongest phrase stress to “up.” Keep the final /p/ audible.
come up with	produce an idea or solution | Pattern: come up with + noun | Example: The group came up with a practical way to reduce waste, so the group could make the next decision with clearer information. | Pronunciation: IPA (stress shown separately): /kʌm ʌp wɪð/ Link the words smoothly; give the strongest phrase stress to “with.” For /w/, round the lips; do not touch the teeth. Keep /ɪ/ short and relaxed, as in sit. Keep the final /ð/ audible.
cut back	reduce the amount of something | Pattern: cut back on + noun | Example: The department had to cut back on travel expenses, which helped the manager assign the next responsibility accurately. | Pronunciation: IPA (stress shown separately): /kʌt bæk/ Link the words smoothly; give the strongest phrase stress to “back.” For /b/, close both lips completely. Keep the final /k/ audible.
cut down	reduce or make something fall | Pattern: cut down + noun | Example: We can cut down the response time by simplifying the form, so the reader could understand the intended relationship without guessing. | Pronunciation: IPA (stress shown separately): /kʌt daʊn/ Link the words smoothly; give the strongest phrase stress to “down.” Keep the final /n/ audible.
cut in	interrupt or move into a line of traffic | Pattern: cut in | Example: She apologized for cutting in during the discussion, so the audience could understand the intended point without guessing. | Pronunciation: IPA (stress shown separately): /kʌt ɪn/ Link the words smoothly; give the strongest phrase stress to “in.” Keep /ɪ/ short and relaxed, as in sit. Keep the final /n/ audible.
cut off	stop a supply or interrupt communication | Pattern: cut off + noun | Example: The storm cut off power to several neighborhoods, so everyone involved knew what would happen next. | Pronunciation: IPA (stress shown separately): /kʌt ɔf/ Link the words smoothly; give the strongest phrase stress to “off.” Keep the final /f/ audible.
cut out	remove or stop doing something | Pattern: cut out + noun | Example: I cut out unnecessary slides to make the presentation clearer, which reduced the chance that readers would misinterpret the message. | Pronunciation: IPA (stress shown separately): /kʌt aʊt/ Link the words smoothly; give the strongest phrase stress to “out.” Keep the final /t/ audible.
deal with	handle a problem or situation | Pattern: deal with + noun | Example: We need to deal with the missing data before drawing a conclusion, so the team could interpret the evidence with less uncertainty. | Pronunciation: IPA (stress shown separately): /dil wɪð/ Link the words smoothly; give the strongest phrase stress to “with.” For /w/, round the lips; do not touch the teeth. Keep short /ɪ/ distinct from long /i/. Keep the final /ð/ audible.
do away with	eliminate something | Pattern: do away with + noun | Example: The new system does away with several repetitive forms, so the reader could understand the intended relationship without guessing. | Pronunciation: IPA (stress shown separately): /du əweɪ wɪð/ Link the words smoothly; give the strongest phrase stress to “with.” For /w/, round the lips; do not touch the teeth. Keep /ɪ/ short and relaxed, as in sit. Keep the final /ð/ audible.
do over	do something again | Pattern: do + noun + over | Example: The measurements were inconsistent, so the class had to do the experiment over. | Pronunciation: IPA (stress shown separately): /du oʊvɚ/ Link the words smoothly; give the strongest phrase stress to “over.” For /v/, touch the upper teeth to the lower lip; do not replace it with /b/.
do without	to manage successfully even though something is unavailable | Pattern: do without + noun | Example: We had to do without internet access for most of the day, so everyone involved knew what would happen next. | Pronunciation: IPA (stress shown separately): /du wɪθaʊt/ Link the words smoothly; give the strongest phrase stress to “without.” For /w/, round the lips; do not touch the teeth. Keep /ɪ/ short and relaxed, as in sit. Keep the final /t/ audible.
dress up	wear more formal or special clothes | Pattern: dress up | Example: Employees usually dress up for the annual awards dinner, which helped the manager assign the next responsibility accurately. | Pronunciation: IPA (stress shown separately): /drɛs ʌp/ Link the words smoothly; give the strongest phrase stress to “up.” Keep the final /p/ audible.
drop by	visit briefly and informally | Pattern: drop by | Example: Feel free to drop by my classroom after school, so the class could connect the idea to the next activity. | Pronunciation: IPA (stress shown separately): /drɑp baɪ/ Link the words smoothly; give the strongest phrase stress to “by.” For /b/, close both lips completely. Let /aɪ/ glide smoothly, as in my.
drop off	deliver someone or something or decrease | Pattern: drop off + noun | Example: I’ll drop off the signed form at the main office, which helped the group avoid a preventable misunderstanding. | Pronunciation: IPA (stress shown separately): /drɑp ɔf/ Link the words smoothly; give the strongest phrase stress to “off.” Keep the final /f/ audible.
drop out	leave a course or program before finishing | Pattern: drop out of + noun | Example: The college created support programs for students at risk of dropping out, so the class could connect the idea to the next activity. | Pronunciation: IPA (stress shown separately): /drɑp aʊt/ Link the words smoothly; give the strongest phrase stress to “out.” Keep the final /t/ audible.
end up	finally be in a particular situation | Pattern: end up + -ing | Example: We ended up changing the lesson after the technology failed. | Pronunciation: IPA (stress shown separately): /ɛnd ʌp/ Link the words smoothly; give the strongest phrase stress to “up.” Keep the final /p/ audible.
fall apart	break into pieces or fail completely | Pattern: fall apart | Example: The plan fell apart when two major partners withdrew, which helped the manager assign the next responsibility accurately. | Pronunciation: IPA (stress shown separately): /fɔl əpɑrt/ Link the words smoothly; give the strongest phrase stress to “apart.” Keep the final /t/ audible.
fall behind	fail to keep up with expected progress | Pattern: fall behind | Example: Several students fell behind after missing a week of class, so the class could connect the idea to the next activity. | Pronunciation: IPA (stress shown separately): /fɔl bɪhaɪnd/ Link the words smoothly; give the strongest phrase stress to “behind.” For /b/, close both lips completely. Keep /ɪ/ short and relaxed, as in sit. Let /aɪ/ glide smoothly, as in my. Keep the final /d/ audible.
fall for	be deceived by or become attracted to | Pattern: fall for + noun | Example: Do not fall for messages that ask for your password. | Pronunciation: IPA (stress shown separately): /fɔl fɔr/ Link the words smoothly; give the strongest phrase stress to “for.” Keep the final /r/ audible.
fall out	argue and stop being friendly | Pattern: fall out with + person | Example: The partners fell out over how to divide the responsibilities. | Pronunciation: IPA (stress shown separately): /fɔl aʊt/ Link the words smoothly; give the strongest phrase stress to “out.” Keep the final /t/ audible.
fall through	fail to happen | Pattern: fall through | Example: Our original venue fell through, so we booked the library instead. | Pronunciation: IPA (stress shown separately): /fɔl θru/ Link the words smoothly; give the strongest phrase stress to “through.”
figure out	understand or solve something | Pattern: figure out + noun | Example: The students worked together to figure out why the circuit failed. | Pronunciation: IPA (stress shown separately): /fɪɡjɚ aʊt/ Link the words smoothly; give the strongest phrase stress to “out.” Keep /ɪ/ short and relaxed, as in sit. Keep the final /t/ audible.
fill in	complete missing information or temporarily replace someone | Pattern: fill in + noun | Example: Please fill in the missing values in the table, so the group could make the next decision with clearer information. | Pronunciation: IPA (stress shown separately): /fɪl ɪn/ Link the words smoothly; give the strongest phrase stress to “in.” Keep /ɪ/ short and relaxed, as in sit. Keep the final /n/ audible.
fill out	complete a form | Pattern: fill out + noun | Example: You must fill out the online application before Friday, which helped the manager assign the next responsibility accurately. | Pronunciation: IPA (stress shown separately): /fɪl aʊt/ Link the words smoothly; give the strongest phrase stress to “out.” Keep /ɪ/ short and relaxed, as in sit. Keep the final /t/ audible.
fill up	make or become full | Pattern: fill up | Example: The workshop filled up within two days, so everyone involved knew what would happen next. | Pronunciation: IPA (stress shown separately): /fɪl ʌp/ Link the words smoothly; give the strongest phrase stress to “up.” Keep /ɪ/ short and relaxed, as in sit. Keep the final /p/ audible.
find out	discover information | Pattern: find out + clause | Example: We need to find out whether the change improved attendance. | Pronunciation: IPA (stress shown separately): /faɪnd aʊt/ Link the words smoothly; give the strongest phrase stress to “out.” Let /aɪ/ glide smoothly, as in my. Keep the final /t/ audible.
follow through	complete an action or promise | Pattern: follow through on + noun | Example: A good plan matters only if the team follows through. | Pronunciation: IPA (stress shown separately): /fɑloʊ θru/ Link the words smoothly; give the strongest phrase stress to “through.”
follow up	take additional action or seek more information | Pattern: follow up with + person | Example: I’ll follow up with the parent after reviewing the student’s work, so the class could connect the idea to the next activity. | Pronunciation: IPA (stress shown separately): /fɑloʊ ʌp/ Link the words smoothly; give the strongest phrase stress to “up.” Keep the final /p/ audible.
get across	communicate an idea successfully | Pattern: get + noun + across | Example: The diagram helped get across the main concept, so the audience could understand the intended point without guessing. | Pronunciation: IPA (stress shown separately): /ɡɛt əkrɔs/ Link the words smoothly; give the strongest phrase stress to “across.” Keep the final /s/ audible.
get ahead	make progress or become more successful | Pattern: get ahead | Example: She studies on weekends to get ahead in the course, so the class could connect the idea to the next activity. | Pronunciation: IPA (stress shown separately): /ɡɛt əhɛd/ Link the words smoothly; give the strongest phrase stress to “ahead.” Keep the final /d/ audible.
get along	have a friendly relationship | Pattern: get along with + person | Example: The new team members get along well despite different work styles, which helped the manager assign the next responsibility accurately. | Pronunciation: IPA (stress shown separately): /ɡɛt əlɔŋ/ Link the words smoothly; give the strongest phrase stress to “along.” Keep the final /ŋ/ audible.
get around	move from place to place or avoid a rule | Pattern: get around | Example: Public transportation makes it easier to get around the city, which allowed the board to explain the decision more transparently. | Pronunciation: IPA (stress shown separately): /ɡɛt ɚaʊnd/ Link the words smoothly; give the strongest phrase stress to “around.” Keep the final /d/ audible.
get away	escape or take a short vacation | Pattern: get away | Example: We are hoping to get away for the long weekend, which helped the group avoid a preventable misunderstanding. | Pronunciation: IPA (stress shown separately): /ɡɛt əweɪ/ Link the words smoothly; give the strongest phrase stress to “away.” For /w/, round the lips; do not touch the teeth.
get back	to return to a place or to contact someone again after a delay | Pattern: get back to + person | Example: I’ll get back to you after I confirm the schedule, which helped the manager assign the next responsibility accurately. | Pronunciation: IPA (stress shown separately): /ɡɛt bæk/ Link the words smoothly; give the strongest phrase stress to “back.” For /b/, close both lips completely. Keep the final /k/ audible.
get by	manage with limited resources | Pattern: get by | Example: The lab can get by for a week with the supplies it has, so everyone involved knew what would happen next. | Pronunciation: IPA (stress shown separately): /ɡɛt baɪ/ Link the words smoothly; give the strongest phrase stress to “by.” For /b/, close both lips completely. Let /aɪ/ glide smoothly, as in my.
get down to	begin serious work on something | Pattern: get down to + -ing | Example: Let’s get down to reviewing the final proposal, which helped the manager assign the next responsibility accurately. | Pronunciation: IPA (stress shown separately): /ɡɛt daʊn tu/ Link the words smoothly; give the strongest phrase stress to “to.”
get in	to arrive at a destination or enter a place | Pattern: get in | Example: The train got in ten minutes late, which helped the group avoid a preventable misunderstanding. | Pronunciation: IPA (stress shown separately): /ɡɛt ɪn/ Link the words smoothly; give the strongest phrase stress to “in.” Keep /ɪ/ short and relaxed, as in sit. Keep the final /n/ audible.
get into	become interested or involved in something | Pattern: get into + noun | Example: Many students get into coding after creating their first game, which gave the teacher clearer information for the following lesson. | Pronunciation: IPA (stress shown separately): /ɡɛt ɪntu/ Link the words smoothly; give the strongest phrase stress to “into.” Keep /ɪ/ short and relaxed, as in sit.
get off	leave transportation or finish work | Pattern: get off | Example: I get off work at five on most weekdays, so everyone involved knew what would happen next. | Pronunciation: IPA (stress shown separately): /ɡɛt ɔf/ Link the words smoothly; give the strongest phrase stress to “off.” Keep the final /f/ audible.
get on	enter transportation or make progress | Pattern: get on | Example: We got on the bus just before it left, so everyone involved knew what would happen next. | Pronunciation: IPA (stress shown separately): /ɡɛt ɑn/ Link the words smoothly; give the strongest phrase stress to “on.” Keep the final /n/ audible.
get out	leave or become known | Pattern: get out | Example: The students got out early because of the storm, which gave the teacher clearer information for the following lesson. | Pronunciation: IPA (stress shown separately): /ɡɛt aʊt/ Link the words smoothly; give the strongest phrase stress to “out.” Keep the final /t/ audible.
get over	recover from an illness or difficulty | Pattern: get over + noun | Example: It took several days to get over the flu, so the people affected could understand the practical consequence. | Pronunciation: IPA (stress shown separately): /ɡɛt oʊvɚ/ Link the words smoothly; give the strongest phrase stress to “over.” For /v/, touch the upper teeth to the lower lip; do not replace it with /b/.
get through	finish or survive something difficult | Pattern: get through + noun | Example: We got through all five agenda items before noon, which helped the manager assign the next responsibility accurately. | Pronunciation: IPA (stress shown separately): /ɡɛt θru/ Link the words smoothly; give the strongest phrase stress to “through.”
get together	meet socially or for a purpose | Pattern: get together | Example: The science teachers get together once a month to share lessons, which gave the teacher clearer information for the following lesson. | Pronunciation: IPA (stress shown separately): /ɡɛt təɡɛðɚ/ Link the words smoothly; give the strongest phrase stress to “together.”
get up	rise from bed or a seated position | Pattern: get up | Example: I usually get up at six on school days, so the class could connect the idea to the next activity. | Pronunciation: IPA (stress shown separately): /ɡɛt ʌp/ Link the words smoothly; give the strongest phrase stress to “up.” Keep the final /p/ audible.
give away	donate or reveal something | Pattern: give away + noun | Example: The library gave away its older textbooks to a community program, which allowed the board to explain the decision more transparently. | Pronunciation: IPA (stress shown separately): /ɡɪv əweɪ/ Link the words smoothly; give the strongest phrase stress to “away.” For /v/, touch the upper teeth to the lower lip; do not replace it with /b/. For /w/, round the lips; do not touch the teeth. Keep /ɪ/ short and relaxed, as in sit.
give back	return something | Pattern: give + noun + back | Example: Please give back the calculators before you leave, which gave the teacher clearer information for the following lesson. | Pronunciation: IPA (stress shown separately): /ɡɪv bæk/ Link the words smoothly; give the strongest phrase stress to “back.” For /v/, touch the upper teeth to the lower lip; do not replace it with /b/. For /b/, close both lips completely. Keep /ɪ/ short and relaxed, as in sit. Keep the final /k/ audible.
give in	stop resisting | Pattern: give in | Example: The committee refused to give in to pressure to rush the decision, so the group could make the next decision with clearer information. | Pronunciation: IPA (stress shown separately): /ɡɪv ɪn/ Link the words smoothly; give the strongest phrase stress to “in.” For /v/, touch the upper teeth to the lower lip; do not replace it with /b/. Keep /ɪ/ short and relaxed, as in sit. Keep the final /n/ audible.
give out	distribute or stop functioning | Pattern: give out + noun | Example: I gave out the lab instructions before students collected materials. | Pronunciation: IPA (stress shown separately): /ɡɪv aʊt/ Link the words smoothly; give the strongest phrase stress to “out.” For /v/, touch the upper teeth to the lower lip; do not replace it with /b/. Keep /ɪ/ short and relaxed, as in sit. Keep the final /t/ audible.
give up	stop trying or surrender something | Pattern: give up | Example: Since the team still had time to test a different approach, the group did not give up when the first design failed. | Pronunciation: IPA (stress shown separately): /ɡɪv ʌp/ Link the words smoothly; give the strongest phrase stress to “up.” For /v/, touch the upper teeth to the lower lip; do not replace it with /b/. Keep /ɪ/ short and relaxed, as in sit. Keep the final /p/ audible.
go after	try to obtain or pursue something | Pattern: go after + noun | Example: She decided to go after a leadership position at the school, which gave the teacher clearer information for the following lesson. | Pronunciation: IPA (stress shown separately): /ɡoʊ æftɚ/ Link the words smoothly; give the strongest phrase stress to “after.”
go against	oppose or conflict with something | Pattern: go against + noun | Example: The proposal goes against the district’s existing policy, so the class could connect the idea to the next activity. | Pronunciation: IPA (stress shown separately): /ɡoʊ əɡɛnst/ Link the words smoothly; give the strongest phrase stress to “against.” Keep the final /t/ audible.
go ahead	proceed | Pattern: go ahead with + noun | Example: The principal gave us permission to go ahead with the event, so the class could connect the idea to the next activity. | Pronunciation: IPA (stress shown separately): /ɡoʊ əhɛd/ Link the words smoothly; give the strongest phrase stress to “ahead.” Keep the final /d/ audible.
go along with	agree with or accept something | Pattern: go along with + noun | Example: I can go along with the plan if we add a safety check. | Pronunciation: IPA (stress shown separately): /ɡoʊ əlɔŋ wɪð/ Link the words smoothly; give the strongest phrase stress to “with.” For /w/, round the lips; do not touch the teeth. Keep /ɪ/ short and relaxed, as in sit. Keep the final /ð/ audible.
go around	circulate or move through different places | Pattern: go around | Example: A stomach virus has been going around the school, so the class could connect the idea to the next activity. | Pronunciation: IPA (stress shown separately): /ɡoʊ ɚaʊnd/ Link the words smoothly; give the strongest phrase stress to “around.” Keep the final /d/ audible.
go back	return to a previous place, time, or topic | Pattern: go back to + noun | Example: Let’s go back to the evidence before making a conclusion, which gave the reviewers a clearer basis for evaluating the conclusion. | Pronunciation: IPA (stress shown separately): /ɡoʊ bæk/ Link the words smoothly; give the strongest phrase stress to “back.” For /b/, close both lips completely. Keep the final /k/ audible.
go by	pass or be guided by something | Pattern: go by + noun | Example: We should go by the written policy rather than memory, so the people affected could understand the practical consequence. | Pronunciation: IPA (stress shown separately): /ɡoʊ baɪ/ Link the words smoothly; give the strongest phrase stress to “by.” For /b/, close both lips completely. Let /aɪ/ glide smoothly, as in my.
go down	decrease or happen | Pattern: go down | Example: Energy use may go down after the building upgrades, which gave the people involved a clearer basis for the next step. | Pronunciation: IPA (stress shown separately): /ɡoʊ daʊn/ Link the words smoothly; give the strongest phrase stress to “down.” Keep the final /n/ audible.
go for	choose or try to obtain something | Pattern: go for + noun | Example: We decided to go for the simpler design, so the group could make the next decision with clearer information. | Pronunciation: IPA (stress shown separately): /ɡoʊ fɔr/ Link the words smoothly; give the strongest phrase stress to “for.” Keep the final /r/ audible.
go off	make a sound, explode, or stop liking something | Pattern: go off | Example: The alarm could go off during second period, so everyone involved knew what would happen next. | Pronunciation: IPA (stress shown separately): /ɡoʊ ɔf/ Link the words smoothly; give the strongest phrase stress to “off.” Keep the final /f/ audible.
go on	continue or happen | Pattern: go on | Example: The meeting may go on longer than expected, so the group could make the next decision with clearer information. | Pronunciation: IPA (stress shown separately): /ɡoʊ ɑn/ Link the words smoothly; give the strongest phrase stress to “on.” Keep the final /n/ audible.
go over	review something carefully | Pattern: go over + noun | Example: Let’s go over the instructions one more time, which gave the teacher clearer information for the following lesson. | Pronunciation: IPA (stress shown separately): /ɡoʊ oʊvɚ/ Link the words smoothly; give the strongest phrase stress to “over.” For /v/, touch the upper teeth to the lower lip; do not replace it with /b/.
go through	experience or examine something carefully | Pattern: go through + noun | Example: The committee must go through every application before deciding, which helped the manager assign the next responsibility accurately. | Pronunciation: IPA (stress shown separately): /ɡoʊ θru/ Link the words smoothly; give the strongest phrase stress to “through.”
go up	increase | Pattern: go up | Example: The cost of materials may go up by twelve percent, so the reader could understand the intended relationship without guessing. | Pronunciation: IPA (stress shown separately): /ɡoʊ ʌp/ Link the words smoothly; give the strongest phrase stress to “up.” Keep the final /p/ audible.
go with	match or choose something | Pattern: go with + noun | Example: This chart should go with the explanation on the next slide, so the team could interpret the evidence with less uncertainty. | Pronunciation: IPA (stress shown separately): /ɡoʊ wɪð/ Link the words smoothly; give the strongest phrase stress to “with.” For /w/, round the lips; do not touch the teeth. Keep /ɪ/ short and relaxed, as in sit. Keep the final /ð/ audible.
go without	to experience a period in which something necessary or desired is unavailable | Pattern: go without + noun | Example: Many families had to go without power after the storm, so everyone involved knew what would happen next. | Pronunciation: IPA (stress shown separately): /ɡoʊ wɪθaʊt/ Link the words smoothly; give the strongest phrase stress to “without.” For /w/, round the lips; do not touch the teeth. Keep /ɪ/ short and relaxed, as in sit. Keep the final /t/ audible.
grow apart	gradually become less close | Pattern: grow apart | Example: The friends grew apart after moving to different cities, so everyone involved knew what would happen next. | Pronunciation: IPA (stress shown separately): /ɡroʊ əpɑrt/ Link the words smoothly; give the strongest phrase stress to “apart.” Keep the final /t/ audible.
grow up	become an adult | Pattern: grow up | Example: She grew up in a small town in western Nepal, so everyone involved knew what would happen next. | Pronunciation: IPA (stress shown separately): /ɡroʊ ʌp/ Link the words smoothly; give the strongest phrase stress to “up.” Keep the final /p/ audible.
hand in	submit work | Pattern: hand in + noun | Example: Students must hand in the lab report by Monday, which gave the teacher clearer information for the following lesson. | Pronunciation: IPA (stress shown separately): /hænd ɪn/ Link the words smoothly; give the strongest phrase stress to “in.” Keep /ɪ/ short and relaxed, as in sit. Keep the final /n/ audible.
hand out	distribute something | Pattern: hand out + noun | Example: I handed out the safety goggles before the demonstration, so the class could connect the idea to the next activity. | Pronunciation: IPA (stress shown separately): /hænd aʊt/ Link the words smoothly; give the strongest phrase stress to “out.” Keep the final /t/ audible.
hand over	give control or possession to another person | Pattern: hand over + noun | Example: The outgoing chair handed over the files to her replacement, so the group could make the next decision with clearer information. | Pronunciation: IPA (stress shown separately): /hænd oʊvɚ/ Link the words smoothly; give the strongest phrase stress to “over.” For /v/, touch the upper teeth to the lower lip; do not replace it with /b/.
hang around	spend time somewhere without a clear purpose | Pattern: hang around | Example: We hung around the station while waiting for the delayed train. | Pronunciation: IPA (stress shown separately): /hæŋ ɚaʊnd/ Link the words smoothly; give the strongest phrase stress to “around.” Keep the final /d/ audible.
hang on	wait or hold tightly | Pattern: hang on | Example: Hang on for a moment while I open the document. | Pronunciation: IPA (stress shown separately): /hæŋ ɑn/ Link the words smoothly; give the strongest phrase stress to “on.” Keep the final /n/ audible.
hang out	spend relaxed social time | Pattern: hang out | Example: The staff sometimes hang out at a coffee shop after work, which allowed the board to explain the decision more transparently. | Pronunciation: IPA (stress shown separately): /hæŋ aʊt/ Link the words smoothly; give the strongest phrase stress to “out.” Keep the final /t/ audible.
hang up	end a phone call or place something on a hook | Pattern: hang up | Example: She hung up after confirming the appointment, which reduced the chance that readers would misinterpret the message. | Pronunciation: IPA (stress shown separately): /hæŋ ʌp/ Link the words smoothly; give the strongest phrase stress to “up.” Keep the final /p/ audible.
hold back	prevent progress or avoid expressing something | Pattern: hold + noun + back | Example: Fear of making mistakes can hold back language learners, which gave the teacher clearer information for the following lesson. | Pronunciation: IPA (stress shown separately): /hoʊld bæk/ Link the words smoothly; give the strongest phrase stress to “back.” For /b/, close both lips completely. Keep the final /k/ audible.
hold off	delay an action | Pattern: hold off on + -ing | Example: We should hold off on purchasing equipment until the budget is approved, so decision makers could see how the available resources would support the stated goal. | Pronunciation: IPA (stress shown separately): /hoʊld ɔf/ Link the words smoothly; give the strongest phrase stress to “off.” Keep the final /f/ audible.
hold on	wait or keep a grip | Pattern: hold on | Example: Please hold on while I transfer your call, which reduced the chance that readers would misinterpret the message. | Pronunciation: IPA (stress shown separately): /hoʊld ɑn/ Link the words smoothly; give the strongest phrase stress to “on.” Keep the final /n/ audible.
hold up	delay or support something | Pattern: hold up + noun | Example: A missing signature held up the application, so the group could make the next decision with clearer information. | Pronunciation: IPA (stress shown separately): /hoʊld ʌp/ Link the words smoothly; give the strongest phrase stress to “up.” Keep the final /p/ audible.
keep away	remain at a distance | Pattern: keep + noun + away | Example: Please keep away from the electrical equipment when carrying liquids. | Pronunciation: IPA (stress shown separately): /kip əweɪ/ Link the words smoothly; give the strongest phrase stress to “away.” For /w/, round the lips; do not touch the teeth.
keep on	continue doing something | Pattern: keep on + -ing | Example: She kept on practicing until the final consonants were clear, so the class could connect the idea to the next activity. | Pronunciation: IPA (stress shown separately): /kip ɑn/ Link the words smoothly; give the strongest phrase stress to “on.” Keep the final /n/ audible.
keep up	continue at the same rate | Pattern: keep up | Example: The class moved quickly, but most students kept up, which gave the teacher clearer information for the following lesson. | Pronunciation: IPA (stress shown separately): /kip ʌp/ Link the words smoothly; give the strongest phrase stress to “up.” Keep the final /p/ audible.
keep up with	remain at the same level as someone or something | Pattern: keep up with + noun | Example: It is difficult to keep up with rapidly changing software, which gave the reviewers a clearer basis for evaluating the conclusion. | Pronunciation: IPA (stress shown separately): /kip ʌp wɪð/ Link the words smoothly; give the strongest phrase stress to “with.” For /w/, round the lips; do not touch the teeth. Keep short /ɪ/ distinct from long /i/. Keep the final /ð/ audible.
kick off	begin an event or project | Pattern: kick off + noun | Example: We’ll kick off the workshop with a short diagnostic activity, which helped the group avoid a preventable misunderstanding. | Pronunciation: IPA (stress shown separately): /kɪk ɔf/ Link the words smoothly; give the strongest phrase stress to “off.” Keep /ɪ/ short and relaxed, as in sit. Keep the final /f/ audible.
lay off	dismiss workers because work or money is limited | Pattern: lay off + person | Example: The company laid off several employees during the downturn, so the group could make the next decision with clearer information. | Pronunciation: IPA (stress shown separately): /leɪ ɔf/ Link the words smoothly; give the strongest phrase stress to “off.” Keep the final /f/ audible.
lay out	arrange or explain clearly | Pattern: lay out + noun | Example: The proposal lays out three options for improving attendance, so school leaders could evaluate the costs, benefits, and likely effects of each alternative. | Pronunciation: IPA (stress shown separately): /leɪ aʊt/ Link the words smoothly; give the strongest phrase stress to “out.” Keep the final /t/ audible.
leave out	omit something | Pattern: leave out + noun | Example: Do not leave out the units when you report the measurement. | Pronunciation: IPA (stress shown separately): /liv aʊt/ Link the words smoothly; give the strongest phrase stress to “out.” For /v/, touch the upper teeth to the lower lip; do not replace it with /b/. Keep the final /t/ audible.
let down	disappoint someone | Pattern: let + person + down | Example: The team did not want to let down the community, which allowed the board to explain the decision more transparently. | Pronunciation: IPA (stress shown separately): /lɛt daʊn/ Link the words smoothly; give the strongest phrase stress to “down.” Keep the final /n/ audible.
let in	allow someone or something to enter | Pattern: let + person + in | Example: The receptionist agreed to let in the waiting visitors early, which helped the group avoid a preventable misunderstanding. | Pronunciation: IPA (stress shown separately): /lɛt ɪn/ Link the words smoothly; give the strongest phrase stress to “in.” Keep /ɪ/ short and relaxed, as in sit. Keep the final /n/ audible.
let off	excuse someone from punishment or release something | Pattern: let + person + off | Example: Because it was a minor first offense, the officer decided to let the driver off with a warning. | Pronunciation: IPA (stress shown separately): /lɛt ɔf/ Link the words smoothly; give the strongest phrase stress to “off.” Keep the final /f/ audible.
live up to	meet an expectation or standard | Pattern: live up to + noun | Example: The new program has not yet lived up to its promises, which helped the manager assign the next responsibility accurately. | Pronunciation: IPA (stress shown separately): /laɪv ʌp tu/ Link the words smoothly; give the strongest phrase stress to “to.” For /v/, touch the upper teeth to the lower lip; do not replace it with /b/. Let /aɪ/ glide smoothly, as in my.
log in	enter a computer system | Pattern: log in | Example: Students must log in with their district accounts, which gave the teacher clearer information for the following lesson. | Pronunciation: IPA (stress shown separately): /lɔɡ ɪn/ Link the words smoothly; give the strongest phrase stress to “in.” Keep /ɪ/ short and relaxed, as in sit. Keep the final /n/ audible.
log out	leave a computer system securely | Pattern: log out | Example: Remember to log out before using a shared computer, so the team could interpret the evidence with less uncertainty. | Pronunciation: IPA (stress shown separately): /lɔɡ aʊt/ Link the words smoothly; give the strongest phrase stress to “out.” Keep the final /t/ audible.
look after	take care of someone or something | Pattern: look after + noun | Example: My neighbor looked after our plants while we were away. | Pronunciation: IPA (stress shown separately): /lʊk æftɚ/ Link the words smoothly; give the strongest phrase stress to “after.”
look ahead	think about the future | Pattern: look ahead | Example: As we look ahead, we need to plan for growing enrollment, so the group could make the next decision with clearer information. | Pronunciation: IPA (stress shown separately): /lʊk əhɛd/ Link the words smoothly; give the strongest phrase stress to “ahead.” Keep the final /d/ audible.
look around	examine a place | Pattern: look around | Example: We looked around the campus before the orientation began, which helped the group avoid a preventable misunderstanding. | Pronunciation: IPA (stress shown separately): /lʊk ɚaʊnd/ Link the words smoothly; give the strongest phrase stress to “around.” Keep the final /d/ audible.
look at	examine or consider something | Pattern: look at + noun | Example: Let’s look at the data before we discuss possible causes. | Pronunciation: IPA (stress shown separately): /lʊk æt/ Link the words smoothly; give the strongest phrase stress to “at.” Keep the final /t/ audible.
look back	think about the past | Pattern: look back | Example: When I look back, I can see how much my speaking has improved. | Pronunciation: IPA (stress shown separately): /lʊk bæk/ Link the words smoothly; give the strongest phrase stress to “back.” For /b/, close both lips completely. Keep the final /k/ audible.
look down on	consider someone inferior | Pattern: look down on + person | Example: Professional teams should never look down on support staff, which helped the group avoid a preventable misunderstanding. | Pronunciation: IPA (stress shown separately): /lʊk daʊn ɑn/ Link the words smoothly; give the strongest phrase stress to “on.” Keep the final /n/ audible.
look for	try to find something | Pattern: look for + noun | Example: Researchers looked for patterns across the three data sets, which gave the reviewers a clearer basis for evaluating the conclusion. | Pronunciation: IPA (stress shown separately): /lʊk fɔr/ Link the words smoothly; give the strongest phrase stress to “for.” Keep the final /r/ audible.
look forward to	feel pleased about a future event | Pattern: look forward to + -ing | Example: I look forward to working with you next semester, so the audience could understand the intended point without guessing. | Pronunciation: IPA (stress shown separately): /lʊk fɔrwɚd tu/ Link the words smoothly; give the strongest phrase stress to “to.” For /w/, round the lips; do not touch the teeth.
look into	investigate something | Pattern: look into + noun | Example: The technology department is looking into the network problem, so the group could make the next decision with clearer information. | Pronunciation: IPA (stress shown separately): /lʊk ɪntu/ Link the words smoothly; give the strongest phrase stress to “into.” Keep /ɪ/ short and relaxed, as in sit.
look out	to become alert because an immediate danger may be present | Pattern: look out for + noun | Example: Look out for misleading graphs that use uneven scales, so the people affected could understand the practical consequence. | Pronunciation: IPA (stress shown separately): /lʊk aʊt/ Link the words smoothly; give the strongest phrase stress to “out.” Keep the final /t/ audible.
look over	review quickly | Pattern: look over + noun | Example: Because the email will go to the principal this afternoon, could you look over my message before I send it, so that I can correct any unclear wording? | Pronunciation: IPA (stress shown separately): /lʊk oʊvɚ/ Link the words smoothly; give the strongest phrase stress to “over.” For /v/, touch the upper teeth to the lower lip; do not replace it with /b/.
look up	search for information | Pattern: look up + noun | Example: I looked up the pronunciation before using the word in class, so the class could connect the idea to the next activity. | Pronunciation: IPA (stress shown separately): /lʊk ʌp/ Link the words smoothly; give the strongest phrase stress to “up.” Keep the final /p/ audible.
look up to	respect and admire someone | Pattern: look up to + person | Example: Many students look up to teachers who are fair and consistent. | Pronunciation: IPA (stress shown separately): /lʊk ʌp tu/ Link the words smoothly; give the strongest phrase stress to “to.”
make for	contribute to or move toward something | Pattern: make for + noun | Example: Clear expectations make for a more productive classroom, which gave the teacher clearer information for the following lesson. | Pronunciation: IPA (stress shown separately): /meɪk fɔr/ Link the words smoothly; give the strongest phrase stress to “for.” Keep the final /r/ audible.
make out	understand, see, or hear with difficulty | Pattern: make out + noun | Example: I could barely make out the announcement over the noise, so the audience could understand the intended point without guessing. | Pronunciation: IPA (stress shown separately): /meɪk aʊt/ Link the words smoothly; give the strongest phrase stress to “out.” Keep the final /t/ audible.
make up	invent, form, or become friendly again | Pattern: make up + noun | Example: Students from three grade levels make up the robotics team, which gave the teacher clearer information for the following lesson. | Pronunciation: IPA (stress shown separately): /meɪk ʌp/ Link the words smoothly; give the strongest phrase stress to “up.” Keep the final /p/ audible.
make up for	compensate for something | Pattern: make up for + noun | Example: The extra practice helped make up for the missed class, so the class could connect the idea to the next activity. | Pronunciation: IPA (stress shown separately): /meɪk ʌp fɔr/ Link the words smoothly; give the strongest phrase stress to “for.” Keep the final /r/ audible.
move in	begin living in a place | Pattern: move in | Example: The new tenants moved in over the weekend, which helped the group avoid a preventable misunderstanding. | Pronunciation: IPA (stress shown separately): /muv ɪn/ Link the words smoothly; give the strongest phrase stress to “in.” For /v/, touch the upper teeth to the lower lip; do not replace it with /b/. Keep /ɪ/ short and relaxed, as in sit. Keep the final /n/ audible.
move on	continue to the next topic or stage | Pattern: move on | Example: Once everyone understands the concept, we can move on, so the group could make the next decision with clearer information. | Pronunciation: IPA (stress shown separately): /muv ɑn/ Link the words smoothly; give the strongest phrase stress to “on.” For /v/, touch the upper teeth to the lower lip; do not replace it with /b/. Keep the final /n/ audible.
move out	stop living in a place | Pattern: move out | Example: They moved out when the lease ended, which helped the group avoid a preventable misunderstanding. | Pronunciation: IPA (stress shown separately): /muv aʊt/ Link the words smoothly; give the strongest phrase stress to “out.” For /v/, touch the upper teeth to the lower lip; do not replace it with /b/. Keep the final /t/ audible.
pass away	die | Pattern: pass away | Example: Her grandfather passed away peacefully last year, which allowed the board to explain the decision more transparently. | Pronunciation: IPA (stress shown separately): /pæs əweɪ/ Link the words smoothly; give the strongest phrase stress to “away.” For /w/, round the lips; do not touch the teeth.
pass down	give knowledge or property to a younger generation | Pattern: pass down + noun | Example: Families often pass down traditions through stories and celebrations, so the people affected could understand the practical consequence. | Pronunciation: IPA (stress shown separately): /pæs daʊn/ Link the words smoothly; give the strongest phrase stress to “down.” Keep the final /n/ audible.
pass on	give information to another person or decline an opportunity | Pattern: pass + noun + on | Example: Please pass the update on to the rest of the department, so the audience could understand the intended point without guessing. | Pronunciation: IPA (stress shown separately): /pæs ɑn/ Link the words smoothly; give the strongest phrase stress to “on.” Keep the final /n/ audible.
pass out	lose consciousness or distribute something | Pattern: pass out + noun | Example: The teacher passed out the review sheets before the quiz, which gave the teacher clearer information for the following lesson. | Pronunciation: IPA (stress shown separately): /pæs aʊt/ Link the words smoothly; give the strongest phrase stress to “out.” Keep the final /t/ audible.
pass up	decline an opportunity | Pattern: pass up + noun | Example: She did not want to pass up the chance to lead the project, so the group could make the next decision with clearer information. | Pronunciation: IPA (stress shown separately): /pæs ʌp/ Link the words smoothly; give the strongest phrase stress to “up.” Keep the final /p/ audible.
pay back	return borrowed money or repay a favor | Pattern: pay + person + back | Example: I will pay back the loan after my paycheck arrives, which allowed the board to explain the decision more transparently. | Pronunciation: IPA (stress shown separately): /peɪ bæk/ Link the words smoothly; give the strongest phrase stress to “back.” For /b/, close both lips completely. Keep the final /k/ audible.
pay off	produce a good result or finish paying a debt | Pattern: pay off | Example: The weeks of practice paid off during the presentation, which reduced the chance that readers would misinterpret the message. | Pronunciation: IPA (stress shown separately): /peɪ ɔf/ Link the words smoothly; give the strongest phrase stress to “off.” Keep the final /f/ audible.
pick out	choose or identify something | Pattern: pick out + noun | Example: Because the class needs one convincing example, can you pick out the strongest evidence in the paragraph, so that the discussion remains focused? | Pronunciation: IPA (stress shown separately): /pɪk aʊt/ Link the words smoothly; give the strongest phrase stress to “out.” Keep /ɪ/ short and relaxed, as in sit. Keep the final /t/ audible.
pick up	collect, learn informally, or improve | Pattern: pick up + noun | Example: I picked up several useful expressions from my coworkers, which gave the teacher clearer information for the following lesson. | Pronunciation: IPA (stress shown separately): /pɪk ʌp/ Link the words smoothly; give the strongest phrase stress to “up.” Keep /ɪ/ short and relaxed, as in sit. Keep the final /p/ audible.
point out	draw attention to something | Pattern: point out + noun | Example: The reviewer pointed out an error in the calculation, which reduced the chance that readers would misinterpret the message. | Pronunciation: IPA (stress shown separately): /pɔɪnt aʊt/ Link the words smoothly; give the strongest phrase stress to “out.” Keep the final /t/ audible.
pull off	succeed at something difficult | Pattern: pull off + noun | Example: The students pulled off an impressive demonstration with limited materials, which gave the teacher clearer information for the following lesson. | Pronunciation: IPA (stress shown separately): /pʊl ɔf/ Link the words smoothly; give the strongest phrase stress to “off.” Keep the final /f/ audible.
pull out	withdraw or remove something | Pattern: pull out | Example: One sponsor pulled out just before the event, which helped the manager assign the next responsibility accurately. | Pronunciation: IPA (stress shown separately): /pʊl aʊt/ Link the words smoothly; give the strongest phrase stress to “out.” Keep the final /t/ audible.
pull over	move a vehicle to the side of the road | Pattern: pull over | Example: The driver pulled over when the warning light appeared, which helped the group avoid a preventable misunderstanding. | Pronunciation: IPA (stress shown separately): /pʊl oʊvɚ/ Link the words smoothly; give the strongest phrase stress to “over.” For /v/, touch the upper teeth to the lower lip; do not replace it with /b/.
pull through	recover from a serious difficulty | Pattern: pull through | Example: The patient pulled through after emergency treatment, which reduced the risk of conflicting instructions during a stressful moment. | Pronunciation: IPA (stress shown separately): /pʊl θru/ Link the words smoothly; give the strongest phrase stress to “through.”
put aside	save or temporarily ignore something | Pattern: put aside + noun | Example: Let’s put aside that issue until we have more evidence. | Pronunciation: IPA (stress shown separately): /pʊt əsaɪd/ Link the words smoothly; give the strongest phrase stress to “aside.” Let /aɪ/ glide smoothly, as in my. Keep the final /d/ audible.
put away	return something to its proper place | Pattern: put away + noun | Example: Students put away the equipment after the lab, which gave the teacher clearer information for the following lesson. | Pronunciation: IPA (stress shown separately): /pʊt əweɪ/ Link the words smoothly; give the strongest phrase stress to “away.” For /w/, round the lips; do not touch the teeth.
put back	return something to its place or delay it | Pattern: put + noun + back | Example: After using the microscope, please put it back on the correct shelf, so the class could connect the idea to the next activity. | Pronunciation: IPA (stress shown separately): /pʊt bæk/ Link the words smoothly; give the strongest phrase stress to “back.” For /b/, close both lips completely. Keep the final /k/ audible.
put down	write something or criticize someone | Pattern: put down + noun | Example: Put down your main idea before you begin the full paragraph, so the audience could understand the intended point without guessing. | Pronunciation: IPA (stress shown separately): /pʊt daʊn/ Link the words smoothly; give the strongest phrase stress to “down.” Keep the final /n/ audible.
put forward	propose an idea | Pattern: put forward + noun | Example: The committee put forward a revised schedule, so the group could make the next decision with clearer information. | Pronunciation: IPA (stress shown separately): /pʊt fɔrwɚd/ Link the words smoothly; give the strongest phrase stress to “forward.” For /w/, round the lips; do not touch the teeth. Keep the final /d/ audible.
put off	delay something | Pattern: put off + noun | Example: Because the financial report would not be ready in time for a useful discussion, we had to put off the meeting until Friday. | Pronunciation: IPA (stress shown separately): /pʊt ɔf/ Link the words smoothly; give the strongest phrase stress to “off.” Keep the final /f/ audible.
put on	wear, organize, or activate something | Pattern: put on + noun | Example: The drama club put on a performance for the community, which allowed the board to explain the decision more transparently. | Pronunciation: IPA (stress shown separately): /pʊt ɑn/ Link the words smoothly; give the strongest phrase stress to “on.” Keep the final /n/ audible.
put out	extinguish, publish, or inconvenience someone | Pattern: put out + noun | Example: The fire crew put out the flames within minutes, so everyone involved knew what would happen next. | Pronunciation: IPA (stress shown separately): /pʊt aʊt/ Link the words smoothly; give the strongest phrase stress to “out.” Keep the final /t/ audible.
put together	assemble or create something | Pattern: put together + noun | Example: The team put together a clear presentation for the school board, so the class could connect the idea to the next activity. | Pronunciation: IPA (stress shown separately): /pʊt təɡɛðɚ/ Link the words smoothly; give the strongest phrase stress to “together.”
put up	display or provide temporary lodging | Pattern: put up + noun | Example: We put up new signs near the laboratory entrance, which gave the reviewers a clearer basis for evaluating the conclusion. | Pronunciation: IPA (stress shown separately): /pʊt ʌp/ Link the words smoothly; give the strongest phrase stress to “up.” Keep the final /p/ audible.
put up with	tolerate something unpleasant | Pattern: put up with + noun | Example: Employees should not have to put up with unsafe working conditions, which helped the manager assign the next responsibility accurately. | Pronunciation: IPA (stress shown separately): /pʊt ʌp wɪð/ Link the words smoothly; give the strongest phrase stress to “with.” For /w/, round the lips; do not touch the teeth. Keep /ɪ/ short and relaxed, as in sit. Keep the final /ð/ audible.
reach out	contact someone to offer or request help | Pattern: reach out to + person | Example: I reached out to the family to discuss additional support, so the audience could understand the intended point without guessing. | Pronunciation: IPA (stress shown separately): /ritʃ aʊt/ Link the words smoothly; give the strongest phrase stress to “out.” Use a crisp /tʃ/ “ch” sound. Keep the final /t/ audible.
rule out	eliminate a possibility | Pattern: rule out + noun | Example: The doctor ordered a test to rule out an infection, which gave the reviewers a clearer basis for evaluating the conclusion. | Pronunciation: IPA (stress shown separately): /rul aʊt/ Link the words smoothly; give the strongest phrase stress to “out.” Keep the final /t/ audible.
run across	find unexpectedly | Pattern: run across + noun | Example: I ran across an old lesson plan while cleaning my files. | Pronunciation: IPA (stress shown separately): /rʌn əkrɔs/ Link the words smoothly; give the strongest phrase stress to “across.” Keep the final /s/ audible.
run into	meet unexpectedly or encounter a problem | Pattern: run into + noun | Example: We ran into a technical problem during the demonstration, so the group could make the next decision with clearer information. | Pronunciation: IPA (stress shown separately): /rʌn ɪntu/ Link the words smoothly; give the strongest phrase stress to “into.” Keep /ɪ/ short and relaxed, as in sit.
run out	have no remaining supply | Pattern: run out | Example: The printer paper ran out during registration, which helped the manager assign the next responsibility accurately. | Pronunciation: IPA (stress shown separately): /rʌn aʊt/ Link the words smoothly; give the strongest phrase stress to “out.” Keep the final /t/ audible.
run out of	use all of a supply | Pattern: run out of + noun | Example: We ran out of time before discussing the final question, which helped the manager assign the next responsibility accurately. | Pronunciation: IPA (stress shown separately): /rʌn aʊt ʌv/ Link the words smoothly; give the strongest phrase stress to “of.” For /v/, touch the upper teeth to the lower lip; do not replace it with /b/. Keep the final /v/ audible.
run over	hit with a vehicle or review quickly | Pattern: run over + noun | Example: Let’s run over the main points before the meeting starts. | Pronunciation: IPA (stress shown separately): /rʌn oʊvɚ/ Link the words smoothly; give the strongest phrase stress to “over.” For /v/, touch the upper teeth to the lower lip; do not replace it with /b/.
run through	practice or review from beginning to end | Pattern: run through + noun | Example: We ran through the presentation twice before the conference, which reduced the chance that readers would misinterpret the message. | Pronunciation: IPA (stress shown separately): /rʌn θru/ Link the words smoothly; give the strongest phrase stress to “through.”
set aside	reserve time, money, or resources | Pattern: set aside + noun | Example: The school set aside funds for laboratory repairs, which gave the teacher clearer information for the following lesson. | Pronunciation: IPA (stress shown separately): /sɛt əsaɪd/ Link the words smoothly; give the strongest phrase stress to “aside.” Let /aɪ/ glide smoothly, as in my. Keep the final /d/ audible.
set back	delay progress | Pattern: set + noun + back | Example: The equipment failure could set back the project by two weeks, so the group could make the next decision with clearer information. | Pronunciation: IPA (stress shown separately): /sɛt bæk/ Link the words smoothly; give the strongest phrase stress to “back.” For /b/, close both lips completely. Keep the final /k/ audible.
set off	begin a journey or cause something to start | Pattern: set off | Example: The hikers set off before sunrise, which gave the group enough daylight to complete the route safely. | Pronunciation: IPA (stress shown separately): /sɛt ɔf/ Link the words smoothly; give the strongest phrase stress to “off.” Keep the final /f/ audible.
set out	begin with a goal or explain systematically | Pattern: set out + noun | Example: Because readers needed to understand the rationale before the vote, the report sets out the reasons for the policy change. | Pronunciation: IPA (stress shown separately): /sɛt aʊt/ Link the words smoothly; give the strongest phrase stress to “out.” Keep the final /t/ audible.
set up	arrange, establish, or prepare something | Pattern: set up + noun | Example: We set up the experiment before the students arrived, so the class could connect the idea to the next activity. | Pronunciation: IPA (stress shown separately): /sɛt ʌp/ Link the words smoothly; give the strongest phrase stress to “up.” Keep the final /p/ audible.
show around	give someone a tour | Pattern: show + person + around | Example: During orientation, the student ambassador offered to show the visiting family around the school, so the class could connect the idea to the next activity. | Pronunciation: IPA (stress shown separately): /ʃoʊ ɚaʊnd/ Link the words smoothly; give the strongest phrase stress to “around.” Use a clear /ʃ/ “sh” sound. Keep the final /d/ audible.
show off	display ability or possessions proudly | Pattern: show off + noun | Example: The app lets students show off projects they created, which gave the teacher clearer information for the following lesson. | Pronunciation: IPA (stress shown separately): /ʃoʊ ɔf/ Link the words smoothly; give the strongest phrase stress to “off.” Use a clear /ʃ/ “sh” sound. Keep the final /f/ audible.
show up	arrive or become visible | Pattern: show up | Example: Nearly every family showed up for the open house, which helped the group avoid a preventable misunderstanding. | Pronunciation: IPA (stress shown separately): /ʃoʊ ʌp/ Link the words smoothly; give the strongest phrase stress to “up.” Use a clear /ʃ/ “sh” sound. Keep the final /p/ audible.
shut down	stop a system, business, or activity | Pattern: shut down + noun | Example: The district shut down the server for scheduled maintenance, so the class could connect the idea to the next activity. | Pronunciation: IPA (stress shown separately): /ʃʌt daʊn/ Link the words smoothly; give the strongest phrase stress to “down.” Use a clear /ʃ/ “sh” sound. Keep the final /n/ audible.
shut off	stop a machine or supply | Pattern: shut off + noun | Example: Shut off the power before repairing the device, so the people affected could understand the practical consequence. | Pronunciation: IPA (stress shown separately): /ʃʌt ɔf/ Link the words smoothly; give the strongest phrase stress to “off.” Use a clear /ʃ/ “sh” sound. Keep the final /f/ audible.
shut up	stop talking; often sounds rude | Pattern: shut up | Example: “Shut up” can sound harsh, so Americans often say “Could you lower your voice?” instead. | Pronunciation: IPA (stress shown separately): /ʃʌt ʌp/ Link the words smoothly; give the strongest phrase stress to “up.” Use a clear /ʃ/ “sh” sound. Keep the final /p/ audible.
sign in	record your arrival | Pattern: sign in | Example: Visitors must sign in at the main office, so the group could make the next decision with clearer information. | Pronunciation: IPA (stress shown separately): /saɪn ɪn/ Link the words smoothly; give the strongest phrase stress to “in.” Keep /ɪ/ short and relaxed, as in sit. Let /aɪ/ glide smoothly, as in my. Keep the final /n/ audible.
sign up	register to participate | Pattern: sign up for + noun | Example: I signed up for a weekend pronunciation workshop, which gave the teacher clearer information for the following lesson. | Pronunciation: IPA (stress shown separately): /saɪn ʌp/ Link the words smoothly; give the strongest phrase stress to “up.” Let /aɪ/ glide smoothly, as in my. Keep the final /p/ audible.
sign off	formally approve or end a message | Pattern: sign off on + noun | Example: The principal must sign off on the final budget, which allowed leaders to direct limited resources toward the highest-priority work. | Pronunciation: IPA (stress shown separately): /saɪn ɔf/ Link the words smoothly; give the strongest phrase stress to “off.” Let /aɪ/ glide smoothly, as in my. Keep the final /f/ audible.
sit down	take a seat or meet for a serious discussion | Pattern: sit down | Example: We should sit down and discuss the workload before next semester, which reduced the chance that readers would misinterpret the message. | Pronunciation: IPA (stress shown separately): /sɪt daʊn/ Link the words smoothly; give the strongest phrase stress to “down.” Keep /ɪ/ short and relaxed, as in sit. Keep the final /n/ audible.
sit in	attend as an observer or temporarily replace someone | Pattern: sit in on + noun | Example: I sat in on the curriculum meeting to learn how decisions were made. | Pronunciation: IPA (stress shown separately): /sɪt ɪn/ Link the words smoothly; give the strongest phrase stress to “in.” Keep /ɪ/ short and relaxed, as in sit. Keep the final /n/ audible.
sit through	remain until a long or unpleasant event ends | Pattern: sit through + noun | Example: The audience sat through a two-hour presentation without a break, so the audience could understand the intended point without guessing. | Pronunciation: IPA (stress shown separately): /sɪt θru/ Link the words smoothly; give the strongest phrase stress to “through.” Keep /ɪ/ short and relaxed, as in sit.
slow down	reduce speed or rate | Pattern: slow down | Example: Slow down slightly so your final consonants remain clear, which gave the teacher clearer information for the following lesson. | Pronunciation: IPA (stress shown separately): /sloʊ daʊn/ Link the words smoothly; give the strongest phrase stress to “down.” Keep the final /n/ audible.
sort out	organize or solve something | Pattern: sort out + noun | Example: We need to sort out the scheduling conflict today, which required the team to adjust the schedule without losing the original priority. | Pronunciation: IPA (stress shown separately): /sɔrt aʊt/ Link the words smoothly; give the strongest phrase stress to “out.” Keep the final /t/ audible.
speak up	talk more loudly or express an opinion | Pattern: speak up | Example: Please speak up so everyone in the back can hear you, which reduced the chance that readers would misinterpret the message. | Pronunciation: IPA (stress shown separately): /spik ʌp/ Link the words smoothly; give the strongest phrase stress to “up.” Keep the final /p/ audible.
stand by	remain ready or continue supporting someone | Pattern: stand by | Example: Technical support will stand by during the online exam, which helped the manager assign the next responsibility accurately. | Pronunciation: IPA (stress shown separately): /stænd baɪ/ Link the words smoothly; give the strongest phrase stress to “by.” For /b/, close both lips completely. Let /aɪ/ glide smoothly, as in my.
stand for	represent or mean something | Pattern: stand for + noun | Example: STEM stands for science, technology, engineering, and mathematics, which gave the teacher clearer information for the following lesson. | Pronunciation: IPA (stress shown separately): /stænd fɔr/ Link the words smoothly; give the strongest phrase stress to “for.” Keep the final /r/ audible.
stand out	be noticeably different or impressive | Pattern: stand out | Example: Her clear explanation made her application stand out, which helped the manager assign the next responsibility accurately. | Pronunciation: IPA (stress shown separately): /stænd aʊt/ Link the words smoothly; give the strongest phrase stress to “out.” Keep the final /t/ audible.
stand up for	defend a person or principle | Pattern: stand up for + noun | Example: Good leaders stand up for employees who raise legitimate concerns, which helped the manager assign the next responsibility accurately. | Pronunciation: IPA (stress shown separately): /stænd ʌp fɔr/ Link the words smoothly; give the strongest phrase stress to “for.” Keep the final /r/ audible.
start over	begin again from the beginning | Pattern: start over | Example: The file was corrupted, so I had to start over. | Pronunciation: IPA (stress shown separately): /stɑrt oʊvɚ/ Link the words smoothly; give the strongest phrase stress to “over.” For /v/, touch the upper teeth to the lower lip; do not replace it with /b/.
step down	leave an important position | Pattern: step down | Example: The committee chair stepped down at the end of the year, so the group could make the next decision with clearer information. | Pronunciation: IPA (stress shown separately): /stɛp daʊn/ Link the words smoothly; give the strongest phrase stress to “down.” Keep the final /n/ audible.
step in	become involved to help or control a situation | Pattern: step in | Example: The counselor stepped in before the disagreement became serious, so the group could make the next decision with clearer information. | Pronunciation: IPA (stress shown separately): /stɛp ɪn/ Link the words smoothly; give the strongest phrase stress to “in.” Keep /ɪ/ short and relaxed, as in sit. Keep the final /n/ audible.
step up	increase effort or accept more responsibility | Pattern: step up | Example: Several teachers stepped up to organize the event, which gave the teacher clearer information for the following lesson. | Pronunciation: IPA (stress shown separately): /stɛp ʌp/ Link the words smoothly; give the strongest phrase stress to “up.” Keep the final /p/ audible.
stick to	continue following a plan, rule, or topic | Pattern: stick to + noun | Example: Let’s stick to the agenda so we finish on time, which helped the manager assign the next responsibility accurately. | Pronunciation: IPA (stress shown separately): /stɪk tu/ Link the words smoothly; give the strongest phrase stress to “to.” Keep /ɪ/ short and relaxed, as in sit.
stick with	continue using or supporting something | Pattern: stick with + noun | Example: We decided to stick with the original schedule, so the group could make the next decision with clearer information. | Pronunciation: IPA (stress shown separately): /stɪk wɪð/ Link the words smoothly; give the strongest phrase stress to “with.” For /w/, round the lips; do not touch the teeth. Keep /ɪ/ short and relaxed, as in sit. Keep the final /ð/ audible.
take after	resemble an older family member | Pattern: take after + person | Example: She takes after her mother in both appearance and personality, which helped the group avoid a preventable misunderstanding. | Pronunciation: IPA (stress shown separately): /teɪk æftɚ/ Link the words smoothly; give the strongest phrase stress to “after.”
take apart	separate something into pieces | Pattern: take apart + noun | Example: Students had to take apart the motor to examine its components, which gave the teacher clearer information for the following lesson. | Pronunciation: IPA (stress shown separately): /teɪk əpɑrt/ Link the words smoothly; give the strongest phrase stress to “apart.” Keep the final /t/ audible.
take away	remove or learn an important message | Pattern: take away + noun | Example: The main idea I took away from the workshop was to practice retrieval, so the class could connect the idea to the next activity. | Pronunciation: IPA (stress shown separately): /teɪk əweɪ/ Link the words smoothly; give the strongest phrase stress to “away.” For /w/, round the lips; do not touch the teeth.
take back	return something or admit a statement was wrong | Pattern: take back + noun | Example: I take back what I said; the revised data support your conclusion. | Pronunciation: IPA (stress shown separately): /teɪk bæk/ Link the words smoothly; give the strongest phrase stress to “back.” For /b/, close both lips completely. Keep the final /k/ audible.
take down	write, remove, or dismantle something | Pattern: take down + noun | Example: Please take down the measurements while your partner runs the test. | Pronunciation: IPA (stress shown separately): /teɪk daʊn/ Link the words smoothly; give the strongest phrase stress to “down.” Keep the final /n/ audible.
take in	understand, absorb, or provide lodging | Pattern: take in + noun | Example: It was difficult to take in all the information during one lecture, which gave the teacher clearer information for the following lesson. | Pronunciation: IPA (stress shown separately): /teɪk ɪn/ Link the words smoothly; give the strongest phrase stress to “in.” Keep /ɪ/ short and relaxed, as in sit. Keep the final /n/ audible.
take off	leave the ground, remove clothing, or become successful | Pattern: take off | Example: The plane took off on time despite the rain, which helped the group avoid a preventable misunderstanding. | Pronunciation: IPA (stress shown separately): /teɪk ɔf/ Link the words smoothly; give the strongest phrase stress to “off.” Keep the final /f/ audible.
take on	accept responsibility or a challenge | Pattern: take on + noun | Example: She took on an additional class during the spring semester, which gave the teacher clearer information for the following lesson. | Pronunciation: IPA (stress shown separately): /teɪk ɑn/ Link the words smoothly; give the strongest phrase stress to “on.” Keep the final /n/ audible.
take out	remove, invite socially, or obtain officially | Pattern: take out + noun | Example: He took out a loan to pay for the training program, which allowed the board to explain the decision more transparently. | Pronunciation: IPA (stress shown separately): /teɪk aʊt/ Link the words smoothly; give the strongest phrase stress to “out.” Keep the final /t/ audible.
take over	gain control or responsibility | Pattern: take over + noun | Example: A new company took over management of the building, which helped the manager assign the next responsibility accurately. | Pronunciation: IPA (stress shown separately): /teɪk oʊvɚ/ Link the words smoothly; give the strongest phrase stress to “over.” For /v/, touch the upper teeth to the lower lip; do not replace it with /b/.
take up	begin an activity or occupy time or space | Pattern: take up + noun | Example: The discussion took up most of the meeting, which helped the manager assign the next responsibility accurately. | Pronunciation: IPA (stress shown separately): /teɪk ʌp/ Link the words smoothly; give the strongest phrase stress to “up.” Keep the final /p/ audible.
talk over	discuss before deciding | Pattern: talk + noun + over | Example: Let us talk over the options before choosing a vendor, which helped the manager assign the next responsibility accurately. | Pronunciation: IPA (stress shown separately): /tɔk oʊvɚ/ Link the words smoothly; give the strongest phrase stress to “over.” For /v/, touch the upper teeth to the lower lip; do not replace it with /b/.
talk through	explain a process step by step | Pattern: talk + person + through + noun | Example: Because the new system affects every course, could you talk through the grading process with me, so that I can explain it accurately to students? | Pronunciation: IPA (stress shown separately): /tɔk θru/ Link the words smoothly; give the strongest phrase stress to “through.”
think over	consider carefully before deciding | Pattern: think + noun + over | Example: Please think over the proposal before tomorrow's vote, which helped the manager assign the next responsibility accurately. | Pronunciation: IPA (stress shown separately): /θɪŋk oʊvɚ/ Link the words smoothly; give the strongest phrase stress to “over.” For /v/, touch the upper teeth to the lower lip; do not replace it with /b/. Keep /ɪ/ short and relaxed, as in sit.
think through	consider all stages and consequences | Pattern: think through + noun | Example: We need to think through how the change will affect families. | Pronunciation: IPA (stress shown separately): /θɪŋk θru/ Link the words smoothly; give the strongest phrase stress to “through.” Keep /ɪ/ short and relaxed, as in sit.
throw away	discard something | Pattern: throw away + noun | Example: Do not throw away the original data sheets, so the team could interpret the evidence with less uncertainty. | Pronunciation: IPA (stress shown separately): /θroʊ əweɪ/ Link the words smoothly; give the strongest phrase stress to “away.” For /w/, round the lips; do not touch the teeth.
throw out	discard or reject something | Pattern: throw out + noun | Example: The judge threw out the case because key evidence was missing. | Pronunciation: IPA (stress shown separately): /θroʊ aʊt/ Link the words smoothly; give the strongest phrase stress to “out.” Keep the final /t/ audible.
track down	find someone or something after searching | Pattern: track down + noun | Example: The technician tracked down the source of the error, so the group could make the next decision with clearer information. | Pronunciation: IPA (stress shown separately): /træk daʊn/ Link the words smoothly; give the strongest phrase stress to “down.” Keep the final /n/ audible.
try on	put on clothing to test the fit | Pattern: try on + noun | Example: She tried on three jackets before choosing one, which helped the group avoid a preventable misunderstanding. | Pronunciation: IPA (stress shown separately): /traɪ ɑn/ Link the words smoothly; give the strongest phrase stress to “on.” Let /aɪ/ glide smoothly, as in my. Keep the final /n/ audible.
try out	test something to see how well it works | Pattern: try out + noun | Example: We tried out the new simulation with one class first, which gave the teacher clearer information for the following lesson. | Pronunciation: IPA (stress shown separately): /traɪ aʊt/ Link the words smoothly; give the strongest phrase stress to “out.” Let /aɪ/ glide smoothly, as in my. Keep the final /t/ audible.
turn around	change direction or improve a bad situation | Pattern: turn + noun + around | Example: The new principal helped turn around the school within two years, so the class could connect the idea to the next activity. | Pronunciation: IPA (stress shown separately): /tɝn ɚaʊnd/ Link the words smoothly; give the strongest phrase stress to “around.” Keep the final /d/ audible.
turn down	reject or reduce volume or heat | Pattern: turn down + noun | Example: The candidate turned down the job offer, which helped the manager assign the next responsibility accurately. | Pronunciation: IPA (stress shown separately): /tɝn daʊn/ Link the words smoothly; give the strongest phrase stress to “down.” Keep the final /n/ audible.
turn in	submit something or go to bed | Pattern: turn in + noun | Example: Please turn in your assignment before midnight, so the class could connect the idea to the next activity. | Pronunciation: IPA (stress shown separately): /tɝn ɪn/ Link the words smoothly; give the strongest phrase stress to “in.” Keep /ɪ/ short and relaxed, as in sit. Keep the final /n/ audible.
turn into	change from one thing to another | Pattern: turn into + noun | Example: The small discussion turned into a major debate, so the audience could understand the intended point without guessing. | Pronunciation: IPA (stress shown separately): /tɝn ɪntu/ Link the words smoothly; give the strongest phrase stress to “into.” Keep /ɪ/ short and relaxed, as in sit.
turn off	stop a device or make someone lose interest | Pattern: turn off + noun | Example: Turn off the equipment before leaving the lab, so the people affected could understand the practical consequence. | Pronunciation: IPA (stress shown separately): /tɝn ɔf/ Link the words smoothly; give the strongest phrase stress to “off.” Keep the final /f/ audible.
turn on	start a device | Pattern: turn on + noun | Example: Turn on the projector while I distribute the handouts, so the team could interpret the evidence with less uncertainty. | Pronunciation: IPA (stress shown separately): /tɝn ɑn/ Link the words smoothly; give the strongest phrase stress to “on.” Keep the final /n/ audible.
turn out	develop in a particular way or attend an event | Pattern: turn out | Example: The experiment turned out better than we expected, which gave the reviewers a clearer basis for evaluating the conclusion. | Pronunciation: IPA (stress shown separately): /tɝn aʊt/ Link the words smoothly; give the strongest phrase stress to “out.” Keep the final /t/ audible.
turn over	transfer control or rotate something | Pattern: turn + noun + over | Example: The director decided to turn over the project to a new team, which helped the manager assign the next responsibility accurately. | Pronunciation: IPA (stress shown separately): /tɝn oʊvɚ/ Link the words smoothly; give the strongest phrase stress to “over.” For /v/, touch the upper teeth to the lower lip; do not replace it with /b/.
turn up	arrive unexpectedly or increase a setting | Pattern: turn up | Example: A missing document turned up in the shared folder, which helped the manager assign the next responsibility accurately. | Pronunciation: IPA (stress shown separately): /tɝn ʌp/ Link the words smoothly; give the strongest phrase stress to “up.” Keep the final /p/ audible.
use up	consume all of something | Pattern: use up + noun | Example: The class used up the remaining batteries during the final test, so the class could connect the idea to the next activity. | Pronunciation: IPA (stress shown separately): /jus ʌp/ Link the words smoothly; give the strongest phrase stress to “up.” Keep the final /p/ audible.
wake up	stop sleeping or become aware | Pattern: wake up | Example: I woke up early to prepare for the interview, which helped the group avoid a preventable misunderstanding. | Pronunciation: IPA (stress shown separately): /weɪk ʌp/ Link the words smoothly; give the strongest phrase stress to “up.” For /w/, round the lips; do not touch the teeth. Keep the final /p/ audible.
walk away	leave a situation or reject an agreement | Pattern: walk away from + noun | Example: Both sides were willing to walk away if the terms were unfair. | Pronunciation: IPA (stress shown separately): /wɔk əweɪ/ Link the words smoothly; give the strongest phrase stress to “away.” For /w/, round the lips; do not touch the teeth.
walk through	guide someone step by step | Pattern: walk + person + through + noun | Example: I will walk through the registration process with you, which reduced the chance that readers would misinterpret the message. | Pronunciation: IPA (stress shown separately): /wɔk θru/ Link the words smoothly; give the strongest phrase stress to “through.” For /w/, round the lips; do not touch the teeth.
watch out	to be careful about a specific hazard or possible problem | Pattern: watch out for + noun | Example: Watch out for emails that contain suspicious links, so the people affected could understand the practical consequence. | Pronunciation: IPA (stress shown separately): /wɑtʃ aʊt/ Link the words smoothly; give the strongest phrase stress to “out.” Use a crisp /tʃ/ “ch” sound. For /w/, round the lips; do not touch the teeth. Keep the final /t/ audible.
wear out	become unusable through use or make someone tired | Pattern: wear out | Example: The old printer wore out after years of heavy use, so everyone involved knew what would happen next. | Pronunciation: IPA (stress shown separately): /wɛr aʊt/ Link the words smoothly; give the strongest phrase stress to “out.” For /w/, round the lips; do not touch the teeth. Keep the final /t/ audible.
work on	spend time improving or completing something | Pattern: work on + noun | Example: I’m working on using academic vocabulary more naturally, so the class could connect the idea to the next activity. | Pronunciation: IPA (stress shown separately): /wɝk ɑn/ Link the words smoothly; give the strongest phrase stress to “on.” For /w/, round the lips; do not touch the teeth. Keep the final /n/ audible.
work out	solve, calculate, exercise, or develop successfully | Pattern: work out + noun | Example: We worked out a schedule that everyone could accept, which helped the manager assign the next responsibility accurately. | Pronunciation: IPA (stress shown separately): /wɝk aʊt/ Link the words smoothly; give the strongest phrase stress to “out.” For /w/, round the lips; do not touch the teeth. Keep the final /t/ audible.
wrap up	finish an activity or summarize | Pattern: wrap up + noun | Example: Let’s wrap up the meeting with a review of the action items, so the group could make the next decision with clearer information. | Pronunciation: IPA (stress shown separately): /ræp ʌp/ Link the words smoothly; give the strongest phrase stress to “up.” Keep the final /p/ audible.
write down	record information in writing | Pattern: write down + noun | Example: Write down the expression before you practice saying it aloud, so the class could connect the idea to the next activity. | Pronunciation: IPA (stress shown separately): /raɪt daʊn/ Link the words smoothly; give the strongest phrase stress to “down.” Let /aɪ/ glide smoothly, as in my. Keep the final /n/ audible.
write up	prepare a complete written account | Pattern: write up + noun | Example: The students wrote up their findings after the experiment, which gave the teacher clearer information for the following lesson. | Pronunciation: IPA (stress shown separately): /raɪt ʌp/ Link the words smoothly; give the strongest phrase stress to “up.” Let /aɪ/ glide smoothly, as in my. Keep the final /p/ audible.
zero in on	focus closely on the most important part | Pattern: zero in on + noun | Example: The discussion zeroed in on the two factors causing the delay, so the audience could understand the intended point without guessing. | Pronunciation: IPA (stress shown separately): /zɪroʊ ɪn ɑn/ Link the words smoothly; give the strongest phrase stress to “on.” Keep /ɪ/ short and relaxed, as in sit. Keep the final /n/ audible.
account for	explain the reason for something or form part of a total | Pattern: account for + noun | Example: Transportation costs account for nearly one-third of the project budget, so decision makers could see how the available resources would support the stated goal. | Pronunciation: IPA (stress shown separately): /əkaʊnt fɔr/ Link the words smoothly; give the strongest phrase stress to “for.” Keep the final /r/ audible.
add up	make sense when considered together | Pattern: add up | Example: The attendance figures do not add up, so we should check the records again. | Pronunciation: IPA (stress shown separately): /æd ʌp/ Link the words smoothly; give the strongest phrase stress to “up.” Keep the final /p/ audible.
add up to	produce a particular total or combined result | Pattern: add up to + noun | Example: Several small delays added up to a two-week setback, so the team could interpret the evidence with less uncertainty. | Pronunciation: IPA (stress shown separately): /æd ʌp tu/ Link the words smoothly; give the strongest phrase stress to “to.”
agree with	share the same opinion or suit someone physically | Pattern: agree with + person/idea | Example: I agree with your main conclusion, although I would revise the final recommendation. | Pronunciation: IPA (stress shown separately): /əɡri wɪð/ Link the words smoothly; give the strongest phrase stress to “with.” For /w/, round the lips; do not touch the teeth. Keep short /ɪ/ distinct from long /i/. Keep the final /ð/ audible.
blow up	explode or suddenly become very angry | Pattern: blow up | Example: The demonstration is safe as long as the sealed container does not blow up, which allowed the board to explain the decision more transparently. | Pronunciation: IPA (stress shown separately): /bloʊ ʌp/ Link the words smoothly; give the strongest phrase stress to “up.” For /b/, close both lips completely. Keep the final /p/ audible.
boil down to	have one essential cause or meaning | Pattern: boil down to + noun/clause | Example: The disagreement boils down to how the school should allocate limited resources. | Pronunciation: IPA (stress shown separately): /bɔɪl daʊn tu/ Link the words smoothly; give the strongest phrase stress to “to.” For /b/, close both lips completely.
brush up on	improve a skill or refresh knowledge previously learned | Pattern: brush up on + noun | Example: I need to brush up on statistics before teaching the new data unit, which gave the reviewers a clearer basis for evaluating the conclusion. | Pronunciation: IPA (stress shown separately): /brʌʃ ʌp ɑn/ Link the words smoothly; give the strongest phrase stress to “on.” Use a clear /ʃ/ “sh” sound. For /b/, close both lips completely. Keep the final /n/ audible.
build up	increase or develop gradually | Pattern: build up + noun | Example: Students build up confidence when they practice difficult skills in manageable steps. | Pronunciation: IPA (stress shown separately): /bɪld ʌp/ Link the words smoothly; give the strongest phrase stress to “up.” For /b/, close both lips completely. Keep /ɪ/ short and relaxed, as in sit. Keep the final /p/ audible.
calm down	become or help someone become less upset | Pattern: calm down | Example: The teacher gave the class a minute to calm down before continuing the discussion, so the class could connect the idea to the next activity. | Pronunciation: IPA (stress shown separately): /kɑm daʊn/ Link the words smoothly; give the strongest phrase stress to “down.” Keep the final /n/ audible.
clean up	make a place, file, or process cleaner and more organized | Pattern: clean up + noun | Example: We cleaned up the dataset before running the analysis, so the analysts could interpret the results without confusing data errors with real patterns. | Pronunciation: IPA (stress shown separately): /klin ʌp/ Link the words smoothly; give the strongest phrase stress to “up.” Keep the final /p/ audible.
clear up	resolve confusion or make something easier to understand | Pattern: clear up + noun | Example: A short example cleared up the students’ confusion about the formula, so the class could connect the idea to the next activity. | Pronunciation: IPA (stress shown separately): /klɪr ʌp/ Link the words smoothly; give the strongest phrase stress to “up.” Keep /ɪ/ short and relaxed, as in sit. Keep the final /p/ audible.
count on	depend on someone or expect something to happen | Pattern: count on + person/noun | Example: The team can count on Maria to submit accurate reports on time, which helped the manager assign the next responsibility accurately. | Pronunciation: IPA (stress shown separately): /kaʊnt ɑn/ Link the words smoothly; give the strongest phrase stress to “on.” Keep the final /n/ audible.
cross out	draw a line through written material to remove it | Pattern: cross out + noun | Example: Cross out the incorrect unit and write the correct one beside it, so the class could connect the idea to the next activity. | Pronunciation: IPA (stress shown separately): /krɔs aʊt/ Link the words smoothly; give the strongest phrase stress to “out.” Keep the final /t/ audible.
draw up	prepare a formal document or detailed plan | Pattern: draw up + noun | Example: The committee drew up a revised safety plan for the laboratory, so the team could interpret the evidence with less uncertainty. | Pronunciation: IPA (stress shown separately): /drɔ ʌp/ Link the words smoothly; give the strongest phrase stress to “up.” Keep the final /p/ audible.
face up to	accept and deal honestly with a difficult reality | Pattern: face up to + noun | Example: We need to face up to the fact that the original timeline is no longer realistic. | Pronunciation: IPA (stress shown separately): /feɪs ʌp tu/ Link the words smoothly; give the strongest phrase stress to “to.”
phase in	introduce something gradually | Pattern: phase in + noun | Example: The district will phase in the new curriculum over three semesters, so the class could connect the idea to the next activity. | Pronunciation: IPA (stress shown separately): /feɪz ɪn/ Link the words smoothly; give the strongest phrase stress to “in.” Keep /ɪ/ short and relaxed, as in sit. Keep the final /n/ audible.
phase out	discontinue something gradually | Pattern: phase out + noun | Example: The laboratory is phasing out equipment that no longer meets current safety standards. | Pronunciation: IPA (stress shown separately): /feɪz aʊt/ Link the words smoothly; give the strongest phrase stress to “out.” Keep the final /t/ audible.
iron out	resolve small problems or disagreements | Pattern: iron out + noun | Example: The department met to iron out the remaining scheduling conflicts, which required the team to adjust the schedule without losing the original priority. | Pronunciation: IPA (stress shown separately): /aɪɚn aʊt/ Link the words smoothly; give the strongest phrase stress to “out.” Let /aɪ/ glide smoothly, as in my. Keep the final /t/ audible.
join in	participate in an activity with other people | Pattern: join in + noun | Example: Several quiet students joined in once the discussion moved to small groups, so the class could connect the idea to the next activity. | Pronunciation: IPA (stress shown separately): /dʒɔɪn ɪn/ Link the words smoothly; give the strongest phrase stress to “in.” Use /dʒ/ “j,” as in job. Keep /ɪ/ short and relaxed, as in sit. Keep the final /n/ audible.
map out	plan something carefully and in detail | Pattern: map out + noun | Example: Before launching the project, we mapped out each milestone and assigned an owner, which helped the manager assign the next responsibility accurately. | Pronunciation: IPA (stress shown separately): /mæp aʊt/ Link the words smoothly; give the strongest phrase stress to “out.” Keep the final /t/ audible.
narrow down	reduce a set of possibilities to a smaller number | Pattern: narrow down + noun | Example: The evidence helped us narrow down the possible causes of the error, which gave the reviewers a clearer basis for evaluating the conclusion. | Pronunciation: IPA (stress shown separately): /nɛroʊ daʊn/ Link the words smoothly; give the strongest phrase stress to “down.” Keep the final /n/ audible.
opt out	choose not to participate in something | Pattern: opt out of + noun | Example: Families may opt out of the optional survey by contacting the school office, which gave the teacher clearer information for the following lesson. | Pronunciation: IPA (stress shown separately): /ɑpt aʊt/ Link the words smoothly; give the strongest phrase stress to “out.” Keep the final /t/ audible.
read over	read something carefully to check it | Pattern: read over + noun | Example: Please read over your email before sending it to the principal, which gave the teacher clearer information for the following lesson. | Pronunciation: IPA (stress shown separately): /rɛd oʊvɚ/ Link the words smoothly; give the strongest phrase stress to “over.” For /v/, touch the upper teeth to the lower lip; do not replace it with /b/.
roll out	introduce a new product, program, or policy | Pattern: roll out + noun | Example: The company will roll out the updated software to all employees next month, which helped the manager assign the next responsibility accurately. | Pronunciation: IPA (stress shown separately): /roʊl aʊt/ Link the words smoothly; give the strongest phrase stress to “out.” Keep the final /t/ audible.
scale back	reduce the size, cost, or extent of something | Pattern: scale back + noun | Example: Because funding was reduced, the team scaled back the original project plan. | Pronunciation: IPA (stress shown separately): /skeɪl bæk/ Link the words smoothly; give the strongest phrase stress to “back.” For /b/, close both lips completely. Keep the final /k/ audible.
settle down	become calmer or begin living in a stable way | Pattern: settle down | Example: The room settled down after the students began the independent task. | Pronunciation: IPA (stress shown separately): /sɛtəl daʊn/ Link the words smoothly; give the strongest phrase stress to “down.” Keep the final /n/ audible.
team up	work together with another person or group | Pattern: team up with + person/group | Example: The science and math departments teamed up to design an interdisciplinary unit, so the group could make the next decision with clearer information. | Pronunciation: IPA (stress shown separately): /tim ʌp/ Link the words smoothly; give the strongest phrase stress to “up.” Keep the final /p/ audible.
touch on	mention or discuss something briefly | Pattern: touch on + noun | Example: The presentation touched on equity concerns but did not examine them in depth, which reduced the chance that readers would misinterpret the message. | Pronunciation: IPA (stress shown separately): /tʌtʃ ɑn/ Link the words smoothly; give the strongest phrase stress to “on.” Use a crisp /tʃ/ “ch” sound. Keep the final /n/ audible.
weigh in	offer an opinion or advice during a discussion | Pattern: weigh in on + noun | Example: Several teachers weighed in on the proposed grading policy, so the class could connect the idea to the next activity. | Pronunciation: IPA (stress shown separately): /weɪ ɪn/ Link the words smoothly; give the strongest phrase stress to “in.” For /w/, round the lips; do not touch the teeth. Keep /ɪ/ short and relaxed, as in sit. Keep the final /n/ audible.
wind down	gradually bring an activity to an end or relax | Pattern: wind down + noun | Example: We began to wind down the workshop with a final reflection, so the group could make the next decision with clearer information. | Pronunciation: IPA (stress shown separately): /waɪnd daʊn/ Link the words smoothly; give the strongest phrase stress to “down.” For /w/, round the lips; do not touch the teeth. Let /aɪ/ glide smoothly, as in my. Keep the final /n/ audible.
wipe out	destroy, remove, or eliminate something completely | Pattern: wipe out + noun | Example: A formatting error wiped out several rows of data, but the backup restored them. | Pronunciation: IPA (stress shown separately): /waɪp aʊt/ Link the words smoothly; give the strongest phrase stress to “out.” For /w/, round the lips; do not touch the teeth. Let /aɪ/ glide smoothly, as in my. Keep the final /t/ audible.
zoom in on	focus closely on a specific detail or issue | Pattern: zoom in on + noun | Example: When the research team compared outcomes across subjects and student groups, the report zooms in on the achievement gap in ninth-grade mathematics. | Pronunciation: IPA (stress shown separately): /zum ɪn ɑn/ Link the words smoothly; give the strongest phrase stress to “on.” Keep /ɪ/ short and relaxed, as in sit. Keep the final /n/ audible.
