id,term,originalHeadword,type,sourceGroup,meaning,partOfSpeech,pattern,example,collocation,commonMistake,synonymOrContrast,register,pronunciation,category,level,senseId
v0001,abandon,,academic/professional word,AWL-derived core,"to leave forever, or to stop something in progress",verb,abandon + noun,"Although the group had already invested considerable time in the prototype, the team abandoned the original design after repeated safety failures.",abandon a plan; abandon an attempt,Do not use abandon as a noun without changing its form; also check the required preposition or object.,"abandon means to leave forever, or to stop something in progress. By contrast, cease means to stop happening or stop doing something.",professional and academic; often useful in careful speech and writing,"IPA (stress shown separately): /əbændən/ Stress syllable 2 of 3. For /b/, close both lips completely. Keep the final /n/ audible.",general academic and professional,B2,v0001-s1
v0002,abstract,,academic/professional word,AWL-derived core,a short written summary of a research article or study,noun,an abstract of + article/study,"Because readers needed a concise overview before reading the full article, the abstract summarizes the study’s purpose, method, and main findings.",write an abstract; research abstract,Check whether abstract is countable in this meaning before adding “a” or a plural ending.,"abstract means a short written summary of a research article or study. By contrast, concept means an abstract or general idea.",professional and academic; often useful in careful speech and writing,"IPA (stress shown separately): /æbstrækt/ Stress syllable 1 of 2. For /b/, close both lips completely. Keep the final /t/ audible.",general academic and professional,C1,v0002-s1
v0003,academic,,academic/professional word,AWL-derived core,"relating to school, college, study or theory",adjective,academic + noun; be academic,"Because students needed to succeed in formal assignments as well as everyday discussions, the course teaches academic writing alongside natural spoken English.",academic research; academic achievement,Use academic before a noun or after a linking verb; do not use it as an adverb without the correct form.,"academic means relating to school, college, study or theory. By contrast, evidence-based means supported by reliable research or data.",academic and professional; also useful in formal explanations,"IPA (stress shown separately): /ækədɛmɪk/ Stress syllable 3 of 4. Keep /ɪ/ short and relaxed, as in sit. Keep the final /k/ audible.",evidence,C1,v0003-s1
v0004,access,,academic/professional word,AWL-derived core,the ability to get to or enter somewhere or something,noun,access to + noun,"Since students needed to submit work through the learning platform, reliable internet access is essential for students completing online assignments.",access to information; gain access,Check whether access is countable in this meaning before adding “a” or a plural ending.,"access means the ability to get to or enter somewhere or something. By contrast, accommodation means an adjustment that gives a person fair access or support.",professional and academic; often useful in careful speech and writing,IPA (stress shown separately): /æksɛs/ Stress syllable 1 of 2. Keep the final /s/ audible.,general academic and professional,C1,v0004-s1
v0005,accommodation,,academic/professional word,AWL-derived core,an adjustment that gives a person fair access or support,noun,accommodation for + person/need,"When the disability-services office reviewed the approved support plan, the university provided a testing accommodation for the student.",reasonable accommodation; provide accommodation,Check whether accommodation is countable in this meaning before adding “a” or a plural ending.,"accommodation means an adjustment that gives a person fair access or support. By contrast, access means the ability to get to or enter somewhere or something.",professional and academic; often useful in careful speech and writing,IPA (stress shown separately): /əkɑmədeɪʃən/ Stress syllable 4 of 5. Use a clear /ʃ/ “sh” sound. Keep the final /n/ audible.,general academic and professional,B2,v0005-s1
v0006,accompany,accompanied,academic/professional word,AWL-derived core,to go with someone or to be provided together with something,verb,accompany + noun; be accompany by + noun,"Although the complete report contained several detailed sections, the report was accompanied by a one-page executive summary.",be accompany by; accompany the group,This is an inflected verb form. Do not put “to” directly before it; use the base form after “to.”,"accompany means to go with someone or to be provided together with something. By contrast, remove means to take something away from a place, group, or set.",professional and academic; often useful in careful speech and writing,IPA (stress shown separately): /əkʌmpəni/ Stress syllable 2 of 4.,general academic and professional,B2,v0006-s1
v0007,accumulation,,academic/professional word,AWL-derived core,collection or process of collecting,noun,accumulation of + noun,"Because repeated flooding deposited new layers of material, the accumulation of sediment gradually changed the shape of the riverbank.",accumulation of evidence; gradual accumulation,Check whether accumulation is countable in this meaning before adding “a” or a plural ending.,"accumulation means collection or process of collecting. By contrast, bottleneck means a point in a process that slows everything else down.",academic and professional; also useful in formal explanations,IPA (stress shown separately): /əkjumjəleɪʃən/ Stress syllable 4 of 5. Use a clear /ʃ/ “sh” sound. Keep the final /n/ audible.,STEM and technology,C1,v0007-s1
v0008,accurate,,academic/professional word,AWL-derived core,correct and without any mistakes,adjective,accurate + noun; be accurate,"Because small measurement errors could distort the final conclusion, the conclusion is only as accurate as the measurements supporting it.",accurate information; highly accurate,Use accurate before a noun or after a linking verb; do not use it as an adverb without the correct form.,"accurate means correct and without any mistakes. By contrast, precise means exact or careful and accurate.",professional and academic; often useful in careful speech and writing,IPA (stress shown separately): /ækjɚət/ Stress syllable 1 of 3. Keep the final /t/ audible.,general academic and professional,C1,v0008-s1
v0009,achieve,,academic/professional word,AWL-derived core,to succeed in reaching a target or aim,verb,achieve + noun,"Although the skill initially seemed difficult to several students, students can achieve the target by practicing the skill in several contexts.",achieve a goal; achieve results,Do not use achieve as a noun without changing its form; also check the required preposition or object.,"achieve means to succeed in reaching a target or aim. By contrast, attain means to achieve something after effort.",professional and academic; often useful in careful speech and writing,"IPA (stress shown separately): /ətʃiv/ Stress syllable 2 of 2. Use a crisp /tʃ/ “ch” sound. For /v/, touch the upper teeth to the lower lip; do not replace it with /b/. Keep the final /v/ audible.",general academic and professional,C1,v0009-s1
v0010,acknowledge,acknowledged,academic/professional word,AWL-derived core,to recognize or admit that something is true or important,verb,acknowledge + noun; acknowledge that + clause,"Although the results supported the main conclusion, the authors acknowledged the limitations of their study.",acknowledge a limitation; acknowledge that,This is an inflected verb form. Do not put “to” directly before it; use the base form after “to.”,"acknowledge means to recognize or admit that something is true or important. By contrast, demonstrate means to show or explain how something works.",professional and academic; often useful in careful speech and writing,"IPA (stress shown separately): /æknɑlɪdʒ/ Stress syllable 2 of 3. Use /dʒ/ “j,” as in job. Keep /ɪ/ short and relaxed, as in sit. Keep the final /dʒ/ audible.",communication,B2,v0010-s1
v0011,acquisition,,academic/professional word,AWL-derived core,the process of getting something,noun,acquisition of + noun,"Vocabulary acquisition requires repeated exposure and active use, so the team could interpret the evidence with less uncertainty.",language acquisition; acquisition of skills,Check whether acquisition is countable in this meaning before adding “a” or a plural ending.,"acquisition means the process of getting something. By contrast, disposal means the process of getting rid of something.",academic and professional; also useful in formal explanations,"IPA (stress shown separately): /ækwəzɪʃən/ Stress syllable 3 of 4. Use a clear /ʃ/ “sh” sound. For /w/, round the lips; do not touch the teeth. Keep /ɪ/ short and relaxed, as in sit. Keep the final /n/ audible.",STEM and technology,B2,v0011-s1
v0012,adaptation,,academic/professional word,AWL-derived core,modification to suit new conditions or environment,noun,adaptation to/of + noun,"The film is an adaptation of a well-known novel, which gave the people involved a clearer basis for the next step.",adaptation to change; an adaptation of,Check whether adaptation is countable in this meaning before adding “a” or a plural ending.,"adaptation means modification to suit new conditions or environment. By contrast, transformation means a complete change or the process of change.",professional and academic; often useful in careful speech and writing,IPA (stress shown separately): /ædəpteɪʃən/ Stress syllable 3 of 4. Use a clear /ʃ/ “sh” sound. Keep the final /n/ audible.,change and trends,C1,v0012-s1
v0013,adequate,,academic/professional word,AWL-derived core,enough or barely enough,adjective,adequate + noun; be adequate for + noun,"The evidence was adequate for a preliminary decision but not a final conclusion, so the team could interpret the evidence with less uncertainty.",adequate evidence; adequate for,Use adequate before a noun or after a linking verb; do not use it as an adverb without the correct form.,"adequate means enough or barely enough. By contrast, minimal means very small, the smallest possible, or barely enough.",professional and academic; often useful in careful speech and writing,"IPA (stress shown separately): /ædəkwət/ Stress syllable 1 of 3. For /w/, round the lips; do not touch the teeth. Keep the final /t/ audible.",general academic and professional,C1,v0013-s1
v0014,adjacent,,academic/professional word,AWL-derived core,"next to, near, or touching",adjective,adjacent + noun; be adjacent to + noun,"The science laboratory is adjacent to the preparation room, so the team could interpret the evidence with less uncertainty.",adjacent room; adjacent to,Use adjacent before a noun or after a linking verb; do not use it as an adverb without the correct form.,"adjacent means next to, near, or touching. By contrast, final means last.",professional and academic; often useful in careful speech and writing,"IPA (stress shown separately): /ədʒeɪsənt/ Stress syllable 2 of 3. Use /dʒ/ “j,” as in job. Keep the final /t/ audible.",general academic and professional,C1,v0014-s1
v0015,adjustment,,academic/professional word,AWL-derived core,"making small changes, or becoming suitable",noun,adjustment to + noun,"A small adjustment to the schedule solved the conflict, which helped the manager assign the next responsibility accurately.",make an adjustment; adjustment to,Check whether adjustment is countable in this meaning before adding “a” or a plural ending.,"adjustment means making small changes, or becoming suitable. By contrast, transition means a process or period in which something changes.",professional and academic; often useful in careful speech and writing,"IPA (stress shown separately): /ədʒʌstmənt/ Stress syllable 2 of 3. Use /dʒ/ “j,” as in job. Keep the final /t/ audible.",change and trends,B2,v0015-s1
v0016,administration,,academic/professional word,AWL-derived core,a method of managing the affairs of an organization,noun,administration of + organization/program,"The school administration approved the revised safety plan, so the class could connect the idea to the next activity.",school administration; public administration,Check whether administration is countable in this meaning before adding “a” or a plural ending.,"administration means a method of managing the affairs of an organization. By contrast, method means a way of doing something.",academic and professional; also useful in formal explanations,"IPA (stress shown separately): /ædmɪnɪstreɪʃən/ Stress syllable 4 of 5. Use a clear /ʃ/ “sh” sound. Keep /ɪ/ short and relaxed, as in sit. Keep the final /n/ audible.",STEM and technology,B2,v0016-s1
v0017,adult,adults,academic/professional word,AWL-derived core,people or living things that are fully grown or developed,noun,plural noun: adult + plural verb,"The survey included both teenagers and adults, so the reader could understand the intended relationship without guessing.",young adult; adult learners,Check whether adult is countable in this meaning before adding “a” or a plural ending.,"adult means people or living things that are fully grown or developed. By contrast, series means a sequence of similar or related things.",professional and academic; often useful in careful speech and writing,IPA (stress shown separately): /ædəlt/ Stress syllable 1 of 2. Keep the final /t/ audible.,general academic and professional,C1,v0017-s1
v0018,advocate,,academic/professional word,AWL-derived core,to publicly recommend or support something,verb,advocate + noun; advocate for + noun,"Several teachers advocated a later start time for the school day, which gave the teacher clearer information for the following lesson.",advocate a policy; advocate for students,Do not use advocate as a noun without changing its form; also check the required preposition or object.,"advocate means to publicly recommend or support something. By contrast, publish means to make written research or information publicly available.",academic and professional; also useful in formal explanations,"IPA (stress shown separately): /ædvəkət/ Stress syllable 1 of 3. For /v/, touch the upper teeth to the lower lip; do not replace it with /b/. Keep the final /t/ audible.",policy and society,C1,v0018-s1
v0019,affect,,academic/professional word,AWL-derived core,to influence or cause something to change,verb,affect + noun,"Frequent absences can affect a student’s progress, so the class could connect the idea to the next activity.",affect an outcome; negatively affect,Do not confuse the verb affect with the noun effect.,"affect means to influence or cause something to change. By contrast, generate means to produce or cause something to exist.",professional and academic; often useful in careful speech and writing,IPA (stress shown separately): /əfɛkt/ Stress syllable 2 of 2. Keep the final /t/ audible.,cause and effect,C1,v0019-s1
v0020,aggregate,,academic/professional word,AWL-derived core,the total of all the parts,noun,the aggregate of + plural noun,"The aggregate represents the total of all individual values, which gave the people involved a clearer basis for the next step.",aggregate total; in the aggregate,Check whether aggregate is countable in this meaning before adding “a” or a plural ending.,"aggregate means the total of all the parts. By contrast, sum means the total number or amount of things added together.",professional and academic; often useful in careful speech and writing,IPA (stress shown separately): /æɡrəɡət/ Stress syllable 1 of 3. Keep the final /t/ audible.,general academic and professional,B2,v0020-s1
v0021,aid,,academic/professional word,AWL-derived core,to help or support,verb,aid + noun; aid in + gerund,"The diagram aided students’ understanding of the process, so the class could connect the idea to the next activity.",aid understanding; aid in recovery,Do not use aid as a noun without changing its form; also check the required preposition or object.,"aid means to help or support. By contrast, devote means to give time, effort, or space to a particular purpose.",professional and academic; often useful in careful speech and writing,IPA (stress shown separately): /eɪd/ Stress syllable 1 of 1. Keep the final /d/ audible.,general academic and professional,B2,v0021-s1
v0022,albeit,,academic/professional word,AWL-derived core,"although, even though",conjunction,"clause/phrase, albeit + adjective/noun phrase","The intervention produced a positive, albeit modest, improvement, which gave the people involved a clearer basis for the next step.",albeit small; albeit with limitations,Use this connector to join compatible ideas; do not treat it as a standalone noun.,"albeit means although, even though. By contrast, although means introduces a full contrasting clause.",professional and academic; often useful in careful speech and writing,"IPA (stress shown separately): /ɔlbiɪt/ Stress syllable 2 of 3. For /b/, close both lips completely. Keep short /ɪ/ distinct from long /i/. Keep the final /t/ audible.",general academic and professional,C1,v0022-s1
v0023,allocation,,academic/professional word,AWL-derived core,a share of something for a specific purpose,noun,allocation of + resource; allocation for + purpose,"The budget includes an allocation for new laboratory equipment, so decision makers could see how the available resources would support the stated goal.",resource allocation; budget allocation,Check whether allocation is countable in this meaning before adding “a” or a plural ending.,"allocation means a share of something for a specific purpose. By contrast, fund means money available for a specific purpose.",professional and academic; often useful in careful speech and writing,IPA (stress shown separately): /æləkeɪʃən/ Stress syllable 3 of 4. Use a clear /ʃ/ “sh” sound. Keep the final /n/ audible.,general academic and professional,C1,v0023-s1
v0024,alter,,academic/professional word,AWL-derived core,to change the form or character of something,verb,alter + noun,The researchers altered one variable while keeping the others constant.,alter a plan; significantly alter,Do not use alter as a noun without changing its form; also check the required preposition or object.,"alter means to change the form or character of something. By contrast, convert means to change something into a different form or format.",professional and academic; often useful in careful speech and writing,IPA (stress shown separately): /ɔltɚ/ Stress syllable 1 of 2.,change and trends,C1,v0024-s1
v0025,alternative,,academic/professional word,AWL-derived core,"something different, or a choice of something else",noun,an alternative to + noun,"The committee considered a less expensive alternative, so the group could make the next decision with clearer information.",viable alternative; alternative to,Check whether alternative is countable in this meaning before adding “a” or a plural ending.,"alternative means something different, or a choice of something else. By contrast, transformation means a complete change or the process of change.",professional and academic; often useful in careful speech and writing,"IPA (stress shown separately): /ɔltɝnətɪv/ Stress syllable 2 of 4. For /v/, touch the upper teeth to the lower lip; do not replace it with /b/. Keep /ɪ/ short and relaxed, as in sit. Keep the final /v/ audible.",change and trends,B2,v0025-s1
v0026,ambiguous,,academic/professional word,AWL-derived core,"not clear, or having two or more possible interpretations",adjective,ambiguous + noun; be ambiguous,"The survey question was ambiguous, so participants interpreted it differently.",ambiguous wording; remain ambiguous,Use ambiguous before a noun or after a linking verb; do not use it as an adverb without the correct form.,"ambiguous means not clear, or having two or more possible interpretations. By contrast, evidence-based means supported by reliable research or data.",academic and professional; also useful in formal explanations,"IPA (stress shown separately): /æmbɪɡjuəs/ Stress syllable 2 of 4. For /b/, close both lips completely. Keep /ɪ/ short and relaxed, as in sit. Keep the final /s/ audible.",evidence,B2,v0026-s1
v0027,amendment,,academic/professional word,AWL-derived core,a change made to the words of a text,noun,amendment to + document/law,"The board approved an amendment to the original policy, so the people affected could understand the practical consequence.",constitutional amendment; proposed amendment,Check whether amendment is countable in this meaning before adding “a” or a plural ending.,"amendment means a change made to the words of a text. By contrast, revision means a change of the words of a text.",professional and academic; often useful in careful speech and writing,IPA (stress shown separately): /əmɛndmənt/ Stress syllable 2 of 3. Keep the final /t/ audible.,change and trends,C1,v0027-s1
v0028,analogous,,academic/professional word,AWL-derived core,similar or comparable in some ways,adjective,be analogous to + noun,"The flow of current is analogous to the movement of water through a pipe, which gave the people involved a clearer basis for the next step.",analogous situation; analogous to,Use analogous before a noun or after a linking verb; do not use it as an adverb without the correct form.,"analogous means similar or comparable in some ways. By contrast, similar means almost but not exactly the same.",professional and academic; often useful in careful speech and writing,IPA (stress shown separately): /ənæləɡəs/ Stress syllable 2 of 4. Keep the final /s/ audible.,general academic and professional,C1,v0028-s1
v0029,analysis,,academic/professional word,AWL-derived core,a detailed investigation of the parts of something,noun,analysis of + data/topic,A careful analysis revealed that the apparent improvement was not significant.,conduct an analysis; detailed analysis,Check whether analysis is countable in this meaning before adding “a” or a plural ending.,"analysis means a detailed investigation of the parts of something. By contrast, research means a detailed study of a subject.",academic and professional; also useful in formal explanations,IPA (stress shown separately): /ənæləsəs/ Stress syllable 2 of 4. Keep the final /s/ audible.,evidence,C1,v0029-s1
v0030,annual,,academic/professional word,AWL-derived core,happening once a year,adjective,annual + noun,"The annual report summarizes enrollment, staffing, and student outcomes.",annual report; annual meeting,Use annual before a noun or after a linking verb; do not use it as an adverb without the correct form.,"annual means happening once a year. By contrast, forthcoming means happening soon.",professional and academic; often useful in careful speech and writing,IPA (stress shown separately): /ænjuəl/ Stress syllable 1 of 3. Keep the final /l/ audible.,general academic and professional,B2,v0030-s1
v0031,anticipate,anticipated,academic/professional word,AWL-derived core,to expect something and prepare for it in advance,verb,anticipate + noun; anticipate that + clause,"The team anticipated several technical problems before the launch, so the group could make the next decision with clearer information.",anticipate a problem; anticipate that,This is an inflected verb form. Do not put “to” directly before it; use the base form after “to.”,"anticipate means to expect something and prepare for it in advance. By contrast, identify means to recognize and name something.",professional and academic; often useful in careful speech and writing,"IPA (stress shown separately): /æntɪsəpeɪt/ Stress syllable 2 of 4. Keep /ɪ/ short and relaxed, as in sit. Keep the final /t/ audible.",general academic and professional,B2,v0031-s1
v0032,apparent,,academic/professional word,AWL-derived core,"able to be understood, or seeming to exist",adjective,apparent + noun; it is apparent that + clause,The apparent improvement disappeared after the researchers controlled for prior achievement.,apparent difference; become apparent,Use apparent before a noun or after a linking verb; do not use it as an adverb without the correct form.,"apparent means able to be understood, or seeming to exist. By contrast, visible means able to be seen.",professional and academic; often useful in careful speech and writing,IPA (stress shown separately): /əpɛrənt/ Stress syllable 2 of 3. Keep the final /t/ audible.,general academic and professional,C1,v0032-s1
v0033,appendix,,academic/professional word,AWL-derived core,supplementary material at the end of a book,noun,appendix to + document,"Although the article summarized the survey questions in the methods section, the full questionnaire appears in the appendix.",appendix to a report; see the appendix,Check whether appendix is countable in this meaning before adding “a” or a plural ending.,"appendix means supplementary material at the end of a book. By contrast, chapter means a part of a book or period of time.",professional and academic; often useful in careful speech and writing,"IPA (stress shown separately): /əpɛndɪks/ Stress syllable 2 of 3. Keep /ɪ/ short and relaxed, as in sit. Keep the final /s/ audible.",general academic and professional,C1,v0033-s1
v0034,appreciation,,academic/professional word,AWL-derived core,"recognition of value, or expression of thanks",noun,appreciation of/for + noun,"The course increased students’ appreciation of scientific reasoning, which gave the teacher clearer information for the following lesson.",show appreciation; appreciation of,Check whether appreciation is countable in this meaning before adding “a” or a plural ending.,"appreciation means recognition of value, or expression of thanks. By contrast, clarity means clearness of expression, thought, sound or image.",professional and academic; often useful in careful speech and writing,IPA (stress shown separately): /əpriʃieɪʃən/ Stress syllable 4 of 5. Use a clear /ʃ/ “sh” sound. Keep the final /n/ audible.,communication,C1,v0034-s1
v0035,approach,,academic/professional word,AWL-derived core,a way of considering or doing something,noun,approach to + noun/gerund,The teacher used a different approach when the first explanation failed.,practical approach; adopt an approach,Check whether approach is countable in this meaning before adding “a” or a plural ending.,"approach means a way of considering or doing something. By contrast, innovation means invention or new idea or way of doing something.",professional and academic; often useful in careful speech and writing,IPA (stress shown separately): /əproʊtʃ/ Stress syllable 2 of 2. Use a crisp /tʃ/ “ch” sound. Keep the final /tʃ/ audible.,general academic and professional,B2,v0035-s1
v0036,appropriate,,academic/professional word,AWL-derived core,suitable or right for a particular purpose or situation,adjective,appropriate + noun; be appropriate for + noun,"The teacher selected an appropriate example for the students’ grade level, so the class could connect the idea to the next activity.",appropriate response; appropriate for,Use appropriate before a noun or after a linking verb; do not use it as an adverb without the correct form.,"appropriate means suitable or right for a particular purpose or situation. By contrast, qualitative means relating to quality.",professional and academic; often useful in careful speech and writing,IPA (stress shown separately): /əproʊpriət/ Stress syllable 2 of 4. Keep the final /t/ audible.,evaluation and decisions,B2,v0036-s1
v0037,approximate,approximated,academic/professional word,AWL-derived core,to estimate a number or amount rather than calculate it exactly,verb,approximate + noun,"The students approximated the area before calculating the exact value, so the class could connect the idea to the next activity.",approximate a value; closely approximate,This is an inflected verb form. Do not put “to” directly before it; use the base form after “to.”,"approximate means to estimate a number or amount rather than calculate it exactly. By contrast, specify means to state something clearly and exactly.",professional and academic; often useful in careful speech and writing,IPA (stress shown separately): /əprɑksəmət/ Stress syllable 2 of 4. Keep the final /t/ audible.,general academic and professional,C1,v0037-s1
v0038,arbitrary,,academic/professional word,AWL-derived core,based on chance rather than reason,adjective,arbitrary + noun; be arbitrary,The cutoff score seemed arbitrary because the report offered no rationale for it.,arbitrary decision; arbitrary rule,Use arbitrary before a noun or after a linking verb; do not use it as an adverb without the correct form.,"arbitrary means based on chance rather than reason. By contrast, rational means logical or based on reason.",professional and academic; often useful in careful speech and writing,"IPA (stress shown separately): /ɑrbətrɛri/ Stress syllable 1 of 4. For /b/, close both lips completely.",general academic and professional,C1,v0038-s1
v0039,area,,academic/professional word,AWL-derived core,"a subject or specialization, or part of it",noun,area of + study/work,"Data literacy is an important area of professional development, so the team could interpret the evidence with less uncertainty.",subject area; area of expertise,Check whether area is countable in this meaning before adding “a” or a plural ending.,"area means a subject or specialization, or part of it. By contrast, expert means a person with great skill or knowledge of a subject.",professional and academic; often useful in careful speech and writing,IPA (stress shown separately): /ɛriə/ Stress syllable 1 of 3.,general academic and professional,C1,v0039-s1
v0040,aspect,aspects,academic/professional word,AWL-derived core,"the parts of a problem, situation or task",noun,aspect of + noun,"The report examines the financial and educational aspects of the proposal, so the group could make the next decision with clearer information.",key aspect; various aspect,Check whether aspect is countable in this meaning before adding “a” or a plural ending.,"aspect means the parts of a problem, situation or task. By contrast, dimension means one measurable aspect or important part of something.",professional and academic; often useful in careful speech and writing,IPA (stress shown separately): /æspɛkt/ Stress syllable 1 of 2. Keep the final /t/ audible.,general academic and professional,B2,v0040-s1
v0041,assembly,,academic/professional word,AWL-derived core,"a meeting of a group of people, especially at a school",noun,assembly of + people/parts,"The principal announced the new policy during the school assembly, so the class could connect the idea to the next activity.",school assembly; assembly process,Check whether assembly is countable in this meaning before adding “a” or a plural ending.,"assembly means a meeting of a group of people, especially at a school. By contrast, team means organized group of people who work cooperatively.",professional and academic; often useful in careful speech and writing,"IPA (stress shown separately): /əsɛmbli/ Stress syllable 2 of 3. For /b/, close both lips completely.",workplace and leadership,B2,v0041-s1
v0042,assessment,,academic/professional word,AWL-derived core,when you decide the value or quality of something,noun,assessment of + skill/program,"The formative assessment helped the teacher identify misconceptions, which gave the teacher clearer information for the following lesson.",conduct an assessment; formative assessment,Check whether assessment is countable in this meaning before adding “a” or a plural ending.,"assessment means when you decide the value or quality of something. By contrast, risk assessment means a systematic evaluation of possible dangers and their likelihood.",professional and academic; often useful in careful speech and writing,IPA (stress shown separately): /əsɛsmənt/ Stress syllable 2 of 3. Keep the final /t/ audible.,education,C1,v0042-s1
v0043,assign,assigned,academic/professional word,AWL-derived core,to give a person a particular task or role,verb,assign + noun + to + person; be assign + noun,"Each student was assigned a specific role in the investigation, so the class could connect the idea to the next activity.",assign a task; be assign to,This is an inflected verb form. Do not put “to” directly before it; use the base form after “to.”,"assign means to give a person a particular task or role. By contrast, credit means to recognize a person's contribution to a task.",professional and academic; often useful in careful speech and writing,"IPA (stress shown separately): /əsaɪn/ Stress syllable 2 of 2. Let /aɪ/ glide smoothly, as in my. Keep the final /n/ audible.",general academic and professional,C1,v0043-s1
v0044,assistance,,academic/professional word,AWL-derived core,an act of helping to complete a task,noun,assistance with + task; assistance to + person,"Students may request technical assistance through the help desk, which gave the teacher clearer information for the following lesson.",financial assistance; provide assistance,Check whether assistance is countable in this meaning before adding “a” or a plural ending.,"assistance means an act of helping to complete a task. By contrast, status means the current condition or position of a person, task, or system.",professional and academic; often useful in careful speech and writing,"IPA (stress shown separately): /əsɪstəns/ Stress syllable 2 of 3. Keep /ɪ/ short and relaxed, as in sit. Keep the final /s/ audible.",general academic and professional,C1,v0044-s1
v0045,assume,,academic/professional word,AWL-derived core,accept something to be true without questioning it,verb,assume + noun; assume that + clause,"We should not assume that correlation proves causation, so the reader could understand the intended relationship without guessing.",assume that; wrongly assume,Do not use assume as a noun without changing its form; also check the required preposition or object.,"assume means accept something to be true without questioning it. By contrast, deny means to refuse, not admit, or say that something is not true.",professional and academic; often useful in careful speech and writing,IPA (stress shown separately): /əsum/ Stress syllable 2 of 2. Keep the final /m/ audible.,general academic and professional,B2,v0045-s1
v0046,assurance,,academic/professional word,AWL-derived core,promise or confidence,noun,assurance that + clause; assurance of + noun,The vendor gave assurance that the data would remain confidential.,quality assurance; give assurance,Check whether assurance is countable in this meaning before adding “a” or a plural ending.,"assurance means promise or confidence. By contrast, interval means a short period of time between one event and the next.",professional and academic; often useful in careful speech and writing,IPA (stress shown separately): /əʃʊrəns/ Stress syllable 2 of 3. Use a clear /ʃ/ “sh” sound. Keep the final /s/ audible.,general academic and professional,B2,v0046-s1
v0047,attach,attached,academic/professional word,AWL-derived core,to add a file or connect one thing to another,verb,attach + noun + to + noun,"I attached the revised schedule to the email, so the group could make the next decision with clearer information.",attach a file; attach to,This is an inflected verb form. Do not put “to” directly before it; use the base form after “to.”,"attach means to add a file or connect one thing to another. By contrast, file means to store in order or record officially.",professional and academic; often useful in careful speech and writing,IPA (stress shown separately): /ətætʃ/ Stress syllable 2 of 2. Use a crisp /tʃ/ “ch” sound. Keep the final /tʃ/ audible.,general academic and professional,C1,v0047-s1
v0048,attain,attained,academic/professional word,AWL-derived core,to achieve something after effort,verb,attain + noun,"The class attained its performance target by the end of the semester, so the class could connect the idea to the next activity.",attain a goal; attain proficiency,This is an inflected verb form. Do not put “to” directly before it; use the base form after “to.”,"attain means to achieve something after effort. By contrast, achieve means to succeed in reaching a target or aim.",professional and academic; often useful in careful speech and writing,IPA (stress shown separately): /əteɪn/ Stress syllable 2 of 2. Keep the final /n/ audible.,general academic and professional,C1,v0048-s1
v0049,attitude,attitudes,academic/professional word,AWL-derived core,feelings or opinions about someone or something,noun,attitude toward + noun,"The survey measured students’ attitudes toward mathematics, which gave the teacher clearer information for the following lesson.",positive attitude; changing attitude,Check whether attitude is countable in this meaning before adding “a” or a plural ending.,"attitude means feelings or opinions about someone or something. By contrast, presumption means an attitude based on probability rather than proof.",professional and academic; often useful in careful speech and writing,IPA (stress shown separately): /ætətud/ Stress syllable 1 of 3. Keep the final /d/ audible.,general academic and professional,C1,v0049-s1
v0050,attribute,attributed,academic/professional word,AWL-derived core,to identify something as the cause of a result,verb,attribute + noun + to + noun,"The report attributed the decline to transportation problems, so the audience could understand the intended point without guessing.",attribute X to Y; largely attribute to,This is an inflected verb form. Do not put “to” directly before it; use the base form after “to.”,"attribute means to identify something as the cause of a result. By contrast, troubleshoot means to identify and solve the cause of a technical or practical problem.",professional and academic; often useful in careful speech and writing,"IPA (stress shown separately): /ətrɪbjut/ Stress syllable 2 of 3. For /b/, close both lips completely. Keep /ɪ/ short and relaxed, as in sit. Keep the final /t/ audible.",cause and effect,B2,v0050-s1
v0051,author,,academic/professional word,AWL-derived core,writer,noun,author of + book/article,"The author supports the claim with evidence from three studies, so the team could interpret the evidence with less uncertainty.",article author; lead author,Check whether author is countable in this meaning before adding “a” or a plural ending.,"author means writer. By contrast, communication means the way living things send messages to each other.",professional and academic; often useful in careful speech and writing,IPA (stress shown separately): /ɔθɚ/ Stress syllable 1 of 2.,communication,B2,v0051-s1
v0052,authority,,academic/professional word,AWL-derived core,an expert on a subject,noun,authority over + group; authority on + topic,"She is a recognized authority on bilingual education, so the people affected could understand the practical consequence.",legal authority; an authority on,Check whether authority is countable in this meaning before adding “a” or a plural ending.,"authority means an expert on a subject. By contrast, regulation means rules issued by an authority.",academic and professional; also useful in formal explanations,IPA (stress shown separately): /əθɔrəti/ Stress syllable 2 of 4.,policy and society,C1,v0052-s1
v0053,automatically,,academic/professional word,AWL-derived core,"without need for help, or without thinking",adverb,automatically + verb,"The system automatically saves a backup every five minutes, so the reader could understand the intended relationship without guessing.",automatically generated; automatically update,Check sentence position and punctuation; many sentence adverbs take a comma when they introduce a clause.,"automatically means without need for help, or without thinking. By contrast, hence means therefore, this is the reason why.",professional and academic; often useful in careful speech and writing,IPA (stress shown separately): /ɔtəmætɪkli/ Stress syllable 3 of 5. Keep short /ɪ/ distinct from long /i/.,general academic and professional,C1,v0053-s1
v0054,available,,academic/professional word,AWL-derived core,able to be used,adjective,be available to/for + noun,The full dataset is available to researchers who complete the request form.,available resources; available to,Use available before a noun or after a linking verb; do not use it as an adverb without the correct form.,"available means able to be used. By contrast, restricted means with limitations, or available only to a select few.",professional and academic; often useful in careful speech and writing,"IPA (stress shown separately): /əveɪləbəl/ Stress syllable 2 of 4. For /v/, touch the upper teeth to the lower lip; do not replace it with /b/. For /b/, close both lips completely. Keep the final /l/ audible.",general academic and professional,C1,v0054-s1
v0055,aware,,academic/professional word,AWL-derived core,to have knowledge or be conscious of something,adjective,be aware of + noun; be aware that + clause,Teachers should be aware of how cultural context can affect communication.,aware of; fully aware,Use aware before a noun or after a linking verb; do not use it as an adverb without the correct form.,"aware means to have knowledge or be conscious of something. By contrast, prior means coming before something else in time or importance.",professional and academic; often useful in careful speech and writing,"IPA (stress shown separately): /əwɛr/ Stress syllable 2 of 2. For /w/, round the lips; do not touch the teeth. Keep the final /r/ audible.",general academic and professional,B2,v0055-s1
v0056,behalf,,academic/professional word,AWL-derived core,"personal interest, benefit or representation",noun,on behalf of + person/group,"The union representative spoke on behalf of the teachers, which gave the teacher clearer information for the following lesson.",on behalf of; act on someone’s behalf,Check whether behalf is countable in this meaning before adding “a” or a plural ending.,"behalf means personal interest, benefit or representation. By contrast, discrimination means biased and unfair treatment of a person or group.",professional and academic; often useful in careful speech and writing,"IPA (stress shown separately): /bɪhæf/ Stress syllable 2 of 2. For /b/, close both lips completely. Keep /ɪ/ short and relaxed, as in sit. Keep the final /f/ audible.",general academic and professional,B2,v0056-s1
v0057,benefit,,academic/professional word,AWL-derived core,an advantage or good effect,noun,benefit of + noun; benefit to + person,"One benefit of the new system is faster access to results, which gave the reviewers a clearer basis for evaluating the conclusion.",major benefit; potential benefit,Check whether benefit is countable in this meaning before adding “a” or a plural ending.,"benefit means an advantage or good effect. By contrast, impact means a powerful effect that something has on a situation.",professional and academic; often useful in careful speech and writing,"IPA (stress shown separately): /bɛnəfɪt/ Stress syllable 1 of 3. For /b/, close both lips completely. Keep /ɪ/ short and relaxed, as in sit. Keep the final /t/ audible.",cause and effect,C1,v0057-s1
v0058,bias,,academic/professional word,AWL-derived core,an unfair preference or a systematic distortion in judgment or data,noun,bias toward/against + noun,"The researchers redesigned the sample to reduce selection bias, which gave the reviewers a clearer basis for evaluating the conclusion.",implicit bias; sampling bias,Check whether bias is countable in this meaning before adding “a” or a plural ending.,"bias means an unfair preference or a systematic distortion in judgment or data. By contrast, data means information from which conclusions may be drawn.",academic and professional; also useful in formal explanations,"IPA (stress shown separately): /baɪəs/ Stress syllable 1 of 2. For /b/, close both lips completely. Let /aɪ/ glide smoothly, as in my. Keep the final /s/ audible.",evidence,C1,v0058-s1
v0059,bond,,academic/professional word,AWL-derived core,"a physical link, or a close social connection",noun,bond between + nouns,"A covalent bond forms when atoms share electrons, which gave the people involved a clearer basis for the next step.",chemical bond; strong bond,Check whether bond is countable in this meaning before adding “a” or a plural ending.,"bond means a physical link, or a close social connection. By contrast, link means a connection between two things.",professional and academic; often useful in careful speech and writing,"IPA (stress shown separately): /bɑnd/ Stress syllable 1 of 1. For /b/, close both lips completely. Keep the final /d/ audible.",general academic and professional,C1,v0059-s1
v0060,brief,,academic/professional word,AWL-derived core,"short in time, or expressed in a few words",adjective,brief + noun; be brief,The principal gave a brief update before the meeting began.,brief explanation; brief period,Use brief before a noun or after a linking verb; do not use it as an adverb without the correct form.,"brief means short in time, or expressed in a few words. By contrast, succinct means expressed clearly in very few words.",professional and academic; often useful in careful speech and writing,"IPA (stress shown separately): /brif/ Stress syllable 1 of 1. For /b/, close both lips completely. Keep the final /f/ audible.",communication,B2,v0060-s1
v0061,bulk,,academic/professional word,AWL-derived core,"majority, or large size or weight of something",noun,the bulk of + noun,"The bulk of the funding will support teacher training, which allowed leaders to direct limited resources toward the highest-priority work.",the bulk of; buy in bulk,Check whether bulk is countable in this meaning before adding “a” or a plural ending.,"bulk means majority, or large size or weight of something. By contrast, proportion means the size of something when compared to the whole.",professional and academic; often useful in careful speech and writing,"IPA (stress shown separately): /bʌlk/ Stress syllable 1 of 1. For /b/, close both lips completely. Keep the final /k/ audible.",general academic and professional,B2,v0061-s1
v0062,capable,,academic/professional word,AWL-derived core,having the ability or qualities to do something,adjective,be capable of + noun/gerund,"The software is capable of analyzing several thousand records at once, which gave the people involved a clearer basis for the next step.",capable student; capable of,Use capable before a noun or after a linking verb; do not use it as an adverb without the correct form.,"capable means having the ability or qualities to do something. By contrast, physical means of the body, or having material existence.",professional and academic; often useful in careful speech and writing,"IPA (stress shown separately): /keɪpəbəl/ Stress syllable 1 of 3. For /b/, close both lips completely. Keep the final /l/ audible.",general academic and professional,C1,v0062-s1
v0063,capacity,,academic/professional word,AWL-derived core,the maximum that can be contained or produced,noun,capacity for + noun; capacity to + verb,"The laboratory has the capacity to serve twenty-four students safely, which gave the teacher clearer information for the following lesson.",maximum capacity; capacity to,Check whether capacity is countable in this meaning before adding “a” or a plural ending.,"capacity means the maximum that can be contained or produced. By contrast, maximum means an upper limit of something.",professional and academic; often useful in careful speech and writing,IPA (stress shown separately): /kəpæsəti/ Stress syllable 2 of 4.,general academic and professional,C1,v0063-s1
v0064,category,categories,academic/professional word,AWL-derived core,the groups by which something is classified,noun,category of + noun,"The responses were divided into four categories, which gave the teacher clearer information for the following lesson.",broad category; category of,Check whether category is countable in this meaning before adding “a” or a plural ending.,"category means the groups by which something is classified. By contrast, assessment means when you decide the value or quality of something.",professional and academic; often useful in careful speech and writing,IPA (stress shown separately): /kætəɡɔri/ Stress syllable 1 of 4.,education,C1,v0064-s1
v0065,cease,ceases,academic/professional word,AWL-derived core,to stop happening or stop doing something,verb,cease + noun; cease to + verb,The alarm ceases when the sensor returns to its normal range.,cease operations; cease to exist,Do not use cease as a noun without changing its form; also check the required preposition or object.,"cease means to stop happening or stop doing something. By contrast, suspend means to stop an activity temporarily.",professional and academic; often useful in careful speech and writing,IPA (stress shown separately): /sis/ Stress syllable 1 of 1. Keep the final /s/ audible.,general academic and professional,B2,v0065-s1
v0066,challenge,,academic/professional word,AWL-derived core,something needing effort in order to be done well,noun,challenge for + person; challenge of + gerund,"Transportation remains a major challenge for rural students, which gave the teacher clearer information for the following lesson.",significant challenge; address a challenge,Check whether challenge is countable in this meaning before adding “a” or a plural ending.,"challenge means something needing effort in order to be done well. By contrast, cycle means a series of events which repeat in a predictable order.",professional and academic; often useful in careful speech and writing,"IPA (stress shown separately): /tʃæləndʒ/ Stress syllable 1 of 2. Use a crisp /tʃ/ “ch” sound. Use /dʒ/ “j,” as in job. Keep the final /dʒ/ audible.",general academic and professional,B2,v0066-s1
v0067,channel,,academic/professional word,AWL-derived core,a way through which something moves or is transmitted,noun,channel for + noun; channel through which,"Email is the main communication channel for project updates, so team members knew where to find the latest information and decisions.",communication channel; distribution channel,Check whether channel is countable in this meaning before adding “a” or a plural ending.,"channel means a way through which something moves or is transmitted. By contrast, distribution means the way in which things or people are spread about.",professional and academic; often useful in careful speech and writing,IPA (stress shown separately): /tʃænəl/ Stress syllable 1 of 2. Use a crisp /tʃ/ “ch” sound. Keep the final /l/ audible.,general academic and professional,C1,v0067-s1
v0068,chapter,,academic/professional word,AWL-derived core,a part of a book or period of time,noun,chapter on + topic; chapter of + book,"The next chapter introduces probability and statistical inference, which gave the people involved a clearer basis for the next step.",book chapter; final chapter,Check whether chapter is countable in this meaning before adding “a” or a plural ending.,"chapter means a part of a book or period of time. By contrast, period means any length of time.",professional and academic; often useful in careful speech and writing,IPA (stress shown separately): /tʃæptɚ/ Stress syllable 1 of 2. Use a crisp /tʃ/ “ch” sound.,general academic and professional,C1,v0068-s1
v0069,chart,,academic/professional word,AWL-derived core,to watch carefully or record in detail,verb,chart + noun,"The graph charts changes in enrollment over ten years, so the team could interpret the evidence with less uncertainty.",chart progress; chart a course,Do not use chart as a noun without changing its form; also check the required preposition or object.,"chart means to watch carefully or record in detail. By contrast, register means to officially record or enroll a person or item.",professional and academic; often useful in careful speech and writing,IPA (stress shown separately): /tʃɑrt/ Stress syllable 1 of 1. Use a crisp /tʃ/ “ch” sound. Keep the final /t/ audible.,general academic and professional,C1,v0069-s1
v0070,chemical,,academic/professional word,AWL-derived core,a substance with a distinct molecular composition,noun,chemical used in + process,"The label identifies each chemical stored in the cabinet, so the team could interpret the evidence with less uncertainty.",hazardous chemical; chemical reaction,Check whether chemical is countable in this meaning before adding “a” or a plural ending.,"chemical means a substance with a distinct molecular composition. By contrast, bottleneck means a point in a process that slows everything else down.",academic and professional; also useful in formal explanations,IPA (stress shown separately): /kɛməkəl/ Stress syllable 1 of 3. Keep the final /l/ audible.,STEM and technology,B2,v0070-s1
v0071,circumstance,circumstances,academic/professional word,AWL-derived core,the conditions which make a situation the way it is,noun,under/in + circumstance,"Under these circumstances, delaying the launch was reasonable, which gave the people involved a clearer basis for the next step.",special circumstance; under the circumstance,Check whether circumstance is countable in this meaning before adding “a” or a plural ending.,"circumstance means the conditions which make a situation the way it is. By contrast, emphasis means the importance or special consideration of something.",professional and academic; often useful in careful speech and writing,IPA (stress shown separately): /sɝkəmstæns/ Stress syllable 1 of 3. Keep the final /s/ audible.,general academic and professional,B2,v0071-s1
v0072,cite,cited,academic/professional word,AWL-derived core,to refer to a source or example as evidence,verb,cite + noun; cite X as Y,"The article cited three studies to support its conclusion, so the team could interpret the evidence with less uncertainty.",cite a source; frequently cite,This is an inflected verb form. Do not put “to” directly before it; use the base form after “to.”,"cite means to refer to a source or example as evidence. By contrast, extract means to get from source, pull out, or get by force.",professional and academic; often useful in careful speech and writing,"IPA (stress shown separately): /saɪt/ Stress syllable 1 of 1. Let /aɪ/ glide smoothly, as in my. Keep the final /t/ audible.",general academic and professional,C1,v0072-s1
v0073,civil,,academic/professional word,AWL-derived core,relating to the ordinary people of a country,adjective,civil + noun; remain civil,The discussion remained civil even when participants strongly disagreed.,civil discussion; civil rights,Use civil before a noun or after a linking verb; do not use it as an adverb without the correct form.,"civil means relating to the ordinary people of a country. By contrast, domestic means relating to home or country.",professional and academic; often useful in careful speech and writing,"IPA (stress shown separately): /sɪvəl/ Stress syllable 1 of 2. For /v/, touch the upper teeth to the lower lip; do not replace it with /b/. Keep /ɪ/ short and relaxed, as in sit. Keep the final /l/ audible.",general academic and professional,C1,v0073-s1
v0074,clarity,,academic/professional word,AWL-derived core,"clearness of expression, thought, sound or image",noun,clarity about/of + noun,"The editor revised the paragraph for greater clarity, which reduced the chance that readers would misinterpret the message.",clarity of expression; improve clarity,Check whether clarity is countable in this meaning before adding “a” or a plural ending.,"clarity means clearness of expression, thought, sound or image. By contrast, appreciation means recognition of value, or expression of thanks.",professional and academic; often useful in careful speech and writing,IPA (stress shown separately): /klɛrəti/ Stress syllable 1 of 3.,communication,C1,v0074-s1
v0075,classical,,academic/professional word,AWL-derived core,"traditional, or belonging to ancient Rome or Greece",adjective,classical + noun,"The course compares classical theories with more recent explanations, which gave the teacher clearer information for the following lesson.",classical theory; classical tradition,Use classical before a noun or after a linking verb; do not use it as an adverb without the correct form.,"classical means traditional, or belonging to ancient Rome or Greece. By contrast, hierarchical means classified by rank or grade.",professional and academic; often useful in careful speech and writing,"IPA (stress shown separately): /klæsɪkəl/ Stress syllable 1 of 3. Keep /ɪ/ short and relaxed, as in sit. Keep the final /l/ audible.",education,B2,v0075-s1
v0076,clause,,academic/professional word,AWL-derived core,a group of words containing a subject and a verb,noun,clause in + document; clause stating that,"The contract includes a clause requiring annual safety inspections, so the group could make the next decision with clearer information.",contract clause; subordinate clause,Check whether clause is countable in this meaning before adding “a” or a plural ending.,"clause means a group of words containing a subject and a verb. By contrast, contract means a legal agreement between people or groups.",academic and professional; also useful in formal explanations,IPA (stress shown separately): /klɔz/ Stress syllable 1 of 1. Keep the final /z/ audible.,policy and society,B2,v0076-s1
v0077,code,,academic/professional word,AWL-derived core,a system of rules or symbols used to communicate or control behavior,noun,code for + system; code of + rules,"The building code requires an emergency exit in every laboratory, which reduced the risk of conflicting instructions during a stressful moment.",code of conduct; computer code,Check whether code is countable in this meaning before adding “a” or a plural ending.,"code means a system of rules or symbols used to communicate or control behavior. By contrast, violation means action that breaks the rules.",professional and academic; often useful in careful speech and writing,IPA (stress shown separately): /koʊd/ Stress syllable 1 of 1. Keep the final /d/ audible.,general academic and professional,C1,v0077-s1
v0078,coherence,,academic/professional word,AWL-derived core,"logical consistency, or integration of parts",noun,coherence of + text/argument,"Clear transitions improved the coherence of the essay, so the reader could understand the intended relationship without guessing.",logical coherence; textual coherence,Check whether coherence is countable in this meaning before adding “a” or a plural ending.,"coherence means logical consistency, or integration of parts. By contrast, integration means to combine two or more things into a coherent whole.",professional and academic; often useful in careful speech and writing,"IPA (stress shown separately): /koʊhɪrəns/ Stress syllable 2 of 3. Keep /ɪ/ short and relaxed, as in sit. Keep the final /s/ audible.",general academic and professional,C1,v0078-s1
v0079,coincide,,academic/professional word,AWL-derived core,"to happen at the same time, or be similar",verb,coincide with + noun,"The increase in attendance coincided with the new bus schedule, so the group could make the next decision with clearer information.",coincide with; closely coincide,Do not use coincide as a noun without changing its form; also check the required preposition or object.,"coincide means to happen at the same time, or be similar. By contrast, couple means to link together.",professional and academic; often useful in careful speech and writing,"IPA (stress shown separately): /koʊɪnsaɪd/ Stress syllable 3 of 3. Keep /ɪ/ short and relaxed, as in sit. Let /aɪ/ glide smoothly, as in my. Keep the final /d/ audible.",general academic and professional,C1,v0079-s1
v0080,collapse,,academic/professional word,AWL-derived core,fall down or fail suddenly,verb,collapse; collapse under + pressure,"The unsupported structure collapsed during the stress test, so the team could interpret the evidence with less uncertainty.",collapse suddenly; system collapse,Do not use collapse as a noun without changing its form; also check the required preposition or object.,"collapse means fall down or fail suddenly. By contrast, decline means to become smaller, weaker, or less successful.",professional and academic; often useful in careful speech and writing,IPA (stress shown separately): /kəlæps/ Stress syllable 2 of 2. Keep the final /s/ audible.,general academic and professional,B2,v0080-s1
v0081,colleague,colleagues,academic/professional word,AWL-derived core,people who work or study together at the same place,noun,colleague in + field; colleague at + workplace,"She asked her colleagues for feedback on the lesson plan, which gave the teacher clearer information for the following lesson.",professional colleague; work with colleague,Check whether colleague is countable in this meaning before adding “a” or a plural ending.,"colleague means people who work or study together at the same place. By contrast, project means work or a study of a subject over a period of time.",academic and professional; also useful in formal explanations,IPA (stress shown separately): /kɑliɡ/ Stress syllable 1 of 2. Keep the final /ɡ/ audible.,evidence,B2,v0081-s1
v0082,commence,commenced,academic/professional word,AWL-derived core,to begin; more formal than start,verb,commence + noun; commence at/on + time,"The public hearing commenced at 6:00 p.m, so the people affected could understand the practical consequence.",commence work; proceedings commence,This is an inflected verb form. Do not put “to” directly before it; use the base form after “to.”,"commence means to begin; more formal than start. By contrast, obtain means to get something through effort or a formal process.",professional and academic; often useful in careful speech and writing,IPA (stress shown separately): /kəmɛns/ Stress syllable 2 of 2. Keep the final /s/ audible.,general academic and professional,C1,v0082-s1
v0083,comment,comments,academic/professional word,AWL-derived core,spoken or written words to express an opinion,noun,comment on/about + noun,"Reviewers submitted detailed comments on the draft report, so the audience could understand the intended point without guessing.",public comment; written comment,Check whether comment is countable in this meaning before adding “a” or a plural ending.,"comment means spoken or written words to express an opinion. By contrast, communication means the way living things send messages to each other.",professional and academic; often useful in careful speech and writing,IPA (stress shown separately): /kɑmɛnt/ Stress syllable 1 of 2. Keep the final /t/ audible.,communication,C1,v0083-s1
v0084,commission,,academic/professional word,AWL-derived core,a special group chosen to consider something,noun,commission on + topic,"A state commission investigated the causes of the failure, so the reader could understand the intended relationship without guessing.",government commission; independent commission,Check whether commission is countable in this meaning before adding “a” or a plural ending.,"commission means a special group chosen to consider something. By contrast, topic means subject of a text or discussion.",professional and academic; often useful in careful speech and writing,"IPA (stress shown separately): /kəmɪʃən/ Stress syllable 2 of 3. Use a clear /ʃ/ “sh” sound. Keep /ɪ/ short and relaxed, as in sit. Keep the final /n/ audible.",general academic and professional,C1,v0084-s1
v0085,commitment,,academic/professional word,AWL-derived core,willingness to spend time or energy on something,noun,commitment to + noun/gerund,"The project requires a long-term commitment from every partner, so the group could make the next decision with clearer information.",strong commitment; make a commitment,Check whether commitment is countable in this meaning before adding “a” or a plural ending.,"commitment means willingness to spend time or energy on something. By contrast, energy means power or ability to be physically or mentally active.",academic and professional; also useful in formal explanations,"IPA (stress shown separately): /kəmɪtmənt/ Stress syllable 2 of 3. Keep /ɪ/ short and relaxed, as in sit. Keep the final /t/ audible.",STEM and technology,B2,v0085-s1
v0086,commodity,,academic/professional word,AWL-derived core,something that can be bought or sold,noun,commodity market; commodity used for,"Electricity is traded as a commodity in many markets, so the reader could understand the intended relationship without guessing.",valuable commodity; commodity price,Check whether commodity is countable in this meaning before adding “a” or a plural ending.,"commodity means something that can be bought or sold. By contrast, insights means discoveries or clear understandings of a complex issue.",professional and academic; often useful in careful speech and writing,IPA (stress shown separately): /kəmɑdəti/ Stress syllable 2 of 4.,general academic and professional,B2,v0086-s1
v0087,communication,,academic/professional word,AWL-derived core,the way living things send messages to each other,noun,communication with/between + people,"Clear communication prevented confusion during the emergency, so staff members could respond quickly and consistently.",effective communication; communication skills,Check whether communication is countable in this meaning before adding “a” or a plural ending.,"communication means the way living things send messages to each other. By contrast, medium means a method or channel used to communicate information.",professional and academic; often useful in careful speech and writing,IPA (stress shown separately): /kəmjunəkeɪʃən/ Stress syllable 4 of 5. Use a clear /ʃ/ “sh” sound. Keep the final /n/ audible.,communication,C1,v0087-s1
v0088,community,,academic/professional word,AWL-derived core,a social group of people who live in a particular area,noun,community of + people; community in + place,"The school invited the local community to review the proposal, which gave the teacher clearer information for the following lesson.",school community; local community,Check whether community is countable in this meaning before adding “a” or a plural ending.,"community means a social group of people who live in a particular area. By contrast, sector means a geographic or economic area.",academic and professional; also useful in formal explanations,IPA (stress shown separately): /kəmjunəti/ Stress syllable 2 of 4.,policy and society,C1,v0088-s1
v0089,compensation,,academic/professional word,AWL-derived core,money received for the loss or damage of something,noun,compensation for + loss/work,"Employees received compensation for the additional hours they worked, so the group could make the next decision with clearer information.",financial compensation; compensation package,Check whether compensation is countable in this meaning before adding “a” or a plural ending.,"compensation means money received for the loss or damage of something. By contrast, incentive means something that encourages or motivates a person to do.",professional and academic; often useful in careful speech and writing,IPA (stress shown separately): /kɑmpənseɪʃən/ Stress syllable 3 of 4. Use a clear /ʃ/ “sh” sound. Keep the final /n/ audible.,general academic and professional,C1,v0089-s1
v0090,compile,compiled,academic/professional word,AWL-derived core,to collect and organize information from several sources,verb,compile + noun + from + sources,"The analyst compiled the results from all twelve schools, so the team could interpret the evidence with less uncertainty.",compile data; compile a report,This is an inflected verb form. Do not put “to” directly before it; use the base form after “to.”,"compile means to collect and organize information from several sources. By contrast, release means to let go or let out.",professional and academic; often useful in careful speech and writing,"IPA (stress shown separately): /kəmpaɪl/ Stress syllable 2 of 2. Let /aɪ/ glide smoothly, as in my. Keep the final /l/ audible.",general academic and professional,B2,v0090-s1
v0091,complement,,academic/professional word,AWL-derived core,to make better when combined,verb,complement + noun,"Although each resource was useful on its own, the visual model complements the written explanation.",complement each other; complement a skill,Do not use complement as a noun without changing its form; also check the required preposition or object.,"complement means to make better when combined. By contrast, create means to make something new or invent something.",professional and academic; often useful in careful speech and writing,IPA (stress shown separately): /kɑmpləmənt/ Stress syllable 1 of 3. Keep the final /t/ audible.,general academic and professional,B2,v0091-s1
v0092,complex,,academic/professional word,AWL-derived core,difficult to understand because of its many parts,adjective,complex + noun; be complex,The problem is complex because several variables interact at the same time.,complex system; highly complex,Use complex before a noun or after a linking verb; do not use it as an adverb without the correct form.,"complex means difficult to understand because of its many parts. By contrast, impactful means having a strong or meaningful effect.",professional and academic; often useful in careful speech and writing,IPA (stress shown separately): /kɑmplɛks/ Stress syllable 1 of 2. Keep the final /s/ audible.,cause and effect,C1,v0092-s1
v0093,component,components,academic/professional word,AWL-derived core,all the individual parts of a system or thing,noun,component of + system,"The diagram labels the main components of the electrical circuit, so the team could interpret the evidence with less uncertainty.",key component; system component,Check whether component is countable in this meaning before adding “a” or a plural ending.,"component means all the individual parts of a system or thing. By contrast, core means the central or most important part of a system or thing.",academic and professional; also useful in formal explanations,IPA (stress shown separately): /kəmpoʊnənt/ Stress syllable 2 of 3. Keep the final /t/ audible.,STEM and technology,C1,v0093-s1
v0094,compound,compounds,academic/professional word,AWL-derived core,substances made up of two or more elements,noun,compound of + elements,"Although the material appeared uniform to the naked eye, students compared compounds formed from different elements.",chemical compound; organic compound,Check whether compound is countable in this meaning before adding “a” or a plural ending.,"compound means substances made up of two or more elements. By contrast, bond means a physical link, or a close social connection.",professional and academic; often useful in careful speech and writing,IPA (stress shown separately): /kɑmpaʊnd/ Stress syllable 1 of 2. Keep the final /d/ audible.,general academic and professional,C1,v0094-s1
v0095,comprehensive,,academic/professional word,AWL-derived core,including many things or everything that is necessary,adjective,comprehensive + noun; be comprehensive,"The final report provides a comprehensive review of the available evidence, which gave the reviewers a clearer basis for evaluating the conclusion.",comprehensive review; comprehensive plan,Use comprehensive before a noun or after a linking verb; do not use it as an adverb without the correct form.,"comprehensive means including many things or everything that is necessary. By contrast, internal means relating to or existing inside.",professional and academic; often useful in careful speech and writing,"IPA (stress shown separately): /kɑmprihɛnsɪv/ Stress syllable 3 of 4. For /v/, touch the upper teeth to the lower lip; do not replace it with /b/. Keep short /ɪ/ distinct from long /i/. Keep the final /v/ audible.",general academic and professional,B2,v0095-s1
v0096,comprise,,academic/professional word,AWL-derived core,to include or consist of,verb,whole + comprises + parts,"The committee comprises teachers, families, and community partners, so the class could connect the idea to the next activity.",comprise several parts; be composed of,"In careful usage, the whole comprises the parts; avoid “is comprised of” in formal writing when “consists of” is clearer.","comprise means to include or consist of. By contrast, incorporate means to include something as part of a larger whole.",professional and academic; often useful in careful speech and writing,"IPA (stress shown separately): /kəmpraɪz/ Stress syllable 2 of 2. Let /aɪ/ glide smoothly, as in my. Keep the final /z/ audible.",general academic and professional,B2,v0096-s1
v0097,computer,,academic/professional word,AWL-derived core,a machine which performs calculations automatically,noun,computer used for + task,"The computer processed the data in a few seconds, which gave the reviewers a clearer basis for evaluating the conclusion.",computer system; computer program,Check whether computer is countable in this meaning before adding “a” or a plural ending.,"computer means a machine which performs calculations automatically. By contrast, network means a system of things or people which are interconnected.",academic and professional; also useful in formal explanations,IPA (stress shown separately): /kəmpjutɚ/ Stress syllable 2 of 3.,STEM and technology,C1,v0097-s1
v0098,conceive,conceived,academic/professional word,AWL-derived core,to develop or imagine an idea or plan,verb,conceive + noun; be conceive as + noun,"The program was conceived as a partnership between schools and employers, which gave the people involved a clearer basis for the next step.",conceive an idea; conceive as,This is an inflected verb form. Do not put “to” directly before it; use the base form after “to.”,"conceive means to develop or imagine an idea or plan. By contrast, reinforce means to strengthen an idea, behavior, or structure.",professional and academic; often useful in careful speech and writing,"IPA (stress shown separately): /kənsiv/ Stress syllable 2 of 2. For /v/, touch the upper teeth to the lower lip; do not replace it with /b/. Keep the final /v/ audible.",general academic and professional,C1,v0098-s1
v0099,concentration,,academic/professional word,AWL-derived core,the ability to think or focus carefully about one thing,noun,concentration on + task; concentration of + substance,"Noise in the hallway affected students’ concentration, so the class could connect the idea to the next activity.",high concentration; concentration of,Check whether concentration is countable in this meaning before adding “a” or a plural ending.,"concentration means the ability to think or focus carefully about one thing. By contrast, intensity means strength of concentration of something.",professional and academic; often useful in careful speech and writing,IPA (stress shown separately): /kɑnsəntreɪʃən/ Stress syllable 3 of 4. Use a clear /ʃ/ “sh” sound. Keep the final /n/ audible.,general academic and professional,C1,v0099-s1
v0100,concept,,academic/professional word,AWL-derived core,an abstract or general idea,noun,concept of + noun,"Students understood the concept after building a physical model, which gave the teacher clearer information for the following lesson.",key concept; abstract concept,Check whether concept is countable in this meaning before adding “a” or a plural ending.,"concept means an abstract or general idea. By contrast, abstract means a short written summary of a research article or study.",professional and academic; often useful in careful speech and writing,IPA (stress shown separately): /kɑnsɛpt/ Stress syllable 1 of 2. Keep the final /t/ audible.,general academic and professional,B2,v0100-s1
v0101,conclusion,,academic/professional word,AWL-derived core,an opinion one reaches after careful consideration,noun,conclusion that + clause; conclusion from + evidence,"The evidence supports a cautious conclusion rather than a definite claim, so the team could interpret the evidence with less uncertainty.",reach a conclusion; draw a conclusion,Check whether conclusion is countable in this meaning before adding “a” or a plural ending.,"conclusion means an opinion one reaches after careful consideration. By contrast, hypothesis means an idea based on observation but not yet proven.",professional and academic; often useful in careful speech and writing,"IPA (stress shown separately): /kənkluʒən/ Stress syllable 2 of 3. Use /ʒ/ “zh,” as in measure. Keep the final /n/ audible.",general academic and professional,B2,v0101-s1
v0102,concurrent,,academic/professional word,AWL-derived core,"occurring during the same time period, even if the events are not perfectly synchronized",adjective,concurrent + noun; be concurrent with + noun,"The district ran two concurrent pilot programs during the spring semester, so the class could connect the idea to the next activity.",concurrent events; concurrent with,Use concurrent before a noun or after a linking verb; do not use it as an adverb without the correct form.,"Concurrent events overlap in time, whereas synchronous events happen together according to the same timing or schedule.",professional and academic; often useful in careful speech and writing,IPA (stress shown separately): /kənkɝənt/ Stress syllable 2 of 3. Keep the final /t/ audible.,general academic and professional,C1,v0102-s1
v0103,conduct,,academic/professional word,AWL-derived core,to organize and perform a specific task,verb,conduct + noun,"The students conducted three trials under the same conditions, so the class could connect the idea to the next activity.",conduct research; conduct an assessment,Do not use conduct as a noun without changing its form; also check the required preposition or object.,"conduct means to organize and perform a specific task. By contrast, credit means to recognize a person's contribution to a task.",professional and academic; often useful in careful speech and writing,IPA (stress shown separately): /kɑndʌkt/ Stress syllable 2 of 2. Keep the final /t/ audible.,general academic and professional,C1,v0103-s1
v0104,conference,,academic/professional word,AWL-derived core,a meeting or event with talks about a specific subject,noun,conference on + topic,"She presented the research at a national education conference, so the team could interpret the evidence with less uncertainty.",annual conference; conference session,Check whether conference is countable in this meaning before adding “a” or a plural ending.,"conference means a meeting or event with talks about a specific subject. By contrast, income means money earned by doing work or gained by investing.",professional and academic; often useful in careful speech and writing,IPA (stress shown separately): /kɑnfɚəns/ Stress syllable 1 of 3. Keep the final /s/ audible.,workplace and leadership,C1,v0104-s1
v0105,confine,confined,academic/professional word,AWL-derived core,"to limit something to a particular area, group, or topic",verb,confine + noun + to + noun; be confine to,The analysis was confined to students who completed both assessments.,confine the discussion to; be confine to,This is an inflected verb form. Do not put “to” directly before it; use the base form after “to.”,"confine means to limit something to a particular area, group, or topic. By contrast, exceed means to be more than a number, amount or allowed limit.",professional and academic; often useful in careful speech and writing,"IPA (stress shown separately): /kənfaɪn/ Stress syllable 2 of 2. Let /aɪ/ glide smoothly, as in my. Keep the final /n/ audible.",general academic and professional,B2,v0105-s1
v0106,confirm,confirmed,academic/professional word,AWL-derived core,to show that information or a result is correct,verb,confirm + noun; confirm that + clause,"A second measurement confirmed the original result, so the team had stronger evidence before drawing a conclusion.",confirm a finding; confirm that,This is an inflected verb form. Do not put “to” directly before it; use the base form after “to.”,"confirm means to show that information or a result is correct. By contrast, corroborate means to support a claim with additional evidence.",professional and academic; often useful in careful speech and writing,IPA (stress shown separately): /kənfɝm/ Stress syllable 2 of 2. Keep the final /m/ audible.,general academic and professional,B2,v0106-s1
v0107,conflict,,academic/professional word,AWL-derived core,"fighting, or disagreement between people or ideas",noun,conflict between + nouns; conflict over + issue,"The schedule created a conflict between two required courses, which helped the manager assign the next responsibility accurately.",resolve a conflict; conflict of interest,Check whether conflict is countable in this meaning before adding “a” or a plural ending.,"conflict means fighting, or disagreement between people or ideas. By contrast, mediation means negotiation between groups in conflict with each other.",professional and academic; often useful in careful speech and writing,"IPA (stress shown separately): /kɑnflɪkt/ Stress syllable 1 of 2. Keep /ɪ/ short and relaxed, as in sit. Keep the final /t/ audible.",general academic and professional,C1,v0107-s1
v0108,conformity,,academic/professional word,AWL-derived core,"agreement in form or opinion, or doing as others do",noun,conformity with/to + standard,"The audit checked the laboratory’s conformity with safety standards, so the team could interpret the evidence with less uncertainty.",social conformity; conformity with,Check whether conformity is countable in this meaning before adding “a” or a plural ending.,"conformity means agreement in form or opinion, or doing as others do. By contrast, convention means an accepted way of doing something.",professional and academic; often useful in careful speech and writing,IPA (stress shown separately): /kənfɔrməti/ Stress syllable 2 of 4.,general academic and professional,C1,v0108-s1
v0109,consent,,academic/professional word,AWL-derived core,voluntary agreement or permission,noun,consent to + noun/gerund; consent from + person,"Researchers obtained written consent before interviewing participants, so the reader could understand the intended relationship without guessing.",informed consent; obtain consent,Check whether consent is countable in this meaning before adding “a” or a plural ending.,"consent means voluntary agreement or permission. By contrast, approach means a way of considering or doing something.",professional and academic; often useful in careful speech and writing,IPA (stress shown separately): /kənsɛnt/ Stress syllable 2 of 2. Keep the final /t/ audible.,general academic and professional,C1,v0109-s1
v0110,consequence,consequences,academic/professional word,AWL-derived core,the undesired results of a particular act or situation,noun,consequence of/for + noun,"The report examines the long-term consequences of the policy, which allowed the board to explain the decision more transparently.",serious consequence; unintended consequence,Check whether consequence is countable in this meaning before adding “a” or a plural ending.,"consequence means the undesired results of a particular act or situation. By contrast, impact means a powerful effect that something has on a situation.",professional and academic; often useful in careful speech and writing,"IPA (stress shown separately): /kɑnsəkwəns/ Stress syllable 1 of 3. For /w/, round the lips; do not touch the teeth. Keep the final /s/ audible.",cause and effect,B2,v0110-s1
v0111,considerable,,academic/professional word,AWL-derived core,large or of noticeable importance,adjective,considerable + noun,"The change required considerable time, training, and financial support.",considerable effort; considerable amount,Use considerable before a noun or after a linking verb; do not use it as an adverb without the correct form.,"considerable means large or of noticeable importance. By contrast, prior means coming before something else in time or importance.",professional and academic; often useful in careful speech and writing,"IPA (stress shown separately): /kənsɪdɚəbəl/ Stress syllable 2 of 5. For /b/, close both lips completely. Keep /ɪ/ short and relaxed, as in sit. Keep the final /l/ audible.",general academic and professional,B2,v0111-s1
v0112,consistent,,academic/professional word,AWL-derived core,in agreement with expectations or other facts,adjective,consistent + noun; be consistent with + noun,"The measurements were consistent across all three trials, which reduced uncertainty about whether the first result was reliable.",consistent results; consistent with,Use consistent before a noun or after a linking verb; do not use it as an adverb without the correct form.,"consistent means in agreement with expectations or other facts. By contrast, reliable means consistent and dependable across repeated use or measurement.",professional and academic; often useful in careful speech and writing,"IPA (stress shown separately): /kənsɪstənt/ Stress syllable 2 of 3. Keep /ɪ/ short and relaxed, as in sit. Keep the final /t/ audible.",general academic and professional,C1,v0112-s1
v0113,constant,,academic/professional word,AWL-derived core,"unchanging, or happening frequently",adjective,constant + noun; keep/remain constant,"The experiment kept temperature constant while pressure changed, so the team could interpret the evidence with less uncertainty.",constant rate; remain constant,Use constant before a noun or after a linking verb; do not use it as an adverb without the correct form.,"constant means unchanging, or happening frequently. By contrast, passive means accepting without resistance, or not active.",professional and academic; often useful in careful speech and writing,IPA (stress shown separately): /kɑnstənt/ Stress syllable 1 of 2. Keep the final /t/ audible.,general academic and professional,C1,v0113-s1
v0114,constitutional,,academic/professional word,AWL-derived core,relating to the laws and principles of a government,adjective,constitutional + noun,The court considered whether the policy raised a constitutional issue.,constitutional right; constitutional law,Use constitutional before a noun or after a linking verb; do not use it as an adverb without the correct form.,"constitutional means relating to the laws and principles of a government. By contrast, federal means relating to a central government.",academic and professional; also useful in formal explanations,IPA (stress shown separately): /kɑnstətuʃənəl/ Stress syllable 3 of 5. Use a clear /ʃ/ “sh” sound. Keep the final /l/ audible.,policy and society,C1,v0114-s1
v0115,constraints,,academic/professional word,AWL-derived core,conditions that limit the freedom of a system or thing,noun,constraints on + noun,"Budget constraints limited the number of schools in the pilot, which allowed leaders to direct limited resources toward the highest-priority work.",time constraints; practical constraints,Check whether constraints is countable in this meaning before adding “a” or a plural ending.,"constraints means conditions that limit the freedom of a system or thing. By contrast, core means the central or most important part of a system or thing.",academic and professional; also useful in formal explanations,IPA (stress shown separately): /kənstreɪnts/ Stress syllable 2 of 2. Keep the final /s/ audible.,STEM and technology,B2,v0115-s1
v0116,construction,,academic/professional word,AWL-derived core,the act of building something,noun,construction of + structure,"Construction of the new science wing began in June, which gave the people involved a clearer basis for the next step.",building construction; under construction,Check whether construction is countable in this meaning before adding “a” or a plural ending.,"construction means the act of building something. By contrast, site means a place where something was, is, or will be.",professional and academic; often useful in careful speech and writing,IPA (stress shown separately): /kənstrʌkʃən/ Stress syllable 2 of 3. Use a clear /ʃ/ “sh” sound. Keep the final /n/ audible.,general academic and professional,B2,v0116-s1
v0117,consultation,,academic/professional word,AWL-derived core,a meeting to discuss something or seek advice,noun,consultation with + person; consultation on + issue,"The policy was revised after consultation with teachers and families, which gave the teacher clearer information for the following lesson.",public consultation; consultation process,Check whether consultation is countable in this meaning before adding “a” or a plural ending.,"consultation means a meeting to discuss something or seek advice. By contrast, assembly means a meeting of a group of people, especially at a school.",professional and academic; often useful in careful speech and writing,IPA (stress shown separately): /kɑnsəlteɪʃən/ Stress syllable 3 of 4. Use a clear /ʃ/ “sh” sound. Keep the final /n/ audible.,workplace and leadership,C1,v0117-s1
v0118,consumer,,academic/professional word,AWL-derived core,a person who buys goods or services,noun,consumer of + product,"The law requires clear information so each consumer can compare prices, which allowed the board to explain the decision more transparently.",consumer behavior; consumer protection,Check whether consumer is countable in this meaning before adding “a” or a plural ending.,"consumer means a person who buys goods or services. By contrast, security means protection of a person, property or organization.",professional and academic; often useful in careful speech and writing,IPA (stress shown separately): /kənsumɚ/ Stress syllable 2 of 3.,general academic and professional,C1,v0118-s1
v0119,contact,,academic/professional word,AWL-derived core,"communication, or when people or things touch",noun,contact with + person; contact between + things,"Please provide an emergency contact for each student, so staff members could respond quickly and consistently.",direct contact; contact information,Check whether contact is countable in this meaning before adding “a” or a plural ending.,"contact means communication, or when people or things touch. By contrast, communication means the way living things send messages to each other.",professional and academic; often useful in careful speech and writing,IPA (stress shown separately): /kɑntækt/ Stress syllable 1 of 2. Keep the final /t/ audible.,communication,C1,v0119-s1
v0120,contemporary,,academic/professional word,AWL-derived core,"existing now, or of the same period",adjective,contemporary + noun,"The class examined contemporary debates about privacy and artificial intelligence, so the class could connect the idea to the next activity.",contemporary society; contemporary research,Use contemporary before a noun or after a linking verb; do not use it as an adverb without the correct form.,"contemporary means existing now, or of the same period. By contrast, temporary means for a limited period.",professional and academic; often useful in careful speech and writing,IPA (stress shown separately): /kəntɛmpɚɛri/ Stress syllable 2 of 5.,general academic and professional,B2,v0120-s1
v0121,context,,academic/professional word,AWL-derived core,the situation in which something exists or happens,noun,context for + event; context of + statement,"The phrase sounds natural in a professional context but formal in casual speech, which gave the people involved a clearer basis for the next step.",cultural context; in context,Check whether context is countable in this meaning before adding “a” or a plural ending.,"context means the situation in which something exists or happens. By contrast, diversity means variety of opinions, styles, social groups or living things.",professional and academic; often useful in careful speech and writing,IPA (stress shown separately): /kɑntɛkst/ Stress syllable 1 of 2. Keep the final /t/ audible.,general academic and professional,B2,v0121-s1
v0122,contract,,academic/professional word,AWL-derived core,a legal agreement between people or groups,noun,contract with + party; contract for + service,"The contract specifies the work, payment, and deadline, so the group could make the next decision with clearer information.",sign a contract; contract terms,Check whether contract is countable in this meaning before adding “a” or a plural ending.,"contract means a legal agreement between people or groups. By contrast, clause means a group of words containing a subject and a verb.",academic and professional; also useful in formal explanations,IPA (stress shown separately): /kɑntrækt/ Stress syllable 1 of 2. Keep the final /t/ audible.,policy and society,C1,v0122-s1
v0123,contradiction,,academic/professional word,AWL-derived core,disagreement or incompatibility of two or more things,noun,contradiction between + claims,"The second statement creates a contradiction in the argument, so the reader could understand the intended relationship without guessing.",apparent contradiction; direct contradiction,Check whether contradiction is countable in this meaning before adding “a” or a plural ending.,"contradiction means disagreement or incompatibility of two or more things. By contrast, link means a connection between two things.",professional and academic; often useful in careful speech and writing,"IPA (stress shown separately): /kɑntrədɪkʃən/ Stress syllable 3 of 4. Use a clear /ʃ/ “sh” sound. Keep /ɪ/ short and relaxed, as in sit. Keep the final /n/ audible.",general academic and professional,C1,v0123-s1
v0124,contrary,,academic/professional word,AWL-derived core,"not in agreement with, or opposite",adjective,contrary + noun; be contrary to + noun,"Contrary evidence forced the researchers to revise their original explanation, which gave the reviewers a clearer basis for evaluating the conclusion.",contrary evidence; contrary to,Use contrary before a noun or after a linking verb; do not use it as an adverb without the correct form.,"contrary means not in agreement with, or opposite. By contrast, reverse means opposite or back.",professional and academic; often useful in careful speech and writing,IPA (stress shown separately): /kɑntrɛri/ Stress syllable 1 of 3.,general academic and professional,C1,v0124-s1
v0125,contrast,,academic/professional word,AWL-derived core,an obvious difference between two or more things,noun,contrast between + nouns; in contrast to + noun,"The graph shows a sharp contrast between the two groups, which gave the reviewers a clearer basis for evaluating the conclusion.",clear contrast; in contrast,Check whether contrast is countable in this meaning before adding “a” or a plural ending.,"contrast means an obvious difference between two or more things. By contrast, distinction means a specific difference between two similar things.",professional and academic; often useful in careful speech and writing,IPA (stress shown separately): /kɑntræst/ Stress syllable 1 of 2. Keep the final /t/ audible.,general academic and professional,B2,v0125-s1
v0126,contribution,,academic/professional word,AWL-derived core,money given or part played to achieve a group aim,noun,contribution to + project/field,"Her contribution improved both the analysis and the final presentation, which gave the reviewers a clearer basis for evaluating the conclusion.",make a contribution; significant contribution,Check whether contribution is countable in this meaning before adding “a” or a plural ending.,"contribution means money given or part played to achieve a group aim. By contrast, trade-off means a situation in which gaining one benefit requires accepting a disadvantage.",professional and academic; often useful in careful speech and writing,"IPA (stress shown separately): /kɑntrəbjuʃən/ Stress syllable 3 of 4. Use a clear /ʃ/ “sh” sound. For /b/, close both lips completely. Keep the final /n/ audible.",general academic and professional,B2,v0126-s1
v0127,controversy,,academic/professional word,AWL-derived core,disagreement or argument about an important topic,noun,controversy over/about + issue,"The proposal generated controversy because of its cost, which helped the manager assign the next responsibility accurately.",public controversy; ongoing controversy,Check whether controversy is countable in this meaning before adding “a” or a plural ending.,"controversy means disagreement or argument about an important topic. By contrast, debate means a serious discussion involving many people.",professional and academic; often useful in careful speech and writing,"IPA (stress shown separately): /kɑntrəvɝsi/ Stress syllable 1 of 4. For /v/, touch the upper teeth to the lower lip; do not replace it with /b/.",general academic and professional,C1,v0127-s1
v0128,convention,,academic/professional word,AWL-derived core,an accepted way of doing something,noun,convention on + topic; convention of + group,"The annual convention brings together science teachers from across the state, so the class could connect the idea to the next activity.",national convention; social convention,Check whether convention is countable in this meaning before adding “a” or a plural ending.,"convention means an accepted way of doing something. By contrast, innovation means invention or new idea or way of doing something.",professional and academic; often useful in careful speech and writing,"IPA (stress shown separately): /kənvɛnʃən/ Stress syllable 2 of 3. Use a clear /ʃ/ “sh” sound. For /v/, touch the upper teeth to the lower lip; do not replace it with /b/. Keep the final /n/ audible.",general academic and professional,C1,v0128-s1
v0129,conversely,,academic/professional word,AWL-derived core,"in the opposite way, on the other hand",adverb,"conversely, + clause","Higher temperatures increased the reaction rate; conversely, lower temperatures slowed it.","conversely,; the converse is true",Check sentence position and punctuation; many sentence adverbs take a comma when they introduce a clause.,"conversely means in the opposite way, on the other hand. By contrast, hence means therefore, this is the reason why.",professional and academic; often useful in careful speech and writing,"IPA (stress shown separately): /kɑnvɚsli/ Stress syllable 1 of 3. For /v/, touch the upper teeth to the lower lip; do not replace it with /b/.",general academic and professional,C1,v0129-s1
v0130,convert,converted,academic/professional word,AWL-derived core,to change something into a different form or format,verb,convert + noun + to/into + noun,"The technician converted the file to a format the software could read, which gave the people involved a clearer basis for the next step.",convert X to Y; convert into,This is an inflected verb form. Do not put “to” directly before it; use the base form after “to.”,"convert means to change something into a different form or format. By contrast, alter means to change the form or character of something.",professional and academic; often useful in careful speech and writing,"IPA (stress shown separately): /kənvɝt/ Stress syllable 2 of 2. For /v/, touch the upper teeth to the lower lip; do not replace it with /b/. Keep the final /t/ audible.",change and trends,B2,v0130-s1
v0131,convince,convinced,academic/professional word,AWL-derived core,to persuade someone to believe that something is true,verb,convince + person + that + clause,The evidence convinced the board that the pilot should continue.,convince someone; convince that,This is an inflected verb form. Do not put “to” directly before it; use the base form after “to.”,"convince means to persuade someone to believe that something is true. By contrast, delegate means to give responsibility for a task to another person.",professional and academic; often useful in careful speech and writing,"IPA (stress shown separately): /kənvɪns/ Stress syllable 2 of 2. For /v/, touch the upper teeth to the lower lip; do not replace it with /b/. Keep /ɪ/ short and relaxed, as in sit. Keep the final /s/ audible.",workplace and leadership,B2,v0131-s1
v0132,cooperative,,academic/professional word,AWL-derived core,"willing to help, or involving joint activity",adjective,cooperative + noun; be cooperative,"The students were cooperative and completed the group task efficiently, so the class could connect the idea to the next activity.",cooperative effort; cooperative with,Use cooperative before a noun or after a linking verb; do not use it as an adverb without the correct form.,"cooperative means willing to help, or involving joint activity. By contrast, manual means relating to, involving or done with hands.",professional and academic; often useful in careful speech and writing,"IPA (stress shown separately): /koʊɑpɚeɪtɪv/ Stress syllable 2 of 5. For /v/, touch the upper teeth to the lower lip; do not replace it with /b/. Keep /ɪ/ short and relaxed, as in sit. Keep the final /v/ audible.",general academic and professional,C1,v0132-s1
v0133,coordination,,academic/professional word,AWL-derived core,the organization of people or activities so they work together effectively,noun,coordination between/among + groups,"The event required close coordination among several departments, so the group could make the next decision with clearer information.",hand-eye coordination; project coordination,Check whether coordination is countable in this meaning before adding “a” or a plural ending.,"coordination means the organization of people or activities so they work together effectively. By contrast, team means organized group of people who work cooperatively.",professional and academic; often useful in careful speech and writing,IPA (stress shown separately): /koʊɔrdəneɪʃən/ Stress syllable 4 of 5. Use a clear /ʃ/ “sh” sound. Keep the final /n/ audible.,workplace and leadership,C1,v0133-s1
v0134,core,,academic/professional word,AWL-derived core,the central or most important part of a system or thing,noun,core of + system/issue,"Evidence-based reasoning is at the core of scientific inquiry, which gave the reviewers a clearer basis for evaluating the conclusion.",at the core of; core curriculum,Check whether core is countable in this meaning before adding “a” or a plural ending.,"core means the central or most important part of a system or thing. By contrast, component means all the individual parts of a system or thing.",academic and professional; also useful in formal explanations,IPA (stress shown separately): /kɔr/ Stress syllable 1 of 1. Keep the final /r/ audible.,STEM and technology,C1,v0134-s1
v0135,corporate,,academic/professional word,AWL-derived core,relating to a company or other large business organization,adjective,corporate + noun,"The report examines how corporate policies influence employee retention, so the group could make the next decision with clearer information.",corporate policy; corporate culture,Use corporate before a noun or after a linking verb; do not use it as an adverb without the correct form.,"Corporate refers to a company or business organization; commercial more broadly refers to buying, selling, or profit-making activity.",professional and academic; often useful in careful speech and writing,IPA (stress shown separately): /kɔrpɚət/ Stress syllable 1 of 3. Keep the final /t/ audible.,general academic and professional,B2,v0135-s1
v0136,corresponding,,academic/professional word,AWL-derived core,similar to or anticipated,adjective,corresponding + noun; correspond to + noun,"Each color on the chart matches a corresponding category in the table, so the team could interpret the evidence with less uncertainty.",corresponding value; corresponding to,Use corresponding before a noun or after a linking verb; do not use it as an adverb without the correct form.,"corresponding means similar to or anticipated. By contrast, brief means short in time, or expressed in a few words.",professional and academic; often useful in careful speech and writing,"IPA (stress shown separately): /kɔrəspɑndɪŋ/ Stress syllable 3 of 4. Keep /ɪ/ short and relaxed, as in sit. Keep the final /ŋ/ audible.",communication,B2,v0136-s1
v0137,couple,,academic/professional word,AWL-derived core,to link together,verb,couple + noun + with + noun,"The course couples technical instruction with hands-on practice, which gave the teacher clearer information for the following lesson.",couple X with Y; closely coupled,Do not use couple as a noun without changing its form; also check the required preposition or object.,"couple means to link together. By contrast, coincide means to happen at the same time, or be similar.",professional and academic; often useful in careful speech and writing,IPA (stress shown separately): /kʌpəl/ Stress syllable 1 of 2. Keep the final /l/ audible.,general academic and professional,C1,v0137-s1
v0138,create,,academic/professional word,AWL-derived core,to make something new or invent something,verb,create + noun,"The class created a model to explain the movement of energy, which gave the teacher clearer information for the following lesson.",create a model; create opportunities,Do not use create as a noun without changing its form; also check the required preposition or object.,"create means to make something new or invent something. By contrast, establish means to create, set, or demonstrate something clearly.",professional and academic; often useful in careful speech and writing,IPA (stress shown separately): /krieɪt/ Stress syllable 2 of 2. Keep the final /t/ audible.,general academic and professional,C1,v0138-s1
v0139,credit,,academic/professional word,AWL-derived core,to recognize a person's contribution to a task,verb,credit + noun + to + noun,"The principal credited the improvement to consistent teacher collaboration, so the class could connect the idea to the next activity.",credit X to Y; give credit for,Do not use credit as a noun without changing its form; also check the required preposition or object.,"credit means to recognize a person's contribution to a task. By contrast, conduct means to organize and perform a specific task.",professional and academic; often useful in careful speech and writing,IPA (stress shown separately): /krɛdət/ Stress syllable 1 of 2. Keep the final /t/ audible.,general academic and professional,C1,v0139-s1
v0140,criteria,,academic/professional word,AWL-derived core,the rules or guidelines to test or evaluate something,noun,criteria for + noun; criteria used to + verb,"The committee used the same criteria to evaluate every application, which helped the manager assign the next responsibility accurately.",selection criteria; meet the criteria,Criteria is plural; criterion is singular.,"criteria means the rules or guidelines to test or evaluate something. By contrast, evaluation means judgment of the value or quality of something.",professional and academic; often useful in careful speech and writing,"IPA (stress shown separately): /kraɪtɪriə/ Stress syllable 2 of 4. Keep short /ɪ/ distinct from long /i/. Let /aɪ/ glide smoothly, as in my.",evaluation and decisions,B2,v0140-s1
v0141,crucial,,academic/professional word,AWL-derived core,extremely important,adjective,crucial + noun; be crucial to/for + noun,"Although staff members had practiced the procedure during training, clear communication is crucial during an emergency.",crucial factor; crucial to,Use crucial before a noun or after a linking verb; do not use it as an adverb without the correct form.,"crucial means extremely important. By contrast, principal means the first, main, or most important.",professional and academic; often useful in careful speech and writing,IPA (stress shown separately): /kruʃəl/ Stress syllable 1 of 2. Use a clear /ʃ/ “sh” sound. Keep the final /l/ audible.,general academic and professional,B2,v0141-s1
v0142,cultural,,academic/professional word,AWL-derived core,relating to the customs and beliefs of a certain group,adjective,cultural + noun,"The training explains cultural differences in classroom communication, which gave the teacher clearer information for the following lesson.",cultural context; cultural norms,Use cultural before a noun or after a linking verb; do not use it as an adverb without the correct form.,"cultural means relating to the customs and beliefs of a certain group. By contrast, traditional means the usual ways or customs of a group of people.",professional and academic; often useful in careful speech and writing,IPA (stress shown separately): /kʌltʃɚəl/ Stress syllable 1 of 3. Use a crisp /tʃ/ “ch” sound. Keep the final /l/ audible.,general academic and professional,C1,v0142-s1
v0143,currency,,academic/professional word,AWL-derived core,money or acceptance,noun,currency of + country,"The traveler exchanged U.S. currency for euros at the airport, so the reader could understand the intended relationship without guessing.",foreign currency; local currency,Check whether currency is countable in this meaning before adding “a” or a plural ending.,"currency means money or acceptance. By contrast, resident means a person who lives at a particular place.",professional and academic; often useful in careful speech and writing,IPA (stress shown separately): /kɝənsi/ Stress syllable 1 of 3.,general academic and professional,C1,v0143-s1
v0144,cycle,,academic/professional word,AWL-derived core,a series of events which repeat in a predictable order,noun,cycle of + process,"The water cycle describes the continuous movement of water through the environment, which gave the people involved a clearer basis for the next step.",life cycle; cycle of change,Check whether cycle is countable in this meaning before adding “a” or a plural ending.,"cycle means a series of events which repeat in a predictable order. By contrast, series means a sequence of similar or related things.",professional and academic; often useful in careful speech and writing,"IPA (stress shown separately): /saɪkəl/ Stress syllable 1 of 2. Let /aɪ/ glide smoothly, as in my. Keep the final /l/ audible.",general academic and professional,C1,v0144-s1
v0145,data,,academic/professional word,AWL-derived core,information from which conclusions may be drawn,noun,data on/about + topic,"The data suggest a pattern, but they do not explain its cause.",collect data; the data indicate,"In formal academic writing, data is often treated as plural: “the data indicate.”","data means information from which conclusions may be drawn. By contrast, analysis means a detailed investigation of the parts of something.",academic and professional; also useful in formal explanations,IPA (stress shown separately): /deɪtə/ Stress syllable 1 of 2.,evidence,B2,v0145-s1
v0146,debate,,academic/professional word,AWL-derived core,a serious discussion involving many people,noun,debate over/about + issue,"The policy remains the subject of intense public debate, so the people affected could understand the practical consequence.",public debate; ongoing debate,Check whether debate is countable in this meaning before adding “a” or a plural ending.,"debate means a serious discussion involving many people. By contrast, controversy means disagreement or argument about an important topic.",professional and academic; often useful in careful speech and writing,"IPA (stress shown separately): /dəbeɪt/ Stress syllable 2 of 2. For /b/, close both lips completely. Keep the final /t/ audible.",general academic and professional,B2,v0146-s1
v0147,decade,decades,academic/professional word,AWL-derived core,"periods of ten years, or a long time",noun,for/over + decade,"The city’s population has increased steadily for several decades, which gave the people involved a clearer basis for the next step.",over decade; in recent decade,Check whether decade is countable in this meaning before adding “a” or a plural ending.,"decade means periods of ten years, or a long time. By contrast, period means any length of time.",professional and academic; often useful in careful speech and writing,IPA (stress shown separately): /dɛkeɪd/ Stress syllable 1 of 2. Keep the final /d/ audible.,general academic and professional,C1,v0147-s1
v0148,decline,,academic/professional word,AWL-derived core,"to become smaller, weaker, or less successful",verb,decline; decline + noun,"Participation declined after the transportation route changed, so the reader could understand the intended relationship without guessing.",decline sharply; decline an offer,Do not use decline as a noun without changing its form; also check the required preposition or object.,"decline means to become smaller, weaker, or less successful. By contrast, diminish means to become smaller, weaker, or less important.",professional and academic; often useful in careful speech and writing,"IPA (stress shown separately): /dɪklaɪn/ Stress syllable 2 of 2. Keep /ɪ/ short and relaxed, as in sit. Let /aɪ/ glide smoothly, as in my. Keep the final /n/ audible.",change and trends,C1,v0148-s1
v0149,deduction,,academic/professional word,AWL-derived core,the act of finding a logical answer or opinion,noun,deduction from + evidence,"Her deduction followed logically from the two stated premises, so the reader could understand the intended relationship without guessing.",logical deduction; tax deduction,Check whether deduction is countable in this meaning before adding “a” or a plural ending.,"deduction means the act of finding a logical answer or opinion. By contrast, coherence means logical consistency, or integration of parts.",professional and academic; often useful in careful speech and writing,"IPA (stress shown separately): /dɪdʌkʃən/ Stress syllable 2 of 3. Use a clear /ʃ/ “sh” sound. Keep /ɪ/ short and relaxed, as in sit. Keep the final /n/ audible.",general academic and professional,C1,v0149-s1
v0150,definite,,academic/professional word,AWL-derived core,certain or clear,adjective,definite + noun; be definite,"The evidence suggests a trend, but it does not support a definite conclusion.",definite answer; definite plan,Use definite before a noun or after a linking verb; do not use it as an adverb without the correct form.,"definite means certain or clear. By contrast, positive means certain about something.",professional and academic; often useful in careful speech and writing,IPA (stress shown separately): /dɛfənət/ Stress syllable 1 of 3. Keep the final /t/ audible.,general academic and professional,B2,v0150-s1
v0151,definition,,academic/professional word,AWL-derived core,an explanation of a word or phrase,noun,definition of + term,"The glossary provides a clear definition of each technical term, which helped the manager assign the next responsibility accurately.",working definition; precise definition,Check whether definition is countable in this meaning before adding “a” or a plural ending.,"definition means an explanation of a word or phrase. By contrast, goal means aims, purposes or targets.",professional and academic; often useful in careful speech and writing,"IPA (stress shown separately): /dɛfənɪʃən/ Stress syllable 3 of 4. Use a clear /ʃ/ “sh” sound. Keep /ɪ/ short and relaxed, as in sit. Keep the final /n/ audible.",planning and projects,B2,v0151-s1
v0152,demonstrate,,academic/professional word,AWL-derived core,to show or explain how something works,verb,demonstrate + noun; demonstrate that + clause,"Students must demonstrate their reasoning, not merely state an answer, which gave the teacher clearer information for the following lesson.",demonstrate understanding; demonstrate that,Do not use demonstrate as a noun without changing its form; also check the required preposition or object.,"demonstrate means to show or explain how something works. By contrast, imply means to suggest something without stating it directly.",professional and academic; often useful in careful speech and writing,IPA (stress shown separately): /dɛmənstreɪt/ Stress syllable 1 of 3. Keep the final /t/ audible.,communication,C1,v0152-s1
v0153,denote,,academic/professional word,AWL-derived core,"to indicate, or act as a symbol for",verb,symbol + denotes + noun,"In the formula, the letter r denotes the radius, so the reader could understand the intended relationship without guessing.",denote a value; denote that,Do not use denote as a noun without changing its form; also check the required preposition or object.,"denote means to indicate, or act as a symbol for. By contrast, indicate means to show, point out, or make clear.",professional and academic; often useful in careful speech and writing,"IPA (stress shown separately): /dɪnoʊt/ Stress syllable 2 of 2. Keep /ɪ/ short and relaxed, as in sit. Keep the final /t/ audible.",general academic and professional,C1,v0153-s1
v0154,deny,,academic/professional word,AWL-derived core,"to refuse, not admit, or say that something is not true",verb,deny + noun; deny that + clause,"The data do not deny the possibility of another explanation, which gave the reviewers a clearer basis for evaluating the conclusion.",deny a claim; deny that,Do not use deny as a noun without changing its form; also check the required preposition or object.,"deny means to refuse, not admit, or say that something is not true. By contrast, assume means accept something to be true without questioning it.",professional and academic; often useful in careful speech and writing,"IPA (stress shown separately): /dɪnaɪ/ Stress syllable 2 of 2. Keep /ɪ/ short and relaxed, as in sit. Let /aɪ/ glide smoothly, as in my.",general academic and professional,C1,v0154-s1
v0155,depression,,academic/professional word,AWL-derived core,a prolonged period of very low economic activity,noun,depression in + economy; depression among + group,The report discusses the economic depression that followed the financial crisis.,economic depression; clinical depression,Check whether depression is countable in this meaning before adding “a” or a plural ending.,"depression means a prolonged period of very low economic activity. By contrast, period means any length of time.",professional and academic; often useful in careful speech and writing,"IPA (stress shown separately): /dɪprɛʃən/ Stress syllable 2 of 3. Use a clear /ʃ/ “sh” sound. Keep /ɪ/ short and relaxed, as in sit. Keep the final /n/ audible.",general academic and professional,B2,v0155-s1
v0156,derive,derived,academic/professional word,AWL-derived core,to obtain or develop something from a particular source,verb,derive + noun + from + noun,"The estimate was derived from three independent data sources, which gave the reviewers a clearer basis for evaluating the conclusion.",derive X from Y; derive from,This is an inflected verb form. Do not put “to” directly before it; use the base form after “to.”,"derive means to obtain or develop something from a particular source. By contrast, obtain means to get something through effort or a formal process.",professional and academic; often useful in careful speech and writing,"IPA (stress shown separately): /dɚaɪv/ Stress syllable 2 of 2. For /v/, touch the upper teeth to the lower lip; do not replace it with /b/. Let /aɪ/ glide smoothly, as in my. Keep the final /v/ audible.",general academic and professional,B2,v0156-s1
v0157,design,,academic/professional word,AWL-derived core,a plan of something or how its parts are arranged,noun,design of/for + object,"The bridge design balances strength, cost, and safety, which gave the group enough daylight to complete the route safely.",experimental design; design feature,Check whether design is countable in this meaning before adding “a” or a plural ending.,"design means a plan of something or how its parts are arranged. By contrast, implementation means the realization of a plan, idea or policy.",professional and academic; often useful in careful speech and writing,"IPA (stress shown separately): /dɪzaɪn/ Stress syllable 2 of 2. Keep /ɪ/ short and relaxed, as in sit. Let /aɪ/ glide smoothly, as in my. Keep the final /n/ audible.",planning and projects,C1,v0157-s1
v0158,despite,,academic/professional word,AWL-derived core,without taking notice of or being influenced by,preposition,despite + noun/gerund,"Despite the delay, the team completed the project before the final deadline, which helped the manager assign the next responsibility accurately.",despite the fact that; despite + noun,Follow the preposition with a noun phrase or gerund unless the pattern explicitly introduces a clause.,"despite means without taking notice of or being influenced by. By contrast, because of means introduces a cause, not a contrast.",professional and academic; often useful in careful speech and writing,"IPA (stress shown separately): /dɪspaɪt/ Stress syllable 2 of 2. Keep /ɪ/ short and relaxed, as in sit. Let /aɪ/ glide smoothly, as in my. Keep the final /t/ audible.",cause and effect,C1,v0158-s1
v0159,detect,detected,academic/professional word,AWL-derived core,"to notice or discover something, often with a test or instrument",verb,detect + noun,"The sensor detected a small change in temperature, which gave the people involved a clearer basis for the next step.",detect a problem; detect a signal,This is an inflected verb form. Do not put “to” directly before it; use the base form after “to.”,"detect means to notice or discover something, often with a test or instrument. By contrast, perceive means to notice, understand, or regard something in a particular way.",professional and academic; often useful in careful speech and writing,"IPA (stress shown separately): /dɪtɛkt/ Stress syllable 2 of 2. Keep /ɪ/ short and relaxed, as in sit. Keep the final /t/ audible.",general academic and professional,C1,v0159-s1
v0160,deviation,,academic/professional word,AWL-derived core,difference from the norm or what is usual or expected,noun,deviation from + norm/value,"The analyst investigated a large deviation from the expected value, which gave the people involved a clearer basis for the next step.",standard deviation; deviation from,Check whether deviation is countable in this meaning before adding “a” or a plural ending.,"deviation means difference from the norm or what is usual or expected. By contrast, norm means accepted or usual standards or ways.",professional and academic; often useful in careful speech and writing,"IPA (stress shown separately): /divieɪʃən/ Stress syllable 3 of 4. Use a clear /ʃ/ “sh” sound. For /v/, touch the upper teeth to the lower lip; do not replace it with /b/. Keep the final /n/ audible.",general academic and professional,B2,v0160-s1
v0161,device,,academic/professional word,AWL-derived core,scheme or thing invented for a specific purpose,noun,device for + gerund; device used to + verb,"The device measures temperature and sends the data wirelessly, which gave the reviewers a clearer basis for evaluating the conclusion.",electronic device; measuring device,Check whether device is countable in this meaning before adding “a” or a plural ending.,"device means scheme or thing invented for a specific purpose. By contrast, method means a way of doing something.",academic and professional; also useful in formal explanations,"IPA (stress shown separately): /dɪvaɪs/ Stress syllable 2 of 2. For /v/, touch the upper teeth to the lower lip; do not replace it with /b/. Keep /ɪ/ short and relaxed, as in sit. Let /aɪ/ glide smoothly, as in my. Keep the final /s/ audible.",STEM and technology,B2,v0161-s1
v0162,devote,devoted,academic/professional word,AWL-derived core,"to give time, effort, or space to a particular purpose",verb,devote + noun + to + noun/gerund,"The final section is devoted to the study’s limitations, which gave the reviewers a clearer basis for evaluating the conclusion.",devote time to; be devote to,This is an inflected verb form. Do not put “to” directly before it; use the base form after “to.”,"devote means to give time, effort, or space to a particular purpose. By contrast, derive means to obtain or develop something from a particular source.",professional and academic; often useful in careful speech and writing,"IPA (stress shown separately): /dɪvoʊt/ Stress syllable 2 of 2. For /v/, touch the upper teeth to the lower lip; do not replace it with /b/. Keep /ɪ/ short and relaxed, as in sit. Keep the final /t/ audible.",general academic and professional,C1,v0162-s1
v0163,differentiation,,academic/professional word,AWL-derived core,the process of making something different,noun,differentiation between + things,"Differentiation allows teachers to adjust support for different learner needs, which gave the teacher clearer information for the following lesson.",instructional differentiation; cell differentiation,Check whether differentiation is countable in this meaning before adding “a” or a plural ending.,"differentiation means the process of making something different. By contrast, bottleneck means a point in a process that slows everything else down.",academic and professional; also useful in formal explanations,IPA (stress shown separately): /dɪfɚɛnʃieɪʃən/ Stress syllable 5 of 6. Use a clear /ʃ/ “sh” sound. Keep short /ɪ/ distinct from long /i/. Keep the final /n/ audible.,STEM and technology,C1,v0163-s1
v0164,dimension,dimensions,academic/professional word,AWL-derived core,one measurable aspect or important part of something,noun,dimension of + object/problem,"The diagram lists the dimensions of the storage container, which gave the people involved a clearer basis for the next step.",physical dimension; multiple dimension,Check whether dimension is countable in this meaning before adding “a” or a plural ending.,"dimension means one measurable aspect or important part of something. By contrast, aspect means the parts of a problem, situation or task.",professional and academic; often useful in careful speech and writing,"IPA (stress shown separately): /dɪmɛnʃən/ Stress syllable 2 of 3. Use a clear /ʃ/ “sh” sound. Keep /ɪ/ short and relaxed, as in sit. Keep the final /n/ audible.",general academic and professional,C1,v0164-s1
v0165,diminish,diminished,academic/professional word,AWL-derived core,"to become smaller, weaker, or less important",verb,diminish; diminish + noun,"Student participation diminished as the discussion became less structured, which gave the teacher clearer information for the following lesson.",diminish over time; diminish importance,This is an inflected verb form. Do not put “to” directly before it; use the base form after “to.”,"diminish means to become smaller, weaker, or less important. By contrast, decline means to become smaller, weaker, or less successful.",professional and academic; often useful in careful speech and writing,"IPA (stress shown separately): /dɪmɪnɪʃ/ Stress syllable 2 of 3. Use a clear /ʃ/ “sh” sound. Keep /ɪ/ short and relaxed, as in sit. Keep the final /ʃ/ audible.",general academic and professional,B2,v0165-s1
v0166,discretion,,academic/professional word,AWL-derived core,the freedom or authority to make a judgment in a particular situation,noun,discretion to + verb; discretion in + gerund,Managers have some discretion in how they schedule staff.,use discretion; at someone’s discretion,Check whether discretion is countable in this meaning before adding “a” or a plural ending.,"discretion means the freedom or authority to make a judgment in a particular situation. By contrast, insight means a clear and useful understanding of a complex situation.",professional and academic; often useful in careful speech and writing,"IPA (stress shown separately): /dɪskrɛʃən/ Stress syllable 2 of 3. Use a clear /ʃ/ “sh” sound. Keep /ɪ/ short and relaxed, as in sit. Keep the final /n/ audible.",general academic and professional,B2,v0166-s1
v0167,discrimination,,academic/professional word,AWL-derived core,biased and unfair treatment of a person or group,noun,discrimination against + group,"The law prohibits discrimination based on race, sex, or disability, which allowed the board to explain the decision more transparently.",workplace discrimination; discrimination against,Check whether discrimination is countable in this meaning before adding “a” or a plural ending.,"discrimination means biased and unfair treatment of a person or group. By contrast, individual means a single person or thing when compared to a group.",professional and academic; often useful in careful speech and writing,"IPA (stress shown separately): /dɪskrɪməneɪʃən/ Stress syllable 4 of 5. Use a clear /ʃ/ “sh” sound. Keep /ɪ/ short and relaxed, as in sit. Keep the final /n/ audible.",general academic and professional,C1,v0167-s1
v0168,displacement,,academic/professional word,AWL-derived core,movement of people or thing away from a place,noun,displacement of + people/object,"The earthquake caused the displacement of thousands of residents, which allowed the board to explain the decision more transparently.",population displacement; water displacement,Check whether displacement is countable in this meaning before adding “a” or a plural ending.,"displacement means movement of people or thing away from a place. By contrast, resident means a person who lives at a particular place.",professional and academic; often useful in careful speech and writing,"IPA (stress shown separately): /dɪspleɪsmənt/ Stress syllable 2 of 3. Keep /ɪ/ short and relaxed, as in sit. Keep the final /t/ audible.",general academic and professional,C1,v0168-s1
v0169,display,,academic/professional word,AWL-derived core,"show, or arrange something to be seen",verb,display + noun,"The dashboard displays attendance trends by month and grade level, so the class could connect the idea to the next activity.",display data; display on screen,Do not use display as a noun without changing its form; also check the required preposition or object.,"display means show, or arrange something to be seen. By contrast, exhibit means to show. display or reveal.",professional and academic; often useful in careful speech and writing,"IPA (stress shown separately): /dɪspleɪ/ Stress syllable 2 of 2. Keep /ɪ/ short and relaxed, as in sit.",general academic and professional,C1,v0169-s1
v0170,disposal,,academic/professional word,AWL-derived core,the process of getting rid of something,noun,disposal of + material,"Because the lesson compared substances according to their chemical structure, the laboratory follows strict rules for chemical disposal.",waste disposal; safe disposal,Check whether disposal is countable in this meaning before adding “a” or a plural ending.,"disposal means the process of getting rid of something. By contrast, acquisition means the process of getting something.",academic and professional; also useful in formal explanations,"IPA (stress shown separately): /dɪspoʊzəl/ Stress syllable 2 of 3. Keep /ɪ/ short and relaxed, as in sit. Keep the final /l/ audible.",STEM and technology,B2,v0170-s1
v0171,distinction,,academic/professional word,AWL-derived core,a specific difference between two similar things,noun,distinction between + nouns,"The lesson explains the distinction between correlation and causation, which gave the teacher clearer information for the following lesson.",important distinction; draw a distinction,Check whether distinction is countable in this meaning before adding “a” or a plural ending.,"distinction means a specific difference between two similar things. By contrast, contrast means an obvious difference between two or more things.",professional and academic; often useful in careful speech and writing,"IPA (stress shown separately): /dɪstɪŋkʃən/ Stress syllable 2 of 3. Use a clear /ʃ/ “sh” sound. Keep /ɪ/ short and relaxed, as in sit. Keep the final /n/ audible.",general academic and professional,B2,v0171-s1
v0172,distortion,,academic/professional word,AWL-derived core,"change of shape, or inaccurate description or reporting",noun,distortion of + image/information,"The graph’s unequal scale created a misleading distortion of the trend, which gave the reviewers a clearer basis for evaluating the conclusion.",visual distortion; distortion of facts,Check whether distortion is countable in this meaning before adding “a” or a plural ending.,"distortion means change of shape, or inaccurate description or reporting. By contrast, transformation means a complete change or the process of change.",professional and academic; often useful in careful speech and writing,"IPA (stress shown separately): /dɪstɔrʃən/ Stress syllable 2 of 3. Use a clear /ʃ/ “sh” sound. Keep /ɪ/ short and relaxed, as in sit. Keep the final /n/ audible.",change and trends,C1,v0172-s1
v0173,distribution,,academic/professional word,AWL-derived core,the way in which things or people are spread about,noun,distribution of + noun; distribution across + groups,"The chart shows the distribution of test scores across the class, so the department could see both the typical performance and the wider variation among students.",normal distribution; distribution of resources,Check whether distribution is countable in this meaning before adding “a” or a plural ending.,"distribution means the way in which things or people are spread about. By contrast, channel means a way through which something moves or is transmitted.",professional and academic; often useful in careful speech and writing,"IPA (stress shown separately): /dɪstrəbjuʃən/ Stress syllable 3 of 4. Use a clear /ʃ/ “sh” sound. For /b/, close both lips completely. Keep /ɪ/ short and relaxed, as in sit. Keep the final /n/ audible.",general academic and professional,C1,v0173-s1
v0174,diversity,,academic/professional word,AWL-derived core,"variety of opinions, styles, social groups or living things",noun,diversity of/within + group,"The committee valued the diversity of experiences represented on the team, which helped the manager assign the next responsibility accurately.",cultural diversity; diversity of perspectives,Check whether diversity is countable in this meaning before adding “a” or a plural ending.,"diversity means variety of opinions, styles, social groups or living things. By contrast, adult means people or living things that are fully grown or developed.",professional and academic; often useful in careful speech and writing,"IPA (stress shown separately): /dɪvɝsɪti/ Stress syllable 2 of 4. For /v/, touch the upper teeth to the lower lip; do not replace it with /b/. Keep short /ɪ/ distinct from long /i/.",general academic and professional,C1,v0174-s1
v0175,document,,academic/professional word,AWL-derived core,to record the details of a process or event,verb,document + noun,"Students documented each step of the experiment in their laboratory notebooks, which gave the teacher clearer information for the following lesson.",document a process; well documented,Do not use document as a noun without changing its form; also check the required preposition or object.,"document means to record the details of a process or event. By contrast, streamline means to simplify a process so it requires less time or effort.",academic and professional; also useful in formal explanations,IPA (stress shown separately): /dɑkjəmɛnt/ Stress syllable 1 of 3. Keep the final /t/ audible.,STEM and technology,B2,v0175-s1
v0176,domain,,academic/professional word,AWL-derived core,"an area of knowledge, activity, or responsibility",noun,domain of + knowledge/activity,"Statistics belongs to the broader domain of applied mathematics, which gave the people involved a clearer basis for the next step.",public domain; domain knowledge,Check whether domain is countable in this meaning before adding “a” or a plural ending.,"domain means an area of knowledge, activity, or responsibility. By contrast, sphere means area of interest, knowledge or control.",professional and academic; often useful in careful speech and writing,IPA (stress shown separately): /doʊmeɪn/ Stress syllable 2 of 2. Keep the final /n/ audible.,general academic and professional,B2,v0176-s1
v0177,domestic,,academic/professional word,AWL-derived core,relating to home or country,adjective,domestic + noun,"The report compares domestic production with imported goods, so the audience could understand the intended point without guessing.",domestic policy; domestic market,Use domestic before a noun or after a linking verb; do not use it as an adverb without the correct form.,"domestic means relating to home or country. By contrast, civil means relating to the ordinary people of a country.",professional and academic; often useful in careful speech and writing,"IPA (stress shown separately): /dəmɛstɪk/ Stress syllable 2 of 3. Keep /ɪ/ short and relaxed, as in sit. Keep the final /k/ audible.",general academic and professional,C1,v0177-s1
v0178,dominant,,academic/professional word,AWL-derived core,stronger than others of the same group or type,adjective,dominant + noun; become dominant,One explanation became dominant even though several alternatives remained possible.,dominant factor; dominant group,Use dominant before a noun or after a linking verb; do not use it as an adverb without the correct form.,"dominant means stronger than others of the same group or type. By contrast, major means more important than others of the same type.",professional and academic; often useful in careful speech and writing,IPA (stress shown separately): /dɑmənənt/ Stress syllable 1 of 3. Keep the final /t/ audible.,general academic and professional,C1,v0178-s1
v0179,draft,,academic/professional word,AWL-derived core,a piece of text or plan which is not in its final form,noun,draft of + document,"She sent the first draft to her colleagues for feedback, so the group could make the next decision with clearer information.",rough draft; final draft,Check whether draft is countable in this meaning before adding “a” or a plural ending.,"draft means a piece of text or plan which is not in its final form. By contrast, implementation means the realization of a plan, idea or policy.",professional and academic; often useful in careful speech and writing,IPA (stress shown separately): /dræft/ Stress syllable 1 of 1. Keep the final /t/ audible.,planning and projects,C1,v0179-s1
v0180,dramatic,,academic/professional word,AWL-derived core,"exciting, outstanding, or very sudden",adjective,dramatic + noun,"The intervention produced a dramatic increase in course completion, which prompted the school to examine whether the improvement would continue over time.",dramatic change; dramatic effect,Use dramatic before a noun or after a linking verb; do not use it as an adverb without the correct form.,"dramatic means exciting, outstanding, or very sudden. By contrast, major means more important than others of the same type.",professional and academic; often useful in careful speech and writing,"IPA (stress shown separately): /drəmætɪk/ Stress syllable 2 of 3. Keep /ɪ/ short and relaxed, as in sit. Keep the final /k/ audible.",general academic and professional,B2,v0180-s1
v0181,duration,,academic/professional word,AWL-derived core,period of time that something lasts,noun,duration of + event,"The duration of the experiment was exactly thirty minutes, which gave the reviewers a clearer basis for evaluating the conclusion.",short duration; duration of,Check whether duration is countable in this meaning before adding “a” or a plural ending.,"duration means period of time that something lasts. By contrast, period means any length of time.",professional and academic; often useful in careful speech and writing,IPA (stress shown separately): /dʊreɪʃən/ Stress syllable 1 of 3. Use a clear /ʃ/ “sh” sound. Keep the final /n/ audible.,general academic and professional,B2,v0181-s1
v0182,dynamic,,academic/professional word,AWL-derived core,"relating to energy, motion, or change",adjective,dynamic + noun; be dynamic,The classroom is a dynamic environment in which needs can change quickly.,dynamic system; dynamic relationship,Use dynamic before a noun or after a linking verb; do not use it as an adverb without the correct form.,"dynamic means relating to energy, motion, or change. By contrast, variable means one among a group of things which may change.",professional and academic; often useful in careful speech and writing,"IPA (stress shown separately): /daɪnæmɪk/ Stress syllable 2 of 3. Keep /ɪ/ short and relaxed, as in sit. Let /aɪ/ glide smoothly, as in my. Keep the final /k/ audible.",change and trends,C1,v0182-s1
v0183,economic,,academic/professional word,AWL-derived core,relating to money or trade,adjective,economic + noun,"The proposal considers both educational benefits and economic costs, which helped the manager assign the next responsibility accurately.",economic impact; economic growth,Use economic before a noun or after a linking verb; do not use it as an adverb without the correct form.,"economic means relating to money or trade. By contrast, enormous means very big.",professional and academic; often useful in careful speech and writing,"IPA (stress shown separately): /ɛkənɑmɪk/ Stress syllable 3 of 4. Keep /ɪ/ short and relaxed, as in sit. Keep the final /k/ audible.",general academic and professional,C1,v0183-s1
v0184,edition,,academic/professional word,AWL-derived core,a version or a batch of a publication in a series,noun,edition of + book/publication,"The revised edition includes a new chapter on data ethics, which gave the reviewers a clearer basis for evaluating the conclusion.",latest edition; revised edition,Check whether edition is countable in this meaning before adding “a” or a plural ending.,"edition means a version or a batch of a publication in a series. By contrast, publication means printed item such as a book, magazine or journal.",academic and professional; also useful in formal explanations,"IPA (stress shown separately): /ədɪʃən/ Stress syllable 2 of 3. Use a clear /ʃ/ “sh” sound. Keep /ɪ/ short and relaxed, as in sit. Keep the final /n/ audible.",policy and society,C1,v0184-s1
v0185,element,elements,academic/professional word,AWL-derived core,the basic principles of a subject of study,noun,element of + system/argument,"The lesson introduces the basic elements of experimental design, which gave the teacher clearer information for the following lesson.",key element; essential element,Check whether element is countable in this meaning before adding “a” or a plural ending.,"element means the basic principles of a subject of study. By contrast, evidence means one or more reasons for believing something.",academic and professional; also useful in formal explanations,IPA (stress shown separately): /ɛləmənt/ Stress syllable 1 of 3. Keep the final /t/ audible.,evidence,B2,v0185-s1
v0186,eliminate,,academic/professional word,AWL-derived core,"to get rid of, remove, or leave out",verb,eliminate + noun,"The researchers eliminated several alternative explanations, which gave the people involved a clearer basis for the next step.",eliminate an error; eliminate the need,Do not use eliminate as a noun without changing its form; also check the required preposition or object.,"eliminate means to get rid of, remove, or leave out. By contrast, remove means to take something away from a place, group, or set.",professional and academic; often useful in careful speech and writing,"IPA (stress shown separately): /ɪlɪməneɪt/ Stress syllable 2 of 4. Keep /ɪ/ short and relaxed, as in sit. Keep the final /t/ audible.",general academic and professional,B2,v0186-s1
v0187,emerge,emerged,academic/professional word,AWL-derived core,"to become known, visible, or clear",verb,emerge; emerge from + noun,A clear pattern emerged after the data were organized by grade level.,a pattern emerge; emerge from,This is an inflected verb form. Do not put “to” directly before it; use the base form after “to.”,"emerge means to become known, visible, or clear. By contrast, reveal means to make previously unknown information visible or known.",professional and academic; often useful in careful speech and writing,"IPA (stress shown separately): /ɪmɝdʒ/ Stress syllable 2 of 2. Use /dʒ/ “j,” as in job. Keep /ɪ/ short and relaxed, as in sit. Keep the final /dʒ/ audible.",general academic and professional,C1,v0187-s1
v0188,emphasis,,academic/professional word,AWL-derived core,the importance or special consideration of something,noun,emphasis on + noun/gerund,"The course places greater emphasis on explaining reasoning, which gave the teacher clearer information for the following lesson.",place emphasis on; strong emphasis,Check whether emphasis is countable in this meaning before adding “a” or a plural ending.,"emphasis means the importance or special consideration of something. By contrast, conclusion means an opinion one reaches after careful consideration.",professional and academic; often useful in careful speech and writing,IPA (stress shown separately): /ɛmfəsəs/ Stress syllable 1 of 3. Keep the final /s/ audible.,general academic and professional,C1,v0188-s1
v0189,empirical,,academic/professional word,AWL-derived core,based on observation or experiment,adjective,empirical + noun,"The claim should be supported by empirical evidence rather than intuition alone, so the team could interpret the evidence with less uncertainty.",empirical evidence; empirical study,Use empirical before a noun or after a linking verb; do not use it as an adverb without the correct form.,"empirical means based on observation or experiment. By contrast, subsequent means happening after something else.",professional and academic; often useful in careful speech and writing,"IPA (stress shown separately): /ɛmpɪrɪkəl/ Stress syllable 2 of 4. Keep /ɪ/ short and relaxed, as in sit. Keep the final /l/ audible.",general academic and professional,C1,v0189-s1
v0190,enable,,academic/professional word,AWL-derived core,"to make something possible, practical or easy to do",verb,enable + person + to + verb,"The new software enables teachers to review results more quickly, so the class could connect the idea to the next activity.",enable someone to; enable access,Do not use enable as a noun without changing its form; also check the required preposition or object.,"enable means to make something possible, practical or easy to do. By contrast, require means to make something necessary or officially expected.",professional and academic; often useful in careful speech and writing,"IPA (stress shown separately): /ɛneɪbəl/ Stress syllable 2 of 3. For /b/, close both lips completely. Keep the final /l/ audible.",general academic and professional,B2,v0190-s1
v0191,encounter,encountered,academic/professional word,AWL-derived core,to experience or meet something unexpectedly,verb,encounter + noun,"The team encountered an unexpected problem during the final test, so the team could interpret the evidence with less uncertainty.",encounter a problem; frequently encounter,This is an inflected verb form. Do not put “to” directly before it; use the base form after “to.”,"encounter means to experience or meet something unexpectedly. By contrast, occur means to happen, often naturally or unexpectedly.",professional and academic; often useful in careful speech and writing,"IPA (stress shown separately): /ɪnkaʊntɚ/ Stress syllable 2 of 3. Keep /ɪ/ short and relaxed, as in sit.",general academic and professional,B2,v0191-s1
v0192,energy,,academic/professional word,AWL-derived core,power or ability to be physically or mentally active,noun,energy from/for + source/use,"Because the lesson compared substances according to their chemical structure, the battery stores chemical energy, which the system can convert into electrical power.",renewable energy; energy consumption,Check whether energy is countable in this meaning before adding “a” or a plural ending.,"energy means power or ability to be physically or mentally active. By contrast, generation means the production of energy, data, or another output.",academic and professional; also useful in formal explanations,"IPA (stress shown separately): /ɛnɚdʒi/ Stress syllable 1 of 3. Use /dʒ/ “j,” as in job.",STEM and technology,C1,v0192-s1
v0193,enforcement,,academic/professional word,AWL-derived core,to make or force something to happen or be accepted,noun,enforcement of + law/rule,"Consistent enforcement of the safety rule reduced laboratory accidents, which gave the reviewers a clearer basis for evaluating the conclusion.",law enforcement; policy enforcement,Check whether enforcement is countable in this meaning before adding “a” or a plural ending.,"enforcement means to make or force something to happen or be accepted. By contrast, violation means action that breaks the rules.",professional and academic; often useful in careful speech and writing,IPA (stress shown separately): /ɛnfɔrsmənt/ Stress syllable 2 of 3. Keep the final /t/ audible.,general academic and professional,C1,v0193-s1
v0194,enhance,enhanced,academic/professional word,AWL-derived core,"to improve the quality, value, or effectiveness of something",verb,enhance + noun,"The visual model enhanced students’ understanding of the system, which helped readers connect the diagram to the written argument.",enhance understanding; enhance performance,This is an inflected verb form. Do not put “to” directly before it; use the base form after “to.”,"enhance means to improve the quality, value, or effectiveness of something. By contrast, reinforce means to strengthen an idea, behavior, or structure.",professional and academic; often useful in careful speech and writing,IPA (stress shown separately): /ɛnhæns/ Stress syllable 2 of 2. Keep the final /s/ audible.,evaluation and decisions,C1,v0194-s1
v0195,enormous,,academic/professional word,AWL-derived core,very big,adjective,enormous + noun,"The project generated an enormous amount of data, so the team could interpret the evidence with less uncertainty.",enormous impact; enormous amount,Use enormous before a noun or after a linking verb; do not use it as an adverb without the correct form.,"enormous means very big. By contrast, economic means relating to money or trade.",professional and academic; often useful in careful speech and writing,"IPA (stress shown separately): /ɪnɔrməs/ Stress syllable 2 of 3. Keep /ɪ/ short and relaxed, as in sit. Keep the final /s/ audible.",general academic and professional,B2,v0195-s1
v0196,ensure,,academic/professional word,AWL-derived core,to make certain that something will happen,verb,ensure + noun; ensure that + clause,Double-check the units to ensure that the calculation is accurate.,ensure accuracy; ensure that,Do not use ensure as a noun without changing its form; also check the required preposition or object.,"ensure means to make certain that something will happen. By contrast, guarantee means to promise or make certain.",professional and academic; often useful in careful speech and writing,IPA (stress shown separately): /ɛnʃʊr/ Stress syllable 2 of 2. Use a clear /ʃ/ “sh” sound. Keep the final /r/ audible.,general academic and professional,B2,v0196-s1
v0197,entity,entities,academic/professional word,AWL-derived core,"things, real or abstract, which exist independently",noun,entity in + system; entity that + clause,"The database treats students and courses as separate entities, which gave the teacher clearer information for the following lesson.",legal entity; distinct entity,Check whether entity is countable in this meaning before adding “a” or a plural ending.,"entity means things, real or abstract, which exist independently. By contrast, abstract means a short written summary of a research article or study.",professional and academic; often useful in careful speech and writing,IPA (stress shown separately): /ɛntəti/ Stress syllable 1 of 3.,general academic and professional,C1,v0197-s1
v0198,environment,,academic/professional word,AWL-derived core,the conditions one lives in and their effects,noun,environment for + noun; environment in which,"A supportive classroom environment encourages students to ask questions, which gave the teacher clearer information for the following lesson.",learning environment; natural environment,Check whether environment is countable in this meaning before adding “a” or a plural ending.,"environment means the conditions one lives in and their effects. By contrast, outcome means the end results or consequences of a particular event.",professional and academic; often useful in careful speech and writing,"IPA (stress shown separately): /ɪnvaɪrənmənt/ Stress syllable 2 of 4. For /v/, touch the upper teeth to the lower lip; do not replace it with /b/. Keep /ɪ/ short and relaxed, as in sit. Let /aɪ/ glide smoothly, as in my. Keep the final /t/ audible.",cause and effect,C1,v0198-s1
v0199,equation,,academic/professional word,AWL-derived core,a statement showing the equivalence of two things,noun,equation for + relationship; equation with + variables,"The equation shows the relationship between distance, rate, and time.",solve an equation; linear equation,Check whether equation is countable in this meaning before adding “a” or a plural ending.,"equation means a statement showing the equivalence of two things. By contrast, series means a sequence of similar or related things.",professional and academic; often useful in careful speech and writing,"IPA (stress shown separately): /ɪkweɪʒən/ Stress syllable 2 of 3. Use /ʒ/ “zh,” as in measure. For /w/, round the lips; do not touch the teeth. Keep /ɪ/ short and relaxed, as in sit. Keep the final /n/ audible.",general academic and professional,C1,v0199-s1
v0200,equipment,,academic/professional word,AWL-derived core,necessary items for a particular activity of purpose,noun,equipment for + activity,"The laboratory equipment must be inspected before each semester, so the team could interpret the evidence with less uncertainty.",safety equipment; technical equipment,Check whether equipment is countable in this meaning before adding “a” or a plural ending.,"equipment means necessary items for a particular activity of purpose. By contrast, maintenance means the act of keeping something in its present state.",professional and academic; often useful in careful speech and writing,"IPA (stress shown separately): /ɪkwɪpmənt/ Stress syllable 2 of 3. For /w/, round the lips; do not touch the teeth. Keep /ɪ/ short and relaxed, as in sit. Keep the final /t/ audible.",general academic and professional,B2,v0200-s1
v0201,equivalent,,academic/professional word,AWL-derived core,being equal to or effectively the same as,adjective,equivalent + noun; be equivalent to + noun,"The two formulas are equivalent under the stated conditions, which gave the reviewers a clearer basis for evaluating the conclusion.",equivalent value; equivalent to,Use equivalent before a noun or after a linking verb; do not use it as an adverb without the correct form.,"equivalent means being equal to or effectively the same as. By contrast, incompatible means unable to exist or work together effectively.",professional and academic; often useful in careful speech and writing,"IPA (stress shown separately): /ɪkwɪvələnt/ Stress syllable 2 of 4. For /v/, touch the upper teeth to the lower lip; do not replace it with /b/. For /w/, round the lips; do not touch the teeth. Keep /ɪ/ short and relaxed, as in sit. Keep the final /t/ audible.",cause and effect,B2,v0201-s1
v0202,erosion,,academic/professional word,AWL-derived core,gradual weakening or damage caused by nature,noun,erosion of + material/value,"Water erosion gradually removed soil from the hillside, which gave the reviewers a clearer basis for evaluating the conclusion.",soil erosion; erosion of trust,Check whether erosion is countable in this meaning before adding “a” or a plural ending.,"erosion means gradual weakening or damage caused by nature. By contrast, source means the cause of something or place it comes from.",professional and academic; often useful in careful speech and writing,"IPA (stress shown separately): /ɪroʊʒən/ Stress syllable 2 of 3. Use /ʒ/ “zh,” as in measure. Keep /ɪ/ short and relaxed, as in sit. Keep the final /n/ audible.",cause and effect,C1,v0202-s1
v0203,error,,academic/professional word,AWL-derived core,mistake or wrong decision,noun,error in + calculation; error of + amount,"A rounding error changed the final result slightly, which gave the reviewers a clearer basis for evaluating the conclusion.",measurement error; human error,Check whether error is countable in this meaning before adding “a” or a plural ending.,"error means mistake or wrong decision. By contrast, evaluation means judgment of the value or quality of something.",professional and academic; often useful in careful speech and writing,IPA (stress shown separately): /ɛrɚ/ Stress syllable 1 of 2.,evaluation and decisions,C1,v0203-s1
v0204,establish,established,academic/professional word,AWL-derived core,"to create, set, or demonstrate something clearly",verb,establish + noun; establish that + clause,"The pilot study established a baseline for future comparisons, so the team could interpret the evidence with less uncertainty.",establish a baseline; establish that,This is an inflected verb form. Do not put “to” directly before it; use the base form after “to.”,"establish means to create, set, or demonstrate something clearly. By contrast, confirm means to show that information or a result is correct.",professional and academic; often useful in careful speech and writing,"IPA (stress shown separately): /ɪstæblɪʃ/ Stress syllable 2 of 3. Use a clear /ʃ/ “sh” sound. For /b/, close both lips completely. Keep /ɪ/ short and relaxed, as in sit. Keep the final /ʃ/ audible.",general academic and professional,C1,v0204-s1
v0205,estate,,academic/professional word,AWL-derived core,all of a person's property or wealth,noun,estate of + person,"The will explains how the estate will be divided among the heirs, which gave the people involved a clearer basis for the next step.",real estate; manage an estate,Check whether estate is countable in this meaning before adding “a” or a plural ending.,"estate means all of a person's property or wealth. By contrast, security means protection of a person, property or organization.",professional and academic; often useful in careful speech and writing,"IPA (stress shown separately): /ɪsteɪt/ Stress syllable 2 of 2. Keep /ɪ/ short and relaxed, as in sit. Keep the final /t/ audible.",general academic and professional,B2,v0205-s1
v0206,estimate,,academic/professional word,AWL-derived core,"a guess of the size, number or amount of something",noun,estimate of + amount,"The initial estimate was lower than the actual project cost, so the group could make the next decision with clearer information.",cost estimate; rough estimate,Check whether estimate is countable in this meaning before adding “a” or a plural ending.,"estimate means a guess of the size, number or amount of something. By contrast, percent means in proportion to a hundred.",professional and academic; often useful in careful speech and writing,IPA (stress shown separately): /ɛstəmət/ Stress syllable 1 of 3. Keep the final /t/ audible.,general academic and professional,B2,v0206-s1
v0207,ethical,,academic/professional word,AWL-derived core,morally right,adjective,ethical + noun; be ethical,"Researchers must address ethical concerns before collecting personal data, which gave the reviewers a clearer basis for evaluating the conclusion.",ethical issue; ethical standard,Use ethical before a noun or after a linking verb; do not use it as an adverb without the correct form.,"ethical means morally right. By contrast, uniform means always the same.",professional and academic; often useful in careful speech and writing,"IPA (stress shown separately): /ɛθɪkəl/ Stress syllable 1 of 3. Keep /ɪ/ short and relaxed, as in sit. Keep the final /l/ audible.",general academic and professional,C1,v0207-s1
v0208,ethnic,,academic/professional word,AWL-derived core,"of a national, racial, religious or linguistic group",adjective,ethnic + noun,"The survey included participants from several ethnic groups, which gave the people involved a clearer basis for the next step.",ethnic group; ethnic diversity,Use ethnic before a noun or after a linking verb; do not use it as an adverb without the correct form.,"ethnic means of a national, racial, religious or linguistic group. By contrast, cultural means relating to the customs and beliefs of a certain group.",professional and academic; often useful in careful speech and writing,"IPA (stress shown separately): /ɛθnɪk/ Stress syllable 1 of 2. Keep /ɪ/ short and relaxed, as in sit. Keep the final /k/ audible.",general academic and professional,C1,v0208-s1
v0209,evaluation,,academic/professional word,AWL-derived core,judgment of the value or quality of something,noun,evaluation of + program/performance,The evaluation found that the program improved attendance but not test scores.,program evaluation; evaluation criteria,Check whether evaluation is countable in this meaning before adding “a” or a plural ending.,"evaluation means judgment of the value or quality of something. By contrast, criteria means the rules or guidelines to test or evaluate something.",professional and academic; often useful in careful speech and writing,"IPA (stress shown separately): /ɪvæljueɪʃən/ Stress syllable 4 of 5. Use a clear /ʃ/ “sh” sound. For /v/, touch the upper teeth to the lower lip; do not replace it with /b/. Keep /ɪ/ short and relaxed, as in sit. Keep the final /n/ audible.",evaluation and decisions,C1,v0209-s1
v0210,eventually,,academic/professional word,AWL-derived core,"finally, or ultimately",adverb,eventually + verb,"After several revisions, the team eventually reached an agreement.",eventually became; eventually decided,Check sentence position and punctuation; many sentence adverbs take a comma when they introduce a clause.,"eventually means finally, or ultimately. By contrast, ultimately means finally and after much trouble or discussion.",professional and academic; often useful in careful speech and writing,"IPA (stress shown separately): /ɪvɛntʃəwəli/ Stress syllable 2 of 5. Use a crisp /tʃ/ “ch” sound. For /v/, touch the upper teeth to the lower lip; do not replace it with /b/. For /w/, round the lips; do not touch the teeth. Keep short /ɪ/ distinct from long /i/.",general academic and professional,B2,v0210-s1
v0211,evidence,,academic/professional word,AWL-derived core,one or more reasons for believing something,noun,evidence of/for + noun; evidence that + clause,"The committee requested stronger evidence before changing the policy, so the people affected could understand the practical consequence.",supporting evidence; evidence suggests that,"Evidence is uncountable; say “a piece of evidence,” not “an evidence.”","evidence means one or more reasons for believing something. By contrast, inquiry means a process of asking questions and investigating evidence.",academic and professional; also useful in formal explanations,"IPA (stress shown separately): /ɛvədəns/ Stress syllable 1 of 3. For /v/, touch the upper teeth to the lower lip; do not replace it with /b/. Keep the final /s/ audible.",evidence,B2,v0211-s1
v0212,evolution,,academic/professional word,AWL-derived core,a gradual process of development or change,noun,evolution of + system/idea,"The course examines the evolution of scientific ideas over time, which gave the teacher clearer information for the following lesson.",biological evolution; gradual evolution,Check whether evolution is countable in this meaning before adding “a” or a plural ending.,"evolution means a gradual process of development or change. By contrast, transformation means a complete change or the process of change.",professional and academic; often useful in careful speech and writing,"IPA (stress shown separately): /ɛvəluʃən/ Stress syllable 3 of 4. Use a clear /ʃ/ “sh” sound. For /v/, touch the upper teeth to the lower lip; do not replace it with /b/. Keep the final /n/ audible.",change and trends,C1,v0212-s1
v0213,exceed,,academic/professional word,AWL-derived core,"to be more than a number, amount or allowed limit",verb,exceed + noun,"Actual costs may exceed the original estimate, which gave the people involved a clearer basis for the next step.",exceed expectations; exceed a limit,This is an inflected verb form. Do not put “to” directly before it; use the base form after “to.”,"exceed means to be more than a number, amount or allowed limit. By contrast, impose means to force a rule, requirement, or burden on someone.",professional and academic; often useful in careful speech and writing,IPA (stress shown separately): /ɪksid/ Stress syllable 2 of 2. Keep short /ɪ/ distinct from long /i/. Keep the final /d/ audible.,general academic and professional,C1,v0213-s1
v0214,exclude,excluded,academic/professional word,AWL-derived core,to deliberately leave something or someone out,verb,exclude + noun + from + noun,"Incomplete surveys were excluded from the final analysis, so the team could interpret the evidence with less uncertainty.",exclude X from Y; exclude category,This is an inflected verb form. Do not put “to” directly before it; use the base form after “to.”,"exclude means to deliberately leave something or someone out. By contrast, eliminate means to get rid of, remove, or leave out.",professional and academic; often useful in careful speech and writing,"IPA (stress shown separately): /ɪksklud/ Stress syllable 2 of 2. Keep /ɪ/ short and relaxed, as in sit. Keep the final /d/ audible.",general academic and professional,C1,v0214-s1
v0215,exhibit,,academic/professional word,AWL-derived core,to show. display or reveal,verb,exhibit + noun,"The material exhibits different properties at high temperatures, which gave the people involved a clearer basis for the next step.",exhibit a pattern; exhibit symptoms,Do not use exhibit as a noun without changing its form; also check the required preposition or object.,"exhibit means to show. display or reveal. By contrast, reveal means to make previously unknown information visible or known.",professional and academic; often useful in careful speech and writing,"IPA (stress shown separately): /ɪɡzɪbɪt/ Stress syllable 2 of 3. For /b/, close both lips completely. Keep /ɪ/ short and relaxed, as in sit. Keep the final /t/ audible.",general academic and professional,B2,v0215-s1
v0216,expansion,,academic/professional word,AWL-derived core,an increase in size of something,noun,expansion of/into + noun,"The district approved the expansion of the career-technical program, which gave the teacher clearer information for the following lesson.",rapid expansion; program expansion,Check whether expansion is countable in this meaning before adding “a” or a plural ending.,"expansion means an increase in size of something. By contrast, transformation means a complete change or the process of change.",professional and academic; often useful in careful speech and writing,"IPA (stress shown separately): /ɪkspænʃən/ Stress syllable 2 of 3. Use a clear /ʃ/ “sh” sound. Keep /ɪ/ short and relaxed, as in sit. Keep the final /n/ audible.",change and trends,B2,v0216-s1
v0217,expert,,academic/professional word,AWL-derived core,a person with great skill or knowledge of a subject,noun,expert in/on + field,"The school consulted an expert in laboratory safety, so the class could connect the idea to the next activity.",subject-matter expert; leading expert,Check whether expert is countable in this meaning before adding “a” or a plural ending.,"expert means a person with great skill or knowledge of a subject. By contrast, area means a subject or specialization, or part of it.",professional and academic; often useful in careful speech and writing,IPA (stress shown separately): /ɛkspɚt/ Stress syllable 1 of 2. Keep the final /t/ audible.,general academic and professional,C1,v0217-s1
v0218,explicit,,academic/professional word,AWL-derived core,"clear and detailed, not implicit",adjective,explicit + noun; be explicit about + noun,"The instructions were explicit about the required format and deadline, so the group could make the next decision with clearer information.",explicit instruction; make explicit,Use explicit before a noun or after a linking verb; do not use it as an adverb without the correct form.,"explicit means clear and detailed, not implicit. By contrast, implicit means understood without being said.",professional and academic; often useful in careful speech and writing,"IPA (stress shown separately): /ɪksplɪsət/ Stress syllable 2 of 3. Keep /ɪ/ short and relaxed, as in sit. Keep the final /t/ audible.",general academic and professional,C1,v0218-s1
v0219,exploitation,,academic/professional word,AWL-derived core,"good use of resources, or unfair use of people",noun,exploitation of + people/resources,"The policy aims to prevent the exploitation of temporary workers, which allowed the board to explain the decision more transparently.",resource exploitation; unfair exploitation,Check whether exploitation is countable in this meaning before adding “a” or a plural ending.,"exploitation means good use of resources, or unfair use of people. By contrast, resource allocation means the process of deciding how time, money, or people will be used.",professional and academic; often useful in careful speech and writing,IPA (stress shown separately): /ɛksplɔɪteɪʃən/ Stress syllable 3 of 4. Use a clear /ʃ/ “sh” sound. Keep the final /n/ audible.,planning and projects,C1,v0219-s1
v0220,export,,academic/professional word,AWL-derived core,to send goods to another country,verb,export + noun + to/as + format,"The teacher exported the grade report as a spreadsheet, so the class could connect the idea to the next activity.",export data; export to,Do not use export as a noun without changing its form; also check the required preposition or object.,"export means to send goods to another country. By contrast, transport means to carry from one place to another.",professional and academic; often useful in careful speech and writing,IPA (stress shown separately): /ɛkspɔrt/ Stress syllable 1 of 2. Keep the final /t/ audible.,general academic and professional,B2,v0220-s1
v0221,exposure,,academic/professional word,AWL-derived core,being affected by something in a particular place,noun,exposure to + noun,"Repeated exposure to new vocabulary improves recognition but not necessarily recall, which gave the reviewers a clearer basis for evaluating the conclusion.",exposure to language; prolonged exposure,Check whether exposure is countable in this meaning before adding “a” or a plural ending.,"exposure means being affected by something in a particular place. By contrast, stakeholder means a person or group affected by or interested in a decision.",professional and academic; often useful in careful speech and writing,"IPA (stress shown separately): /ɪkspoʊʒɚ/ Stress syllable 2 of 3. Use /ʒ/ “zh,” as in measure. Keep /ɪ/ short and relaxed, as in sit.",cause and effect,B2,v0221-s1
v0222,external,,academic/professional word,AWL-derived core,relating to or existing outside,adjective,external + noun,"External funding allowed the school to purchase new laboratory equipment, which allowed leaders to direct limited resources toward the highest-priority work.",external factor; external source,Use external before a noun or after a linking verb; do not use it as an adverb without the correct form.,"external means relating to or existing outside. By contrast, voluntary means done willingly and without external force.",professional and academic; often useful in careful speech and writing,"IPA (stress shown separately): /ɪkstɝnəl/ Stress syllable 2 of 3. Keep /ɪ/ short and relaxed, as in sit. Keep the final /l/ audible.",general academic and professional,C1,v0222-s1
v0223,extract,,academic/professional word,AWL-derived core,"to get from source, pull out, or get by force",verb,extract + noun + from + noun,"Students extracted the relevant values from the table, so the class could connect the idea to the next activity.",extract information; extract X from Y,Do not use extract as a noun without changing its form; also check the required preposition or object.,"extract means to get from source, pull out, or get by force. By contrast, derive means to obtain or develop something from a particular source.",professional and academic; often useful in careful speech and writing,"IPA (stress shown separately): /ɪkstrækt/ Stress syllable 2 of 2. Keep /ɪ/ short and relaxed, as in sit. Keep the final /t/ audible.",general academic and professional,C1,v0223-s1
v0224,facilitate,,academic/professional word,AWL-derived core,to make something easy or easier to do,verb,facilitate + noun,"Clear sentence frames can facilitate productive classroom discussion, so the class could connect the idea to the next activity.",facilitate learning; facilitate a meeting,Do not use facilitate as a noun without changing its form; also check the required preposition or object.,"facilitate means to make something easy or easier to do. By contrast, enhance means to improve the quality, value, or effectiveness of something.",professional and academic; often useful in careful speech and writing,"IPA (stress shown separately): /fəsɪləteɪt/ Stress syllable 2 of 4. Keep /ɪ/ short and relaxed, as in sit. Keep the final /t/ audible.",general academic and professional,C1,v0224-s1
v0225,factor,factors,academic/professional word,AWL-derived core,facts which contribute to the result of something,noun,factor affecting + noun; factor that + clause,"Several factors contributed to the decline in attendance, so the team could interpret the evidence with less uncertainty.",key factor; contributing factor,Check whether factor is countable in this meaning before adding “a” or a plural ending.,"factor means facts which contribute to the result of something. By contrast, causation means a relationship in which one factor directly produces another.",professional and academic; often useful in careful speech and writing,IPA (stress shown separately): /fæktɚ/ Stress syllable 1 of 2.,cause and effect,B2,v0225-s1
v0226,feature,features,academic/professional word,AWL-derived core,the important or typical parts of something,noun,feature of + product/system,"The software’s accessibility features support users with visual impairments, which gave the people involved a clearer basis for the next step.",key feature; distinctive feature,Check whether feature is countable in this meaning before adding “a” or a plural ending.,"feature means the important or typical parts of something. By contrast, specification means a detailed statement of required features or standards.",professional and academic; often useful in careful speech and writing,IPA (stress shown separately): /fitʃɚ/ Stress syllable 1 of 2. Use a crisp /tʃ/ “ch” sound.,general academic and professional,B2,v0226-s1
v0227,federal,,academic/professional word,AWL-derived core,relating to a central government,adjective,federal + noun,"Federal regulations require schools to protect certain student records, which gave the teacher clearer information for the following lesson.",federal law; federal funding,Use federal before a noun or after a linking verb; do not use it as an adverb without the correct form.,"federal means relating to a central government. By contrast, constitutional means relating to the laws and principles of a government.",academic and professional; also useful in formal explanations,IPA (stress shown separately): /fɛdɚəl/ Stress syllable 1 of 3. Keep the final /l/ audible.,policy and society,C1,v0227-s1
v0228,fee,fees,academic/professional word,AWL-derived core,an amount of money paid for a piece of work or service,noun,fee for + service,"Students may request a waiver of application fees, which gave the teacher clearer information for the following lesson.",tuition fee; service fee,Check whether fee is countable in this meaning before adding “a” or a plural ending.,"fee means an amount of money paid for a piece of work or service. By contrast, task means a piece of work that is either difficult or unpleasant.",professional and academic; often useful in careful speech and writing,IPA (stress shown separately): /fi/ Stress syllable 1 of 1.,workplace and leadership,C1,v0228-s1
v0229,file,,academic/professional word,AWL-derived core,to store in order or record officially,verb,file + noun + with + organization,"The organization filed the required report before the deadline, so the group could make the next decision with clearer information.",file a report; file a complaint,Do not use file as a noun without changing its form; also check the required preposition or object.,"file means to store in order or record officially. By contrast, attach means to add a file or connect one thing to another.",professional and academic; often useful in careful speech and writing,"IPA (stress shown separately): /faɪl/ Stress syllable 1 of 1. Let /aɪ/ glide smoothly, as in my. Keep the final /l/ audible.",general academic and professional,C1,v0229-s1
v0230,final,,academic/professional word,AWL-derived core,last,adjective,final + noun,"The committee will make a final decision after the public comment period, so the people affected could understand the practical consequence.",final decision; final version,Use final before a noun or after a linking verb; do not use it as an adverb without the correct form.,"final means last. By contrast, arbitrary means based on chance rather than reason.",professional and academic; often useful in careful speech and writing,"IPA (stress shown separately): /faɪnəl/ Stress syllable 1 of 2. Let /aɪ/ glide smoothly, as in my. Keep the final /l/ audible.",general academic and professional,B2,v0230-s1
v0231,financial,,academic/professional word,AWL-derived core,relating to the management of money,adjective,financial + noun,"The district reviewed the financial impact before approving the program, so the class could connect the idea to the next activity.",financial support; financial constraint,Use financial before a noun or after a linking verb; do not use it as an adverb without the correct form.,"financial means relating to the management of money. By contrast, professional means relating to or conforming to the standards of work.",professional and academic; often useful in careful speech and writing,IPA (stress shown separately): /fənænʃəl/ Stress syllable 2 of 3. Use a clear /ʃ/ “sh” sound. Keep the final /l/ audible.,workplace and leadership,B2,v0231-s1
v0232,finite,,academic/professional word,AWL-derived core,"countable, or having an end or limit",adjective,finite + noun; be finite,"The project has a finite budget and a fixed deadline, so decision makers could see how the available resources would support the stated goal.",finite amount; finite resource,Use finite before a noun or after a linking verb; do not use it as an adverb without the correct form.,"finite means countable, or having an end or limit. By contrast, physical means of the body, or having material existence.",professional and academic; often useful in careful speech and writing,"IPA (stress shown separately): /faɪnaɪt/ Stress syllable 1 of 2. Let /aɪ/ glide smoothly, as in my. Keep the final /t/ audible.",general academic and professional,C1,v0232-s1
v0233,flexibility,,academic/professional word,AWL-derived core,"ability to bend, change or be changed",noun,flexibility in + noun; flexibility to + verb,"The revised schedule gives teachers more flexibility, which gave the teacher clearer information for the following lesson.",greater flexibility; flexibility to,Check whether flexibility is countable in this meaning before adding “a” or a plural ending.,"flexibility means ability to bend, change or be changed. By contrast, transformation means a complete change or the process of change.",professional and academic; often useful in careful speech and writing,"IPA (stress shown separately): /flɛksəbɪləti/ Stress syllable 3 of 5. For /b/, close both lips completely. Keep short /ɪ/ distinct from long /i/.",change and trends,C1,v0233-s1
v0234,fluctuation,fluctuations,academic/professional word,AWL-derived core,"irregular variations, or rises and falls",noun,fluctuation in + value,"Daily fluctuations in temperature affected the measurements, so the team had stronger evidence before drawing a conclusion.",price fluctuation; seasonal fluctuation,Check whether fluctuation is countable in this meaning before adding “a” or a plural ending.,"fluctuation means irregular variations, or rises and falls. By contrast, index means a numerical scale or organized reference list.",professional and academic; often useful in careful speech and writing,IPA (stress shown separately): /flʌktʃueɪʃən/ Stress syllable 3 of 4. Use a clear /ʃ/ “sh” sound. Use a crisp /tʃ/ “ch” sound. Keep the final /n/ audible.,general academic and professional,C1,v0234-s1
v0235,focus,,academic/professional word,AWL-derived core,"the center of interest, activity, or attention",noun,focus of + discussion; focus on + topic,"The main focus of the meeting was student attendance, which gave the teacher clearer information for the following lesson.",central focus; focus on,Check whether focus is countable in this meaning before adding “a” or a plural ending.,"focus means the center of interest, activity, or attention. By contrast, topic means subject of a text or discussion.",professional and academic; often useful in careful speech and writing,IPA (stress shown separately): /foʊkəs/ Stress syllable 1 of 2. Keep the final /s/ audible.,general academic and professional,B2,v0235-s1
v0236,format,,academic/professional word,AWL-derived core,"arrangement, layout or plan",noun,format for + document; in + format,"Submit the assignment in PDF format, so the class could connect the idea to the next activity.",standard format; file format,Check whether format is countable in this meaning before adding “a” or a plural ending.,"format means arrangement, layout or plan. By contrast, contingency means a possible future event that requires a backup plan.",professional and academic; often useful in careful speech and writing,IPA (stress shown separately): /fɔrmæt/ Stress syllable 1 of 2. Keep the final /t/ audible.,planning and projects,B2,v0236-s1
v0237,formula,,academic/professional word,AWL-derived core,a standard way of making or doing something,noun,formula for + calculation,"Students used the formula to calculate the area of the circle, so the class could connect the idea to the next activity.",mathematical formula; formula for,Check whether formula is countable in this meaning before adding “a” or a plural ending.,"formula means a standard way of making or doing something. By contrast, method means a way of doing something.",academic and professional; also useful in formal explanations,IPA (stress shown separately): /fɔrmjələ/ Stress syllable 1 of 3.,STEM and technology,C1,v0237-s1
v0238,forthcoming,,academic/professional word,AWL-derived core,happening soon,adjective,forthcoming + noun; be forthcoming,"The forthcoming report will include results from the second year of the study, so the team could interpret the evidence with less uncertainty.",forthcoming report; forthcoming publication,Use forthcoming before a noun or after a linking verb; do not use it as an adverb without the correct form.,"forthcoming means happening soon. By contrast, annual means happening once a year.",professional and academic; often useful in careful speech and writing,"IPA (stress shown separately): /fɔrθkʌmɪŋ/ Stress syllable 1 of 3. Keep /ɪ/ short and relaxed, as in sit. Keep the final /ŋ/ audible.",general academic and professional,C1,v0238-s1
v0239,foundation,,academic/professional word,AWL-derived core,a basic principle or structure on which something is built,noun,foundation for/of + noun,"Trust is the foundation of an effective partnership, which gave the people involved a clearer basis for the next step.",strong foundation; theoretical foundation,Check whether foundation is countable in this meaning before adding “a” or a plural ending.,"foundation means a basic principle or structure on which something is built. By contrast, principle means a basic generalization that is accepted as true.",professional and academic; often useful in careful speech and writing,IPA (stress shown separately): /faʊndeɪʃən/ Stress syllable 2 of 3. Use a clear /ʃ/ “sh” sound. Keep the final /n/ audible.,general academic and professional,C1,v0239-s1
v0240,found,founded,academic/professional word,AWL-derived core,to establish an organization or institution,verb,found + noun; be found by/in,"The nonprofit was founded by a group of local educators, which gave the people involved a clearer basis for the next step.",found an organization; found in,This is an inflected verb form. Do not put “to” directly before it; use the base form after “to.”,"found means to establish an organization or institution. By contrast, establish means to create, set, or demonstrate something clearly.",professional and academic; often useful in careful speech and writing,IPA (stress shown separately): /faʊnd/ Stress syllable 1 of 1. Keep the final /d/ audible.,general academic and professional,B2,v0240-s1
v0241,framework,,academic/professional word,AWL-derived core,an outline or basic description of a complex process,noun,framework for + noun/gerund,"The framework connects learning goals, activities, and assessments, so the class could connect the idea to the next activity.",conceptual framework; analytical framework,Check whether framework is countable in this meaning before adding “a” or a plural ending.,"framework means an outline or basic description of a complex process. By contrast, theory means an organized system of accepted knowledge.",academic and professional; also useful in formal explanations,"IPA (stress shown separately): /freɪmwɝk/ Stress syllable 1 of 2. For /w/, round the lips; do not touch the teeth. Keep the final /k/ audible.",STEM and technology,B2,v0241-s1
v0242,function,,academic/professional word,AWL-derived core,"the purpose of something, or the duty of a person",noun,function of + object; function is to + verb,"The function of the sensor is to detect changes in pressure, which gave the people involved a clearer basis for the next step.",primary function; mathematical function,Check whether function is countable in this meaning before adding “a” or a plural ending.,"function means the purpose of something, or the duty of a person. By contrast, incentive means something that encourages or motivates a person to do.",professional and academic; often useful in careful speech and writing,IPA (stress shown separately): /fʌŋkʃən/ Stress syllable 1 of 2. Use a clear /ʃ/ “sh” sound. Keep the final /n/ audible.,general academic and professional,C1,v0242-s1
v0243,fundamental,,academic/professional word,AWL-derived core,"basic, central, or more important than anything else",adjective,fundamental + noun; be fundamental to + noun,"Measurement is a fundamental part of scientific investigation, which reduced uncertainty about whether the first result was reliable.",fundamental principle; fundamental to,Use fundamental before a noun or after a linking verb; do not use it as an adverb without the correct form.,"fundamental means basic, central, or more important than anything else. By contrast, radical means fundamental or extreme.",professional and academic; often useful in careful speech and writing,IPA (stress shown separately): /fʌndəmɛntəl/ Stress syllable 3 of 4. Keep the final /l/ audible.,general academic and professional,C1,v0243-s1
v0244,fund,funds,academic/professional word,AWL-derived core,money available for a specific purpose,noun,fund for + purpose,"The grant provides funds for teacher training and equipment, so decision makers could see how the available resources would support the stated goal.",public fund; allocate fund,Check whether fund is countable in this meaning before adding “a” or a plural ending.,"fund means money available for a specific purpose. By contrast, allocation means a share of something for a specific purpose.",professional and academic; often useful in careful speech and writing,IPA (stress shown separately): /fʌnd/ Stress syllable 1 of 1. Keep the final /d/ audible.,general academic and professional,C1,v0244-s1
v0245,furthermore,,academic/professional word,AWL-derived core,in addition,adverb,"furthermore, + clause","The proposal is affordable; furthermore, it can be implemented quickly.","furthermore,; and furthermore",Check sentence position and punctuation; many sentence adverbs take a comma when they introduce a clause.,"furthermore means in addition. By contrast, hence means therefore, this is the reason why.",professional and academic; often useful in careful speech and writing,IPA (stress shown separately): /fɝðɚmɔr/ Stress syllable 1 of 3. Keep the final /r/ audible.,general academic and professional,B2,v0245-s1
v0246,gender,,academic/professional word,AWL-derived core,condition of being male of female,noun,gender of + person; differences by gender,"The survey asks participants to report their gender voluntarily, which reduced the chance that readers would misinterpret the message.",gender identity; gender differences,Check whether gender is countable in this meaning before adding “a” or a plural ending.,"gender means condition of being male of female. By contrast, sex means the state of being either female or male.",professional and academic; often useful in careful speech and writing,"IPA (stress shown separately): /dʒɛndɚ/ Stress syllable 1 of 2. Use /dʒ/ “j,” as in job.",general academic and professional,B2,v0246-s1
v0247,generate,generated,academic/professional word,AWL-derived core,to produce or cause something to exist,verb,generate + noun,The simulation generated results that matched the observed pattern.,generate data; generate interest,This is an inflected verb form. Do not put “to” directly before it; use the base form after “to.”,"generate means to produce or cause something to exist. By contrast, attribute means to identify something as the cause of a result.",professional and academic; often useful in careful speech and writing,"IPA (stress shown separately): /dʒɛnɚeɪt/ Stress syllable 1 of 3. Use /dʒ/ “j,” as in job. Keep the final /t/ audible.",cause and effect,C1,v0247-s1
v0248,generation,,academic/professional word,AWL-derived core,"the production of energy, data, or another output",noun,generation of + people/energy,"The current generation of students has grown up with mobile technology, so the class could connect the idea to the next activity.",younger generation; energy generation,Check whether generation is countable in this meaning before adding “a” or a plural ending.,"generation means the production of energy, data, or another output. By contrast, energy means power or ability to be physically or mentally active.",academic and professional; also useful in formal explanations,"IPA (stress shown separately): /dʒɛnɚeɪʃən/ Stress syllable 3 of 4. Use a clear /ʃ/ “sh” sound. Use /dʒ/ “j,” as in job. Keep the final /n/ audible.",STEM and technology,C1,v0248-s1
v0249,global,,academic/professional word,AWL-derived core,relating to the whole world,adjective,global + noun,"The lesson connects local water use to global environmental trends, so the class could connect the idea to the next activity.",global issue; global economy,Use global before a noun or after a linking verb; do not use it as an adverb without the correct form.,"global means relating to the whole world. By contrast, specific means relating to one thing and not others.",professional and academic; often useful in careful speech and writing,"IPA (stress shown separately): /ɡloʊbəl/ Stress syllable 1 of 2. For /b/, close both lips completely. Keep the final /l/ audible.",general academic and professional,C1,v0249-s1
v0250,goal,goals,academic/professional word,AWL-derived core,"aims, purposes or targets",noun,goal for + period; goal of + gerund,"The team set measurable goals for the next semester, which helped the manager assign the next responsibility accurately.",learning goal; long-term goal,Check whether goal is countable in this meaning before adding “a” or a plural ending.,"goal means aims, purposes or targets. By contrast, roadmap means a high-level plan showing major goals and stages.",professional and academic; often useful in careful speech and writing,IPA (stress shown separately): /ɡoʊl/ Stress syllable 1 of 1. Keep the final /l/ audible.,planning and projects,B2,v0250-s1
v0251,grade,,academic/professional word,AWL-derived core,"to classify things or people by quality, rank or level",verb,grade + noun + with/by + standard,"The teacher graded the explanations with a common rubric, which made the learning task more accessible while preserving the same academic goal.",grade an assignment; grade according to,Do not use grade as a noun without changing its form; also check the required preposition or object.,"grade means to classify things or people by quality, rank or level. By contrast, differentiate means to adjust instruction or support for different learner needs.",professional and academic; often useful in careful speech and writing,IPA (stress shown separately): /ɡreɪd/ Stress syllable 1 of 1. Keep the final /d/ audible.,education,B2,v0251-s1
v0252,grant,granted,academic/professional word,AWL-derived core,to officially give or allow something,verb,grant + person + noun; grant + noun + to + person,"The committee granted the research team access to the records, which gave the reviewers a clearer basis for evaluating the conclusion.",grant permission; be grant access,This is an inflected verb form. Do not put “to” directly before it; use the base form after “to.”,"grant means to officially give or allow something. By contrast, assign means to give a person a particular task or role.",professional and academic; often useful in careful speech and writing,IPA (stress shown separately): /ɡrænt/ Stress syllable 1 of 1. Keep the final /t/ audible.,general academic and professional,C1,v0252-s1
v0253,guarantee,,academic/professional word,AWL-derived core,to promise or make certain,verb,guarantee + noun; guarantee that + clause,"A strong correlation does not guarantee a causal relationship, so the reader could understand the intended relationship without guessing.",guarantee success; guarantee that,Do not use guarantee as a noun without changing its form; also check the required preposition or object.,"guarantee means to promise or make certain. By contrast, ensure means to make certain that something will happen.",professional and academic; often useful in careful speech and writing,IPA (stress shown separately): /ɡɛrənti/ Stress syllable 3 of 3.,general academic and professional,C1,v0253-s1
v0254,guidelines,,academic/professional word,AWL-derived core,information to aid or advise people about something,noun,guidelines for + noun/gerund,"The department issued guidelines for the responsible use of artificial intelligence, which gave employees a shared standard for deciding what uses were acceptable.",official guidelines; follow guidelines,Check whether guidelines is countable in this meaning before adding “a” or a plural ending.,"guidelines means information to aid or advise people about something. By contrast, follow-through means the act of completing the actions promised or started.",professional and academic; often useful in careful speech and writing,"IPA (stress shown separately): /ɡaɪdlaɪnz/ Stress syllable 1 of 2. Let /aɪ/ glide smoothly, as in my. Keep the final /z/ audible.",general academic and professional,C1,v0254-s1
v0255,hence,,academic/professional word,AWL-derived core,"therefore, this is the reason why",adverb,"hence, + clause; hence + noun","The project cost increased; hence, the team reduced its scope.",hence the need; and hence,Check sentence position and punctuation; many sentence adverbs take a comma when they introduce a clause.,"hence means therefore, this is the reason why. By contrast, nevertheless means despite this, nonetheless, notwithstanding.",professional and academic; often useful in careful speech and writing,IPA (stress shown separately): /hɛns/ Stress syllable 1 of 1. Keep the final /s/ audible.,general academic and professional,B2,v0255-s1
v0256,hierarchical,,academic/professional word,AWL-derived core,classified by rank or grade,adjective,hierarchical + noun,"The organization uses a hierarchical structure with several levels of approval, which gave the teacher clearer information for the following lesson.",hierarchical system; hierarchical structure,Use hierarchical before a noun or after a linking verb; do not use it as an adverb without the correct form.,"hierarchical means classified by rank or grade. By contrast, classical means traditional, or belonging to ancient Rome or Greece.",professional and academic; often useful in careful speech and writing,"IPA (stress shown separately): /haɪrɑrkəkəl/ Stress syllable 2 of 4. Let /aɪ/ glide smoothly, as in my. Keep the final /l/ audible.",education,B2,v0256-s1
v0257,highlight,highlighted,academic/professional word,AWL-derived core,to emphasize something as especially important,verb,highlight + noun; highlight that + clause,"The report highlighted three barriers to implementation, so the audience could understand the intended point without guessing.",highlight a concern; highlight that,This is an inflected verb form. Do not put “to” directly before it; use the base form after “to.”,"highlight means to emphasize something as especially important. By contrast, diminish means to become smaller, weaker, or less important.",professional and academic; often useful in careful speech and writing,"IPA (stress shown separately): /haɪlaɪt/ Stress syllable 1 of 2. Let /aɪ/ glide smoothly, as in my. Keep the final /t/ audible.",general academic and professional,C1,v0257-s1
v0258,hypothesis,,academic/professional word,AWL-derived core,an idea based on observation but not yet proven,noun,hypothesis that + clause; hypothesis about + noun,"The class tested the hypothesis by changing one variable at a time, so the class could connect the idea to the next activity.",test a hypothesis; support a hypothesis,Check whether hypothesis is countable in this meaning before adding “a” or a plural ending.,"hypothesis means an idea based on observation but not yet proven. By contrast, conclusion means an opinion one reaches after careful consideration.",academic and professional; also useful in formal explanations,"IPA (stress shown separately): /haɪpɑθəsəs/ Stress syllable 2 of 4. Let /aɪ/ glide smoothly, as in my. Keep the final /s/ audible.",evidence,C1,v0258-s1
v0259,identical,,academic/professional word,AWL-derived core,the same in every way,adjective,be identical to + noun; identical + noun,"The two samples were identical in size and composition, so the reader could understand the intended relationship without guessing.",identical results; identical to,Use identical before a noun or after a linking verb; do not use it as an adverb without the correct form.,"identical means the same in every way. By contrast, consistent means in agreement with expectations or other facts.",professional and academic; often useful in careful speech and writing,"IPA (stress shown separately): /aɪdɛntɪkəl/ Stress syllable 2 of 4. Keep /ɪ/ short and relaxed, as in sit. Let /aɪ/ glide smoothly, as in my. Keep the final /l/ audible.",general academic and professional,C1,v0259-s1
v0260,identify,identified,academic/professional word,AWL-derived core,to recognize and name something,verb,identify + noun; identify X as Y,"The assessment identified several common misconceptions, so the reader could understand the intended relationship without guessing.",identify a problem; identify as,This is an inflected verb form. Do not put “to” directly before it; use the base form after “to.”,"identify means to recognize and name something. By contrast, confirm means to show that information or a result is correct.",professional and academic; often useful in careful speech and writing,"IPA (stress shown separately): /aɪdɛntəfaɪ/ Stress syllable 2 of 4. Let /aɪ/ glide smoothly, as in my.",general academic and professional,B2,v0260-s1
v0261,ideology,,academic/professional word,AWL-derived core,system of beliefs or principles,noun,ideology of + group; ideology based on + belief,"The article examines how political ideology shapes policy preferences, so the people affected could understand the practical consequence.",political ideology; dominant ideology,Check whether ideology is countable in this meaning before adding “a” or a plural ending.,"ideology means system of beliefs or principles. By contrast, regime means a particular government or controlling group or system.",academic and professional; also useful in formal explanations,"IPA (stress shown separately): /aɪdiɑlədʒi/ Stress syllable 3 of 5. Use /dʒ/ “j,” as in job. Let /aɪ/ glide smoothly, as in my.",STEM and technology,B2,v0261-s1
v0262,ignore,ignored,academic/professional word,AWL-derived core,to give no attention to something,verb,ignore + noun,"The first analysis ignored differences in students’ prior preparation, which gave the teacher clearer information for the following lesson.",ignore a factor; largely ignore,This is an inflected verb form. Do not put “to” directly before it; use the base form after “to.”,"ignore means to give no attention to something. By contrast, stress means to give emphasis or special attention to something.",professional and academic; often useful in careful speech and writing,"IPA (stress shown separately): /ɪɡnɔr/ Stress syllable 2 of 2. Keep /ɪ/ short and relaxed, as in sit. Keep the final /r/ audible.",general academic and professional,C1,v0262-s1
v0263,illustrate,illustrated,academic/professional word,AWL-derived core,to make an idea clear by using an example or visual,verb,illustrate + noun; illustrate how + clause,The case study illustrated how the policy affected one rural school.,illustrate a concept; illustrate how,This is an inflected verb form. Do not put “to” directly before it; use the base form after “to.”,"illustrate means to make an idea clear by using an example or visual. By contrast, clarify means to make an idea or instruction easier to understand.",professional and academic; often useful in careful speech and writing,"IPA (stress shown separately): /ɪləstreɪt/ Stress syllable 1 of 3. Keep /ɪ/ short and relaxed, as in sit. Keep the final /t/ audible.",general academic and professional,C1,v0263-s1
v0264,image,,academic/professional word,AWL-derived core,a picture in the mind or formed by a mirror or lens,noun,image of + object; image in + source,"The microscope produced a clear image of the cell structure, which gave the people involved a clearer basis for the next step.",digital image; public image,Check whether image is countable in this meaning before adding “a” or a plural ending.,"image means a picture in the mind or formed by a mirror or lens. By contrast, vision means sight, mental image, or ability to anticipate the future.",professional and academic; often useful in careful speech and writing,"IPA (stress shown separately): /ɪmədʒ/ Stress syllable 1 of 2. Use /dʒ/ “j,” as in job. Keep /ɪ/ short and relaxed, as in sit. Keep the final /dʒ/ audible.",general academic and professional,C1,v0264-s1
v0265,immigration,,academic/professional word,AWL-derived core,the act of arriving at a country in order to live there,noun,immigration to/from + place,"The report analyzes recent changes in immigration patterns, which reduced the chance that readers would misinterpret the message.",immigration policy; legal immigration,Check whether immigration is countable in this meaning before adding “a” or a plural ending.,"immigration means the act of arriving at a country in order to live there. By contrast, region means a geographical or physical area.",professional and academic; often useful in careful speech and writing,"IPA (stress shown separately): /ɪməɡreɪʃən/ Stress syllable 3 of 4. Use a clear /ʃ/ “sh” sound. Keep /ɪ/ short and relaxed, as in sit. Keep the final /n/ audible.",general academic and professional,B2,v0265-s1
v0266,impact,,academic/professional word,AWL-derived core,a powerful effect that something has on a situation,noun,impact of + noun; impact on + outcome,"The evaluation measured the impact of tutoring on course completion, so school leaders could compare the immediate result with the program’s longer-term effect.",significant impact; environmental impact,Check whether impact is countable in this meaning before adding “a” or a plural ending.,"impact means a powerful effect that something has on a situation. By contrast, outcome means the end results or consequences of a particular event.",professional and academic; often useful in careful speech and writing,"IPA (stress shown separately): /ɪmpækt/ Stress syllable 1 of 2. Keep /ɪ/ short and relaxed, as in sit. Keep the final /t/ audible.",cause and effect,B2,v0266-s1
v0267,implementation,,academic/professional word,AWL-derived core,"the realization of a plan, idea or policy",noun,implementation of + plan,"Successful implementation requires training, resources, and clear responsibilities, so the group could make the next decision with clearer information.",policy implementation; implementation plan,Check whether implementation is countable in this meaning before adding “a” or a plural ending.,"implementation means the realization of a plan, idea or policy. By contrast, policy means an established practice or plan of what to do.",professional and academic; often useful in careful speech and writing,"IPA (stress shown separately): /ɪmpləmɛnteɪʃən/ Stress syllable 4 of 5. Use a clear /ʃ/ “sh” sound. Keep /ɪ/ short and relaxed, as in sit. Keep the final /n/ audible.",planning and projects,C1,v0267-s1
v0268,implication,implications,academic/professional word,AWL-derived core,the possible consequences an event may bring,noun,implication for + field; implication of + finding,"The findings have important implications for classroom practice, which gave the teacher clearer information for the following lesson.",practical implication; broader implication,Check whether implication is countable in this meaning before adding “a” or a plural ending.,"implication means the possible consequences an event may bring. By contrast, hypothesis means an idea based on observation but not yet proven.",professional and academic; often useful in careful speech and writing,"IPA (stress shown separately): /ɪmpləkeɪʃən/ Stress syllable 3 of 4. Use a clear /ʃ/ “sh” sound. Keep /ɪ/ short and relaxed, as in sit. Keep the final /n/ audible.",cause and effect,C1,v0268-s1
v0269,implicit,,academic/professional word,AWL-derived core,understood without being said,adjective,implicit + noun; be implicit in + noun,"The author’s criticism was implicit rather than directly stated, so the audience could understand the intended point without guessing.",implicit assumption; implicit in,Use implicit before a noun or after a linking verb; do not use it as an adverb without the correct form.,"implicit means understood without being said. By contrast, underlying means fundamental, implicit but not obvious, prior.",professional and academic; often useful in careful speech and writing,"IPA (stress shown separately): /ɪmplɪsət/ Stress syllable 2 of 3. Keep /ɪ/ short and relaxed, as in sit. Keep the final /t/ audible.",general academic and professional,C1,v0269-s1
v0270,imply,implies,academic/professional word,AWL-derived core,to suggest something without stating it directly,verb,subject + imply + noun/that-clause,"A rising average implies improvement, but it does not prove that every student improved.",imply that; evidence imply,Do not use imply as a noun without changing its form; also check the required preposition or object.,"imply means to suggest something without stating it directly. By contrast, infer means to reach a conclusion from evidence rather than a direct statement.",professional and academic; often useful in careful speech and writing,"IPA (stress shown separately): /ɪmplaɪ/ Stress syllable 2 of 2. Keep /ɪ/ short and relaxed, as in sit. Let /aɪ/ glide smoothly, as in my.",general academic and professional,B2,v0270-s1
v0271,impose,imposed,academic/professional word,AWL-derived core,"to force a rule, requirement, or burden on someone",verb,impose + noun + on + person/group,"The funding agreement imposed strict reporting requirements, so decision makers could see how the available resources would support the stated goal.",impose a limit; impose X on Y,This is an inflected verb form. Do not put “to” directly before it; use the base form after “to.”,"impose means to force a rule, requirement, or burden on someone. By contrast, levy means to impose or collect a tax.",professional and academic; often useful in careful speech and writing,"IPA (stress shown separately): /ɪmpoʊz/ Stress syllable 2 of 2. Keep /ɪ/ short and relaxed, as in sit. Keep the final /z/ audible.",general academic and professional,B2,v0271-s1
v0272,incentive,,academic/professional word,AWL-derived core,something that encourages or motivates a person to do,noun,incentive to + verb; incentive for + noun,"The scholarship provides an incentive for students to complete the program, so the class could connect the idea to the next activity.",financial incentive; strong incentive,Check whether incentive is countable in this meaning before adding “a” or a plural ending.,"incentive means something that encourages or motivates a person to do. By contrast, assistance means an act of helping to complete a task.",professional and academic; often useful in careful speech and writing,"IPA (stress shown separately): /ɪnsɛntɪv/ Stress syllable 2 of 3. For /v/, touch the upper teeth to the lower lip; do not replace it with /b/. Keep /ɪ/ short and relaxed, as in sit. Keep the final /v/ audible.",general academic and professional,C1,v0272-s1
v0273,incidence,,academic/professional word,AWL-derived core,occurrence or rate of occurrence of something,noun,incidence of + condition,"The study measured the incidence of respiratory illness among workers, which gave the reviewers a clearer basis for evaluating the conclusion.",high incidence; incidence rate,Check whether incidence is countable in this meaning before adding “a” or a plural ending.,"incidence means occurrence or rate of occurrence of something. By contrast, instance means an occurrence of something.",professional and academic; often useful in careful speech and writing,"IPA (stress shown separately): /ɪnsədəns/ Stress syllable 1 of 3. Keep /ɪ/ short and relaxed, as in sit. Keep the final /s/ audible.",general academic and professional,C1,v0273-s1
v0274,inclination,,academic/professional word,AWL-derived core,"slope, or the way a person feels about something",noun,inclination to + verb; inclination toward + noun,"She had an inclination to accept the proposal, but she requested more evidence first.",natural inclination; inclination to,Check whether inclination is countable in this meaning before adding “a” or a plural ending.,"inclination means slope, or the way a person feels about something. By contrast, phenomenon means something unusual or amazing which can be sensed.",professional and academic; often useful in careful speech and writing,"IPA (stress shown separately): /ɪnkləneɪʃən/ Stress syllable 3 of 4. Use a clear /ʃ/ “sh” sound. Keep /ɪ/ short and relaxed, as in sit. Keep the final /n/ audible.",general academic and professional,C1,v0274-s1
v0275,income,,academic/professional word,AWL-derived core,money earned by doing work or gained by investing,noun,income from + source,"The survey compares household income with access to health care, which helped the manager assign the next responsibility accurately.",annual income; household income,Check whether income is countable in this meaning before adding “a” or a plural ending.,"income means money earned by doing work or gained by investing. By contrast, conference means a meeting or event with talks about a specific subject.",professional and academic; often useful in careful speech and writing,"IPA (stress shown separately): /ɪnkʌm/ Stress syllable 1 of 2. Keep /ɪ/ short and relaxed, as in sit. Keep the final /m/ audible.",workplace and leadership,B2,v0275-s1
v0276,incompatible,,academic/professional word,AWL-derived core,unable to exist or work together effectively,adjective,be incompatible with + noun,"The two software versions are incompatible with each other, which gave the reviewers a clearer basis for evaluating the conclusion.",incompatible systems; incompatible with,Use incompatible before a noun or after a linking verb; do not use it as an adverb without the correct form.,"incompatible means unable to exist or work together effectively. By contrast, equivalent means being equal to or effectively the same as.",professional and academic; often useful in careful speech and writing,"IPA (stress shown separately): /ɪnkəmpætəbəl/ Stress syllable 3 of 5. For /b/, close both lips completely. Keep /ɪ/ short and relaxed, as in sit. Keep the final /l/ audible.",cause and effect,B2,v0276-s1
v0277,incorporate,incorporated,academic/professional word,AWL-derived core,to include something as part of a larger whole,verb,incorporate + noun + into + noun,"The revised lesson incorporated student feedback and additional examples, which gave the teacher clearer information for the following lesson.",incorporate feedback; incorporate X into Y,This is an inflected verb form. Do not put “to” directly before it; use the base form after “to.”,"incorporate means to include something as part of a larger whole. By contrast, comprise means to include or consist of.",professional and academic; often useful in careful speech and writing,"IPA (stress shown separately): /ɪnkɔrpɚeɪt/ Stress syllable 2 of 4. Keep /ɪ/ short and relaxed, as in sit. Keep the final /t/ audible.",general academic and professional,C1,v0277-s1
v0278,index,,academic/professional word,AWL-derived core,a numerical scale or organized reference list,noun,index of + items; index for + publication,"Use the index to locate every reference to statistical significance, so the reader could understand the intended relationship without guessing.",price index; subject index,Check whether index is countable in this meaning before adding “a” or a plural ending.,"index means a numerical scale or organized reference list. By contrast, fluctuation means irregular variations, or rises and falls.",professional and academic; often useful in careful speech and writing,"IPA (stress shown separately): /ɪndɛks/ Stress syllable 1 of 2. Keep /ɪ/ short and relaxed, as in sit. Keep the final /s/ audible.",general academic and professional,C1,v0278-s1
v0279,indicate,,academic/professional word,AWL-derived core,"to show, point out, or make clear",verb,indicate + noun; indicate that + clause,The results indicate that the intervention may be helping some students.,indicate a trend; indicate that,Do not use indicate as a noun without changing its form; also check the required preposition or object.,"indicate means to show, point out, or make clear. By contrast, imply means to suggest something without stating it directly.",professional and academic; often useful in careful speech and writing,"IPA (stress shown separately): /ɪndəkeɪt/ Stress syllable 1 of 3. Keep /ɪ/ short and relaxed, as in sit. Keep the final /t/ audible.",general academic and professional,C1,v0279-s1
v0280,individual,,academic/professional word,AWL-derived core,a single person or thing when compared to a group,noun,individual in + group,"Each individual completed the survey independently, which gave the people involved a clearer basis for the next step.",single individual; individual participant,Check whether individual is countable in this meaning before adding “a” or a plural ending.,"individual means a single person or thing when compared to a group. By contrast, paragraph means group of sentences which discuss a single topic.",professional and academic; often useful in careful speech and writing,"IPA (stress shown separately): /ɪndəvɪdʒəwəl/ Stress syllable 3 of 5. Use /dʒ/ “j,” as in job. For /v/, touch the upper teeth to the lower lip; do not replace it with /b/. For /w/, round the lips; do not touch the teeth. Keep /ɪ/ short and relaxed, as in sit.",general academic and professional,B2,v0280-s1
v0281,induce,induced,academic/professional word,AWL-derived core,to cause something to happen,verb,induce + noun; be induce by + noun,"The magnetic field induced a small electric current in the wire, which gave the reviewers a clearer basis for evaluating the conclusion.",induce a response; induce by,This is an inflected verb form. Do not put “to” directly before it; use the base form after “to.”,"induce means to cause something to happen. By contrast, trigger means cause, or set off an action or series of actions.",professional and academic; often useful in careful speech and writing,"IPA (stress shown separately): /ɪndus/ Stress syllable 2 of 2. Keep /ɪ/ short and relaxed, as in sit. Keep the final /s/ audible.",cause and effect,B2,v0281-s1
v0282,inevitably,,academic/professional word,AWL-derived core,"as expected, or in a way that can not be avoided",adverb,inevitably + verb,"Without regular maintenance, the equipment will inevitably fail, so the reader could understand the intended relationship without guessing.",inevitably lead to; almost inevitably,Check sentence position and punctuation; many sentence adverbs take a comma when they introduce a clause.,"inevitably means as expected, or in a way that can not be avoided. By contrast, conversely means in the opposite way, on the other hand.",professional and academic; often useful in careful speech and writing,"IPA (stress shown separately): /ɪnɛvətəbli/ Stress syllable 2 of 5. For /v/, touch the upper teeth to the lower lip; do not replace it with /b/. For /b/, close both lips completely. Keep short /ɪ/ distinct from long /i/.",general academic and professional,C1,v0282-s1
v0283,infer,inferred,academic/professional word,AWL-derived core,to reach a conclusion from evidence rather than a direct statement,verb,infer + noun + from + evidence; infer that,"The researchers inferred the likely cause from the pattern in the data, so the team could interpret the evidence with less uncertainty.",infer X from Y; infer that,This is an inflected verb form. Do not put “to” directly before it; use the base form after “to.”,"infer means to reach a conclusion from evidence rather than a direct statement. By contrast, imply means to suggest something without stating it directly.",academic and professional; also useful in formal explanations,"IPA (stress shown separately): /ɪnfɝ/ Stress syllable 2 of 2. Keep /ɪ/ short and relaxed, as in sit.",evidence,C1,v0283-s1
v0284,infrastructure,,academic/professional word,AWL-derived core,the basic systems and resources needed for an organization or society to function,noun,infrastructure for + system,"Reliable digital infrastructure is necessary for online learning, which gave the teacher clearer information for the following lesson.",public infrastructure; technology infrastructure,Check whether infrastructure is countable in this meaning before adding “a” or a plural ending.,"infrastructure means the basic systems and resources needed for an organization or society to function. By contrast, administration means a method of managing the affairs of an organization.",academic and professional; also useful in formal explanations,"IPA (stress shown separately): /ɪnfrəstrʌktʃɚ/ Stress syllable 3 of 4. Use a crisp /tʃ/ “ch” sound. Keep /ɪ/ short and relaxed, as in sit.",STEM and technology,C1,v0284-s1
v0285,inherent,,academic/professional word,AWL-derived core,existing as a natural and basic part of something,adjective,inherent + noun; be inherent in + noun,"Some uncertainty is inherent in any prediction about future behavior, so the reader could understand the intended relationship without guessing.",inherent risk; inherent in,Use inherent before a noun or after a linking verb; do not use it as an adverb without the correct form.,"inherent means existing as a natural and basic part of something. By contrast, previous means occurring or existing before something or someone else.",professional and academic; often useful in careful speech and writing,"IPA (stress shown separately): /ɪnhɪrənt/ Stress syllable 2 of 3. Keep /ɪ/ short and relaxed, as in sit. Keep the final /t/ audible.",general academic and professional,B2,v0285-s1
v0286,inhibition,,academic/professional word,AWL-derived core,"the process of slowing down, restraining, or stopping",noun,inhibition of + process; inhibition against + action,Fear of making mistakes can create an inhibition that limits speaking practice.,social inhibition; inhibition of,Check whether inhibition is countable in this meaning before adding “a” or a plural ending.,"inhibition means the process of slowing down, restraining, or stopping. By contrast, bottleneck means a point in a process that slows everything else down.",academic and professional; also useful in formal explanations,"IPA (stress shown separately): /ɪnhəbɪʃən/ Stress syllable 3 of 4. Use a clear /ʃ/ “sh” sound. For /b/, close both lips completely. Keep /ɪ/ short and relaxed, as in sit. Keep the final /n/ audible.",STEM and technology,B2,v0286-s1
v0287,initial,,academic/professional word,AWL-derived core,existing or occurring at the beginning,adjective,initial + noun,"The initial results were promising, but the sample was too small for a firm conclusion.",initial result; initial stage,Use initial before a noun or after a linking verb; do not use it as an adverb without the correct form.,"initial means existing or occurring at the beginning. By contrast, previous means occurring or existing before something or someone else.",professional and academic; often useful in careful speech and writing,"IPA (stress shown separately): /ɪnɪʃəl/ Stress syllable 2 of 3. Use a clear /ʃ/ “sh” sound. Keep /ɪ/ short and relaxed, as in sit. Keep the final /l/ audible.",general academic and professional,C1,v0287-s1
v0288,initiative,initiatives,academic/professional word,AWL-derived core,introductory steps,noun,initiative to + verb; initiative for + goal,"The district launched several initiatives to improve graduation rates, which gave the teacher clearer information for the following lesson.",strategic initiative; new initiative,Check whether initiative is countable in this meaning before adding “a” or a plural ending.,"initiative means introductory steps. By contrast, vision means sight, mental image, or ability to anticipate the future.",professional and academic; often useful in careful speech and writing,"IPA (stress shown separately): /ɪnɪʃətɪv/ Stress syllable 2 of 4. Use a clear /ʃ/ “sh” sound. For /v/, touch the upper teeth to the lower lip; do not replace it with /b/. Keep /ɪ/ short and relaxed, as in sit. Keep the final /v/ audible.",general academic and professional,C1,v0288-s1
v0289,injury,,academic/professional word,AWL-derived core,damage to a person's body after an accident or attack,noun,injury to + body part; injury from + cause,"The safety procedure reduces the risk of eye injury, so the reader could understand the intended relationship without guessing.",serious injury; prevent injury,Check whether injury is countable in this meaning before adding “a” or a plural ending.,"injury means damage to a person's body after an accident or attack. By contrast, compensation means money received for the loss or damage of something.",professional and academic; often useful in careful speech and writing,"IPA (stress shown separately): /ɪndʒɚi/ Stress syllable 1 of 3. Use /dʒ/ “j,” as in job. Keep short /ɪ/ distinct from long /i/.",general academic and professional,C1,v0289-s1
v0290,innovation,,academic/professional word,AWL-derived core,invention or new idea or way of doing something,noun,innovation in + field,"The grant supports innovation in STEM teaching, which allowed leaders to direct limited resources toward the highest-priority work.",technological innovation; encourage innovation,Check whether innovation is countable in this meaning before adding “a” or a plural ending.,"innovation means invention or new idea or way of doing something. By contrast, convention means an accepted way of doing something.",professional and academic; often useful in careful speech and writing,"IPA (stress shown separately): /ɪnəveɪʃən/ Stress syllable 3 of 4. Use a clear /ʃ/ “sh” sound. For /v/, touch the upper teeth to the lower lip; do not replace it with /b/. Keep /ɪ/ short and relaxed, as in sit. Keep the final /n/ audible.",general academic and professional,B2,v0290-s1
v0291,input,,academic/professional word,AWL-derived core,"contribution, or something that goes into a process",noun,input from + person; input on + issue,"The committee requested input from teachers before revising the policy, which gave the teacher clearer information for the following lesson.",stakeholder input; provide input,Check whether input is countable in this meaning before adding “a” or a plural ending.,"input means contribution, or something that goes into a process. By contrast, role means a function or part performed in a specific process.",academic and professional; also useful in formal explanations,"IPA (stress shown separately): /ɪnpʊt/ Stress syllable 1 of 2. Keep /ɪ/ short and relaxed, as in sit. Keep the final /t/ audible.",STEM and technology,B2,v0291-s1
v0292,insert,,academic/professional word,AWL-derived core,to put something into something else,verb,insert + noun + into + noun,Insert the table after the paragraph that explains the method.,insert X into Y; insert a comment,Do not use insert as a noun without changing its form; also check the required preposition or object.,"insert means to put something into something else. By contrast, couple means to link together.",professional and academic; often useful in careful speech and writing,"IPA (stress shown separately): /ɪnsɝt/ Stress syllable 2 of 2. Keep /ɪ/ short and relaxed, as in sit. Keep the final /t/ audible.",general academic and professional,C1,v0292-s1
v0293,insights,,academic/professional word,AWL-derived core,discoveries or clear understandings of a complex issue,noun,insights into + topic,"Student interviews provided insights into why participation declined, which gave the teacher clearer information for the following lesson.",valuable insights; gain insight,Check whether insights is countable in this meaning before adding “a” or a plural ending.,"insights means discoveries or clear understandings of a complex issue. By contrast, insight means a clear and useful understanding of a complex situation.",professional and academic; often useful in careful speech and writing,"IPA (stress shown separately): /ɪnsaɪts/ Stress syllable 1 of 2. Keep /ɪ/ short and relaxed, as in sit. Let /aɪ/ glide smoothly, as in my. Keep the final /s/ audible.",general academic and professional,C1,v0293-s1
v0294,inspection,,academic/professional word,AWL-derived core,careful or critical viewing or examination,noun,inspection of + place/object,A routine inspection found that one emergency exit was blocked.,safety inspection; conduct an inspection,Check whether inspection is countable in this meaning before adding “a” or a plural ending.,"inspection means careful or critical viewing or examination. By contrast, location means place, position or coordinates of something.",professional and academic; often useful in careful speech and writing,"IPA (stress shown separately): /ɪnspɛkʃən/ Stress syllable 2 of 3. Use a clear /ʃ/ “sh” sound. Keep /ɪ/ short and relaxed, as in sit. Keep the final /n/ audible.",general academic and professional,C1,v0294-s1
v0295,instance,,academic/professional word,AWL-derived core,an occurrence of something,noun,instance of + noun,"This case is one instance of a broader pattern, so the reader could understand the intended relationship without guessing.",for instance; rare instance,Check whether instance is countable in this meaning before adding “a” or a plural ending.,"instance means an occurrence of something. By contrast, incidence means occurrence or rate of occurrence of something.",professional and academic; often useful in careful speech and writing,"IPA (stress shown separately): /ɪnstəns/ Stress syllable 1 of 2. Keep /ɪ/ short and relaxed, as in sit. Keep the final /s/ audible.",general academic and professional,B2,v0295-s1
v0296,institute,,academic/professional word,AWL-derived core,an organization that does scientific or educational work,noun,institute for + field,"The research institute studies water use in arid regions, so the team could interpret the evidence with less uncertainty.",research institute; educational institute,Check whether institute is countable in this meaning before adding “a” or a plural ending.,"institute means an organization that does scientific or educational work. By contrast, coordination means the organization of people or activities so they work together effectively.",professional and academic; often useful in careful speech and writing,"IPA (stress shown separately): /ɪnstətut/ Stress syllable 1 of 3. Keep /ɪ/ short and relaxed, as in sit. Keep the final /t/ audible.",workplace and leadership,B2,v0296-s1
v0297,instruction,instructions,academic/professional word,AWL-derived core,information about how to do something,noun,instruction for + task; instruction to + verb,"Read the instructions carefully before starting the experiment, so the team could interpret the evidence with less uncertainty.",clear instruction; follow instruction,Check whether instruction is countable in this meaning before adding “a” or a plural ending.,"instruction means information about how to do something. By contrast, follow-through means the act of completing the actions promised or started.",professional and academic; often useful in careful speech and writing,"IPA (stress shown separately): /ɪnstrʌkʃən/ Stress syllable 2 of 3. Use a clear /ʃ/ “sh” sound. Keep /ɪ/ short and relaxed, as in sit. Keep the final /n/ audible.",general academic and professional,C1,v0297-s1
v0298,integral,,academic/professional word,AWL-derived core,necessary or important to complete a whole,adjective,integral + noun; be integral to + noun,"Regular feedback is integral to the learning process, so the class could connect the idea to the next activity.",integral part; integral to,Use integral before a noun or after a linking verb; do not use it as an adverb without the correct form.,"integral means necessary or important to complete a whole. By contrast, primary means more important than anything else.",professional and academic; often useful in careful speech and writing,"IPA (stress shown separately): /ɪntəɡrəl/ Stress syllable 1 of 3. Keep /ɪ/ short and relaxed, as in sit. Keep the final /l/ audible.",general academic and professional,C1,v0298-s1
v0299,integration,,academic/professional word,AWL-derived core,to combine two or more things into a coherent whole,noun,integration of + things; integration into + system,"The integration of technology into the lesson improved access to data, so the class could connect the idea to the next activity.",system integration; integration into,Check whether integration is countable in this meaning before adding “a” or a plural ending.,"integration means to combine two or more things into a coherent whole. By contrast, coherence means logical consistency, or integration of parts.",professional and academic; often useful in careful speech and writing,"IPA (stress shown separately): /ɪntəɡreɪʃən/ Stress syllable 3 of 4. Use a clear /ʃ/ “sh” sound. Keep /ɪ/ short and relaxed, as in sit. Keep the final /n/ audible.",general academic and professional,C1,v0299-s1
v0300,integrity,,academic/professional word,AWL-derived core,honesty and strong ethical principles,noun,integrity of + person/system,"Researchers must protect the integrity of the data, so the team could interpret the evidence with less uncertainty.",academic integrity; structural integrity,Check whether integrity is countable in this meaning before adding “a” or a plural ending.,"integrity means honesty and strong ethical principles. By contrast, text means the words printed on a page other than the headings.",professional and academic; often useful in careful speech and writing,IPA (stress shown separately): /ɪntɛɡrəti/ Stress syllable 2 of 4. Keep short /ɪ/ distinct from long /i/.,general academic and professional,B2,v0300-s1
v0301,intelligence,,academic/professional word,AWL-derived core,capacity to acquire and apply knowledge,noun,intelligence in + domain,"The discussion distinguishes intelligence from prior knowledge and test-taking skill, which gave the reviewers a clearer basis for evaluating the conclusion.",artificial intelligence; emotional intelligence,Check whether intelligence is countable in this meaning before adding “a” or a plural ending.,"intelligence means capacity to acquire and apply knowledge. By contrast, domain means an area of knowledge, activity, or responsibility.",professional and academic; often useful in careful speech and writing,"IPA (stress shown separately): /ɪntɛlədʒəns/ Stress syllable 2 of 4. Use /dʒ/ “j,” as in job. Keep /ɪ/ short and relaxed, as in sit. Keep the final /s/ audible.",general academic and professional,B2,v0301-s1
v0302,intensity,,academic/professional word,AWL-derived core,strength of concentration of something,noun,intensity of + force/feeling,"The intensity of the light decreased as the distance increased, so the reader could understand the intended relationship without guessing.",high intensity; intensity level,Check whether intensity is countable in this meaning before adding “a” or a plural ending.,"intensity means strength of concentration of something. By contrast, concentration means the ability to think or focus carefully about one thing.",professional and academic; often useful in careful speech and writing,IPA (stress shown separately): /ɪntɛnsəti/ Stress syllable 2 of 4. Keep short /ɪ/ distinct from long /i/.,general academic and professional,C1,v0302-s1
v0303,interaction,,academic/professional word,AWL-derived core,"communication, or the action of things on each other",noun,interaction between/among + people/things,"Small-group interaction gave every student a chance to speak, so the teacher could hear ideas from students who rarely volunteered in a large group.",social interaction; interaction between,Check whether interaction is countable in this meaning before adding “a” or a plural ending.,"interaction means communication, or the action of things on each other. By contrast, communication means the way living things send messages to each other.",professional and academic; often useful in careful speech and writing,"IPA (stress shown separately): /ɪntɚækʃən/ Stress syllable 3 of 4. Use a clear /ʃ/ “sh” sound. Keep /ɪ/ short and relaxed, as in sit. Keep the final /n/ audible.",communication,C1,v0303-s1
v0304,intermediate,,academic/professional word,AWL-derived core,between two extremes or in the middle,adjective,intermediate + noun,"The course is designed for students at an intermediate level, so the class could connect the idea to the next activity.",intermediate stage; intermediate level,Use intermediate before a noun or after a linking verb; do not use it as an adverb without the correct form.,"intermediate means between two extremes or in the middle. By contrast, initial means existing or occurring at the beginning.",professional and academic; often useful in careful speech and writing,IPA (stress shown separately): /ɪntɚmidiɪt/ Stress syllable 3 of 5. Keep short /ɪ/ distinct from long /i/. Keep the final /t/ audible.,general academic and professional,C1,v0304-s1
v0305,internal,,academic/professional word,AWL-derived core,relating to or existing inside,adjective,internal + noun,"An internal review identified several weaknesses in the procedure, which gave the people involved a clearer basis for the next step.",internal review; internal process,Use internal before a noun or after a linking verb; do not use it as an adverb without the correct form.,"internal means relating to or existing inside. By contrast, external means relating to or existing outside.",professional and academic; often useful in careful speech and writing,"IPA (stress shown separately): /ɪntɝnəl/ Stress syllable 2 of 3. Keep /ɪ/ short and relaxed, as in sit. Keep the final /l/ audible.",general academic and professional,B2,v0305-s1
v0306,interpretation,,academic/professional word,AWL-derived core,an explanation or opinion of what something means,noun,interpretation of + evidence/text,"The authors offered a cautious interpretation of the results, which gave the reviewers a clearer basis for evaluating the conclusion.",reasonable interpretation; data interpretation,Check whether interpretation is countable in this meaning before adding “a” or a plural ending.,"interpretation means an explanation or opinion of what something means. By contrast, evidence means one or more reasons for believing something.",academic and professional; also useful in formal explanations,"IPA (stress shown separately): /ɪntɝprɪteɪʃən/ Stress syllable 4 of 5. Use a clear /ʃ/ “sh” sound. Keep /ɪ/ short and relaxed, as in sit. Keep the final /n/ audible.",evidence,B2,v0306-s1
v0307,interval,,academic/professional word,AWL-derived core,a short period of time between one event and the next,noun,interval between + events; at + intervals,"The sensor recorded temperature at ten-second intervals, which gave the people involved a clearer basis for the next step.",time interval; confidence interval,Check whether interval is countable in this meaning before adding “a” or a plural ending.,"interval means a short period of time between one event and the next. By contrast, period means any length of time.",professional and academic; often useful in careful speech and writing,"IPA (stress shown separately): /ɪntɚvəl/ Stress syllable 1 of 3. For /v/, touch the upper teeth to the lower lip; do not replace it with /b/. Keep /ɪ/ short and relaxed, as in sit. Keep the final /l/ audible.",general academic and professional,C1,v0307-s1
v0308,intervention,,academic/professional word,AWL-derived core,become involved in a situation in order to improve it,noun,intervention for + problem; intervention in + situation,The reading intervention provided extra support to students who were behind.,early intervention; targeted intervention,Check whether intervention is countable in this meaning before adding “a” or a plural ending.,"intervention means become involved in a situation in order to improve it. By contrast, aspect means the parts of a problem, situation or task.",professional and academic; often useful in careful speech and writing,"IPA (stress shown separately): /ɪntɚvɛnʃən/ Stress syllable 3 of 4. Use a clear /ʃ/ “sh” sound. For /v/, touch the upper teeth to the lower lip; do not replace it with /b/. Keep /ɪ/ short and relaxed, as in sit. Keep the final /n/ audible.",general academic and professional,C1,v0308-s1
v0309,intrinsic,,academic/professional word,AWL-derived core,"basic and essential, or by itself",adjective,intrinsic + noun; be intrinsic to + noun,"Curiosity can provide intrinsic motivation for learning, so the class could connect the idea to the next activity.",intrinsic value; intrinsic to,Use intrinsic before a noun or after a linking verb; do not use it as an adverb without the correct form.,"intrinsic means basic and essential, or by itself. By contrast, fundamental means basic, central, or more important than anything else.",professional and academic; often useful in careful speech and writing,"IPA (stress shown separately): /ɪntrɪnsɪk/ Stress syllable 2 of 3. Keep /ɪ/ short and relaxed, as in sit. Keep the final /k/ audible.",general academic and professional,C1,v0309-s1
v0310,investigation,,academic/professional word,AWL-derived core,a detailed study of examination of a problem or crime,noun,investigation into/of + issue,"The investigation identified the source of the data error, so the team could interpret the evidence with less uncertainty.",formal investigation; scientific investigation,Check whether investigation is countable in this meaning before adding “a” or a plural ending.,"investigation means a detailed study of examination of a problem or crime. By contrast, analysis means a detailed investigation of the parts of something.",academic and professional; also useful in formal explanations,"IPA (stress shown separately): /ɪnvɛstəɡeɪʃən/ Stress syllable 4 of 5. Use a clear /ʃ/ “sh” sound. For /v/, touch the upper teeth to the lower lip; do not replace it with /b/. Keep /ɪ/ short and relaxed, as in sit. Keep the final /n/ audible.",evidence,B2,v0310-s1
v0311,investment,,academic/professional word,AWL-derived core,the act of spending time or money in pursuit of gain,noun,investment in + program/resource,"The district views teacher training as a long-term investment, which gave the teacher clearer information for the following lesson.",public investment; return on investment,Check whether investment is countable in this meaning before adding “a” or a plural ending.,"investment means the act of spending time or money in pursuit of gain. By contrast, fund means money available for a specific purpose.",professional and academic; often useful in careful speech and writing,"IPA (stress shown separately): /ɪnvɛstmənt/ Stress syllable 2 of 3. For /v/, touch the upper teeth to the lower lip; do not replace it with /b/. Keep /ɪ/ short and relaxed, as in sit. Keep the final /t/ audible.",general academic and professional,B2,v0311-s1
v0312,invoke,invoked,academic/professional word,AWL-derived core,"to use a law, rule, principle, or authority",verb,invoke + noun,"The agency invoked an emergency rule during the public health crisis, so staff members could respond quickly and consistently.",invoke a rule; invoke authority,This is an inflected verb form. Do not put “to” directly before it; use the base form after “to.”,"invoke means to use a law, rule, principle, or authority. By contrast, escalate means to raise an issue to a higher level of authority or urgency.",academic and professional; also useful in formal explanations,"IPA (stress shown separately): /ɪnvoʊk/ Stress syllable 2 of 2. For /v/, touch the upper teeth to the lower lip; do not replace it with /b/. Keep /ɪ/ short and relaxed, as in sit. Keep the final /k/ audible.",policy and society,C1,v0312-s1
v0313,involve,involved,academic/professional word,AWL-derived core,to include someone or something as a necessary part,verb,involve + noun; involve + gerund,"The project involved students from four different schools, so the class could connect the idea to the next activity.",involve participants; involve doing,This is an inflected verb form. Do not put “to” directly before it; use the base form after “to.”,"involve means to include someone or something as a necessary part. By contrast, comprise means to include or consist of.",professional and academic; often useful in careful speech and writing,"IPA (stress shown separately): /ɪnvɑlv/ Stress syllable 2 of 2. For /v/, touch the upper teeth to the lower lip; do not replace it with /b/. Keep /ɪ/ short and relaxed, as in sit. Keep the final /v/ audible.",general academic and professional,C1,v0313-s1
v0314,isolate,isolated,academic/professional word,AWL-derived core,to separate something so it can be examined or controlled,verb,isolate + noun + from + noun,"The team isolated the faulty component by testing each part separately, which helped the manager assign the next responsibility accurately.",isolate a variable; isolate X from Y,This is an inflected verb form. Do not put “to” directly before it; use the base form after “to.”,"isolate means to separate something so it can be examined or controlled. By contrast, attribute means to identify something as the cause of a result.",professional and academic; often useful in careful speech and writing,"IPA (stress shown separately): /aɪsəleɪt/ Stress syllable 1 of 3. Let /aɪ/ glide smoothly, as in my. Keep the final /t/ audible.",cause and effect,C1,v0314-s1
v0315,issue,issues,academic/professional word,AWL-derived core,problems that people are thinking or talking about,noun,issue related to + topic,"The meeting addressed several issues related to student privacy, so the class could connect the idea to the next activity.",key issue; address an issue,Check whether issue is countable in this meaning before adding “a” or a plural ending.,"issue means problems that people are thinking or talking about. By contrast, insights means discoveries or clear understandings of a complex issue.",professional and academic; often useful in careful speech and writing,"IPA (stress shown separately): /ɪʃu/ Stress syllable 1 of 2. Use a clear /ʃ/ “sh” sound. Keep /ɪ/ short and relaxed, as in sit.",general academic and professional,B2,v0315-s1
v0316,item,items,academic/professional word,AWL-derived core,the things which are part of a list or group,noun,item on + list; item in + category,"Although most of the preparation was already complete, the checklist contains twelve items.",action item; survey item,Check whether item is countable in this meaning before adding “a” or a plural ending.,"item means the things which are part of a list or group. By contrast, recovery means return to normal, or getting back something lost.",professional and academic; often useful in careful speech and writing,"IPA (stress shown separately): /aɪtəm/ Stress syllable 1 of 2. Let /aɪ/ glide smoothly, as in my. Keep the final /m/ audible.",general academic and professional,B2,v0316-s1
v0317,job,,academic/professional word,AWL-derived core,"regular work, a piece of work, a responsibility or a task",noun,job as + role; job of + gerund,"Her job involves teaching statistics and supporting curriculum development, so the group could make the next decision with clearer information.",full-time job; job responsibilities,Check whether job is countable in this meaning before adding “a” or a plural ending.,"job means regular work, a piece of work, a responsibility or a task. By contrast, task means a piece of work that is either difficult or unpleasant.",professional and academic; often useful in careful speech and writing,"IPA (stress shown separately): /dʒɑb/ Stress syllable 1 of 1. Use /dʒ/ “j,” as in job. For /b/, close both lips completely. Keep the final /b/ audible.",workplace and leadership,C1,v0317-s1
v0318,journal,,academic/professional word,AWL-derived core,a publication with a focus on a particular subject,noun,journal of + field,"The study was published in a peer-reviewed journal, so the team could interpret the evidence with less uncertainty.",academic journal; journal article,Check whether journal is countable in this meaning before adding “a” or a plural ending.,"journal means a publication with a focus on a particular subject. By contrast, publication means printed item such as a book, magazine or journal.",academic and professional; also useful in formal explanations,"IPA (stress shown separately): /dʒɝnəl/ Stress syllable 1 of 2. Use /dʒ/ “j,” as in job. Keep the final /l/ audible.",policy and society,C1,v0318-s1
v0319,justification,,academic/professional word,AWL-derived core,to explain or show that something is right or fair,noun,justification for + noun/gerund,"The proposal provides a clear justification for the additional expense, which helped the manager assign the next responsibility accurately.",strong justification; require justification,Check whether justification is countable in this meaning before adding “a” or a plural ending.,"justification means to explain or show that something is right or fair. By contrast, communication means the way living things send messages to each other.",professional and academic; often useful in careful speech and writing,"IPA (stress shown separately): /dʒʌstəfəkeɪʃən/ Stress syllable 4 of 5. Use a clear /ʃ/ “sh” sound. Use /dʒ/ “j,” as in job. Keep the final /n/ audible.",communication,C1,v0319-s1
v0320,label,,academic/professional word,AWL-derived core,information about the object it is fixed to,noun,label on + object; label for + category,"The label lists the chemical’s name, concentration, and hazards.",warning label; product label,Check whether label is countable in this meaning before adding “a” or a plural ending.,"label means information about the object it is fixed to. By contrast, section means a distinct part of something.",professional and academic; often useful in careful speech and writing,"IPA (stress shown separately): /leɪbəl/ Stress syllable 1 of 2. For /b/, close both lips completely. Keep the final /l/ audible.",general academic and professional,B2,v0320-s1
v0321,labor,,academic/professional word,AWL-derived core,practical work which involves physical effort,noun,labor cost; labor required for,"The estimate includes both material and labor costs, which helped the manager assign the next responsibility accurately.",skilled labor; labor market,Check whether labor is countable in this meaning before adding “a” or a plural ending.,"labor means practical work which involves physical effort. By contrast, backlog means unfinished work waiting to be completed.",professional and academic; often useful in careful speech and writing,"IPA (stress shown separately): /leɪbɚ/ Stress syllable 1 of 2. For /b/, close both lips completely.",workplace and leadership,B2,v0321-s1
v0322,layer,,academic/professional word,AWL-derived core,"a distinct band, thickness, or level of something",noun,layer of + substance,"A thin layer of insulation reduced heat loss, which gave the people involved a clearer basis for the next step.",outer layer; layer of material,Check whether layer is countable in this meaning before adding “a” or a plural ending.,"layer means a distinct band, thickness, or level of something. By contrast, section means a distinct part of something.",professional and academic; often useful in careful speech and writing,IPA (stress shown separately): /leɪɚ/ Stress syllable 1 of 2.,general academic and professional,C1,v0322-s1
v0323,lecture,,academic/professional word,AWL-derived core,an educational speech before an audience or class,noun,lecture on + topic,"The professor combined a short lecture with a hands-on activity, which gave the teacher clearer information for the following lesson.",guest lecture; lecture notes,Check whether lecture is countable in this meaning before adding “a” or a plural ending.,"lecture means an educational speech before an audience or class. By contrast, category means the groups by which something is classified.",professional and academic; often useful in careful speech and writing,IPA (stress shown separately): /lɛktʃɚ/ Stress syllable 1 of 2. Use a crisp /tʃ/ “ch” sound.,education,C1,v0323-s1
v0324,legal,,academic/professional word,AWL-derived core,related to or allowed by law,adjective,legal + noun,"The district sought legal advice before changing the contract, which gave the teacher clearer information for the following lesson.",legal requirement; legal issue,Use legal before a noun or after a linking verb; do not use it as an adverb without the correct form.,"legal means related to or allowed by law. By contrast, federal means relating to a central government.",academic and professional; also useful in formal explanations,IPA (stress shown separately): /liɡəl/ Stress syllable 1 of 2. Keep the final /l/ audible.,policy and society,C1,v0324-s1
v0325,legislation,,academic/professional word,AWL-derived core,a law or laws created by a government,noun,legislation on + issue,"The new legislation expands access to career education, which allowed the board to explain the decision more transparently.",federal legislation; proposed legislation,Check whether legislation is countable in this meaning before adding “a” or a plural ending.,"legislation means a law or laws created by a government. By contrast, ministry means a government department, or the service of a minister.",academic and professional; also useful in formal explanations,"IPA (stress shown separately): /lɛdʒəsleɪʃən/ Stress syllable 3 of 4. Use a clear /ʃ/ “sh” sound. Use /dʒ/ “j,” as in job. Keep the final /n/ audible.",policy and society,B2,v0325-s1
v0326,levy,,academic/professional word,AWL-derived core,to impose or collect a tax,verb,levy + noun + on + person/group,The city may levy a fee on businesses that violate the rule.,levy a tax; levy a fee on,Do not use levy as a noun without changing its form; also check the required preposition or object.,"levy means to impose or collect a tax. By contrast, impose means to force a rule, requirement, or burden on someone.",professional and academic; often useful in careful speech and writing,"IPA (stress shown separately): /lɛvi/ Stress syllable 1 of 2. For /v/, touch the upper teeth to the lower lip; do not replace it with /b/.",general academic and professional,B2,v0326-s1
v0327,liberal,,academic/professional word,AWL-derived core,"open minded and tolerant of others, or generous",adjective,liberal + noun,The policy allows a liberal interpretation of what counts as prior experience.,liberal interpretation; liberal policy,Use liberal before a noun or after a linking verb; do not use it as an adverb without the correct form.,"liberal means open minded and tolerant of others, or generous. By contrast, domestic means relating to home or country.",professional and academic; often useful in careful speech and writing,"IPA (stress shown separately): /lɪbɝəl/ Stress syllable 1 of 3. For /b/, close both lips completely. Keep /ɪ/ short and relaxed, as in sit. Keep the final /l/ audible.",general academic and professional,C1,v0327-s1
v0328,license,,academic/professional word,AWL-derived core,a legal document giving permission to do or own,noun,license to + verb; license for + product,"The software license allows installation on twenty devices, so the people affected could understand the practical consequence.",driver’s license; software license,Check whether license is countable in this meaning before adding “a” or a plural ending.,"license means a legal document giving permission to do or own. By contrast, clause means a group of words containing a subject and a verb.",academic and professional; also useful in formal explanations,"IPA (stress shown separately): /laɪsəns/ Stress syllable 1 of 2. Let /aɪ/ glide smoothly, as in my. Keep the final /s/ audible.",policy and society,C1,v0328-s1
v0329,likewise,,academic/professional word,AWL-derived core,"similarly, also",adverb,"likewise, + clause","The first group improved after practice; likewise, the second group made steady progress.","likewise,; do likewise",Check sentence position and punctuation; many sentence adverbs take a comma when they introduce a clause.,"likewise means similarly, also. By contrast, hence means therefore, this is the reason why.",professional and academic; often useful in careful speech and writing,"IPA (stress shown separately): /laɪkwaɪz/ Stress syllable 1 of 2. For /w/, round the lips; do not touch the teeth. Let /aɪ/ glide smoothly, as in my. Keep the final /z/ audible.",general academic and professional,C1,v0329-s1
v0330,link,,academic/professional word,AWL-derived core,a connection between two things,noun,link between X and Y; link to + noun,"The study found a link between sleep and academic performance, so the team could interpret the evidence with less uncertainty.",direct link; causal link,Check whether link is countable in this meaning before adding “a” or a plural ending.,"link means a connection between two things. By contrast, bond means a physical link, or a close social connection.",professional and academic; often useful in careful speech and writing,"IPA (stress shown separately): /lɪŋk/ Stress syllable 1 of 1. Keep /ɪ/ short and relaxed, as in sit. Keep the final /k/ audible.",general academic and professional,B2,v0330-s1
v0331,location,,academic/professional word,AWL-derived core,"place, position or coordinates of something",noun,location of + place/object,"The map shows the exact location of each sampling site, so the reader could understand the intended relationship without guessing.",physical location; central location,Check whether location is countable in this meaning before adding “a” or a plural ending.,"location means place, position or coordinates of something. By contrast, inspection means careful or critical viewing or examination.",professional and academic; often useful in careful speech and writing,IPA (stress shown separately): /loʊkeɪʃən/ Stress syllable 2 of 3. Use a clear /ʃ/ “sh” sound. Keep the final /n/ audible.,general academic and professional,B2,v0331-s1
v0332,logic,,academic/professional word,AWL-derived core,a way of thinking based on reason,noun,logic of + argument/system,"The conclusion follows the logic of the argument, so the team could interpret the evidence with less uncertainty.",formal logic; underlying logic,Check whether logic is countable in this meaning before adding “a” or a plural ending.,"logic means a way of thinking based on reason. By contrast, issue means problems that people are thinking or talking about.",professional and academic; often useful in careful speech and writing,"IPA (stress shown separately): /lɑdʒɪk/ Stress syllable 1 of 2. Use /dʒ/ “j,” as in job. Keep /ɪ/ short and relaxed, as in sit. Keep the final /k/ audible.",general academic and professional,C1,v0332-s1
v0333,maintenance,,academic/professional word,AWL-derived core,the act of keeping something in its present state,noun,maintenance of + equipment,"Regular maintenance extends the life of the equipment, so the reader could understand the intended relationship without guessing.",routine maintenance; maintenance cost,Check whether maintenance is countable in this meaning before adding “a” or a plural ending.,"maintenance means the act of keeping something in its present state. By contrast, equipment means necessary items for a particular activity of purpose.",professional and academic; often useful in careful speech and writing,IPA (stress shown separately): /meɪntənəns/ Stress syllable 1 of 3. Keep the final /s/ audible.,general academic and professional,C1,v0333-s1
v0334,major,,academic/professional word,AWL-derived core,more important than others of the same type,adjective,major + noun,"Transportation was a major factor in the attendance problem, so the reader could understand the intended relationship without guessing.",major concern; major change,Use major before a noun or after a linking verb; do not use it as an adverb without the correct form.,"major means more important than others of the same type. By contrast, dominant means stronger than others of the same group or type.",professional and academic; often useful in careful speech and writing,"IPA (stress shown separately): /meɪdʒɚ/ Stress syllable 1 of 2. Use /dʒ/ “j,” as in job.",general academic and professional,C1,v0334-s1
v0335,manipulation,,academic/professional word,AWL-derived core,"influence, or control of something using hands",noun,manipulation of + object/data,"The experiment involved the manipulation of one independent variable, so the team could interpret the evidence with less uncertainty.",data manipulation; manipulation of results,Check whether manipulation is countable in this meaning before adding “a” or a plural ending.,"manipulation means influence, or control of something using hands. By contrast, accountability means responsibility for decisions, actions, and results.",professional and academic; often useful in careful speech and writing,"IPA (stress shown separately): /mənɪpjəleɪʃən/ Stress syllable 4 of 5. Use a clear /ʃ/ “sh” sound. Keep /ɪ/ short and relaxed, as in sit. Keep the final /n/ audible.",cause and effect,B2,v0335-s1
v0336,manual,,academic/professional word,AWL-derived core,"relating to, involving or done with hands",adjective,manual + noun,"The manual process took longer and produced more errors than the automated one, which gave the people involved a clearer basis for the next step.",manual process; manual control,Use manual before a noun or after a linking verb; do not use it as an adverb without the correct form.,"manual means relating to, involving or done with hands. By contrast, internal means relating to or existing inside.",professional and academic; often useful in careful speech and writing,IPA (stress shown separately): /mænjuəl/ Stress syllable 1 of 3. Keep the final /l/ audible.,general academic and professional,B2,v0336-s1
v0337,marginal,,academic/professional word,AWL-derived core,"small in amount or effect, or barely acceptable",adjective,marginal + noun,"The second intervention produced only a marginal improvement, so the team could interpret the evidence with less uncertainty.",marginal increase; marginal effect,Use marginal before a noun or after a linking verb; do not use it as an adverb without the correct form.,"marginal means small in amount or effect, or barely acceptable. By contrast, impactful means having a strong or meaningful effect.",professional and academic; often useful in careful speech and writing,"IPA (stress shown separately): /mɑrdʒənəl/ Stress syllable 1 of 3. Use /dʒ/ “j,” as in job. Keep the final /l/ audible.",cause and effect,C1,v0337-s1
v0338,mature,,academic/professional word,AWL-derived core,"completely grown or developed, or like an adult",adjective,mature + noun; become mature,"The mature system can handle complex tasks with little supervision, so employees could focus their attention on unusual problems rather than routine operations.",mature adult; mature technology,Use mature before a noun or after a linking verb; do not use it as an adverb without the correct form.,"mature means completely grown or developed, or like an adult. By contrast, unique means completely different from anything else.",professional and academic; often useful in careful speech and writing,IPA (stress shown separately): /mətʃʊr/ Stress syllable 2 of 2. Use a crisp /tʃ/ “ch” sound. Keep the final /r/ audible.,general academic and professional,C1,v0338-s1
v0339,maximum,,academic/professional word,AWL-derived core,an upper limit of something,noun,maximum of + amount,"The room has a maximum capacity of thirty people, which gave the people involved a clearer basis for the next step.",absolute maximum; maximum value,Check whether maximum is countable in this meaning before adding “a” or a plural ending.,"maximum means an upper limit of something. By contrast, capacity means the maximum that can be contained or produced.",professional and academic; often useful in careful speech and writing,IPA (stress shown separately): /mæksəməm/ Stress syllable 1 of 3. Keep the final /m/ audible.,general academic and professional,C1,v0339-s1
v0340,mechanism,,academic/professional word,AWL-derived core,a process or sequence of steps within a system,noun,mechanism for + gerund; mechanism by which,"The report proposes a mechanism for resolving complaints, which reduced the chance that readers would misinterpret the message.",biological mechanism; funding mechanism,Check whether mechanism is countable in this meaning before adding “a” or a plural ending.,"mechanism means a process or sequence of steps within a system. By contrast, bottleneck means a point in a process that slows everything else down.",academic and professional; also useful in formal explanations,"IPA (stress shown separately): /mɛkənɪzəm/ Stress syllable 1 of 4. Keep /ɪ/ short and relaxed, as in sit. Keep the final /m/ audible.",STEM and technology,B2,v0340-s1
v0341,media,,academic/professional word,AWL-derived core,"television, radio, newspapers or magazines",noun,media coverage of + event,"The media reported the findings before the full study was released, which gave the reviewers a clearer basis for evaluating the conclusion.",news media; social media,Check whether media is countable in this meaning before adding “a” or a plural ending.,"media means television, radio, newspapers or magazines. By contrast, phenomenon means something unusual or amazing which can be sensed.",professional and academic; often useful in careful speech and writing,IPA (stress shown separately): /midiə/ Stress syllable 1 of 3.,general academic and professional,B2,v0341-s1
v0342,mediation,,academic/professional word,AWL-derived core,negotiation between groups in conflict with each other,noun,mediation between + parties,"The two departments used mediation to resolve the dispute, which gave the people involved a clearer basis for the next step.",conflict mediation; mediation process,Check whether mediation is countable in this meaning before adding “a” or a plural ending.,"mediation means negotiation between groups in conflict with each other. By contrast, conflict means fighting, or disagreement between people or ideas.",professional and academic; often useful in careful speech and writing,IPA (stress shown separately): /midieɪʃən/ Stress syllable 3 of 4. Use a clear /ʃ/ “sh” sound. Keep the final /n/ audible.,general academic and professional,C1,v0342-s1
v0343,medical,,academic/professional word,AWL-derived core,relating to the study or practice of medicine,adjective,medical + noun,Medical information must be stored securely and shared only when authorized.,medical record; medical care,Use medical before a noun or after a linking verb; do not use it as an adverb without the correct form.,"medical means relating to the study or practice of medicine. By contrast, evidence-based means supported by reliable research or data.",academic and professional; also useful in formal explanations,IPA (stress shown separately): /mɛdəkəl/ Stress syllable 1 of 3. Keep the final /l/ audible.,evidence,C1,v0343-s1
v0344,medium,,academic/professional word,AWL-derived core,a method or channel used to communicate information,noun,medium for + communication,"Video is an effective medium for demonstrating a technical process, so the audience could understand the intended point without guessing.",communication medium; artistic medium,Check whether medium is countable in this meaning before adding “a” or a plural ending.,"medium means a method or channel used to communicate information. By contrast, communication means the way living things send messages to each other.",professional and academic; often useful in careful speech and writing,IPA (stress shown separately): /midiəm/ Stress syllable 1 of 3. Keep the final /m/ audible.,communication,C1,v0344-s1
v0345,mental,,academic/professional word,AWL-derived core,of the mind,adjective,mental + noun,"The task requires sustained mental effort and careful attention, which gave the people involved a clearer basis for the next step.",mental health; mental process,Use mental before a noun or after a linking verb; do not use it as an adverb without the correct form.,"mental means of the mind. By contrast, ongoing means in progress or happening now.",professional and academic; often useful in careful speech and writing,IPA (stress shown separately): /mɛntəl/ Stress syllable 1 of 2. Keep the final /l/ audible.,general academic and professional,B2,v0345-s1
v0346,method,,academic/professional word,AWL-derived core,a way of doing something,noun,method for/of + gerund,"The researchers used the same method in every trial, which gave the reviewers a clearer basis for evaluating the conclusion.",research method; effective method,Check whether method is countable in this meaning before adding “a” or a plural ending.,"method means a way of doing something. By contrast, vehicle means method, or any form of land transport.",academic and professional; also useful in formal explanations,IPA (stress shown separately): /mɛθəd/ Stress syllable 1 of 2. Keep the final /d/ audible.,STEM and technology,B2,v0346-s1
v0347,migration,,academic/professional word,AWL-derived core,movement of a group from one region to another,noun,migration from X to Y,"The lesson examines patterns of human migration, which gave the teacher clearer information for the following lesson.",seasonal migration; migration to/from,Check whether migration is countable in this meaning before adding “a” or a plural ending.,"migration means movement of a group from one region to another. By contrast, region means a geographical or physical area.",professional and academic; often useful in careful speech and writing,"IPA (stress shown separately): /maɪɡreɪʃən/ Stress syllable 2 of 3. Use a clear /ʃ/ “sh” sound. Let /aɪ/ glide smoothly, as in my. Keep the final /n/ audible.",general academic and professional,C1,v0347-s1
v0348,military,,academic/professional word,AWL-derived core,relating to war or armed forces,adjective,military + noun,"The article examines military spending and its effect on the national budget, so decision makers could see how the available resources would support the stated goal.",military service; military operation,Use military before a noun or after a linking verb; do not use it as an adverb without the correct form.,"military means relating to war or armed forces. By contrast, specific means relating to one thing and not others.",professional and academic; often useful in careful speech and writing,IPA (stress shown separately): /mɪlətɛri/ Stress syllable 1 of 4. Keep short /ɪ/ distinct from long /i/.,general academic and professional,C1,v0348-s1
v0349,minimal,,academic/professional word,AWL-derived core,"very small, the smallest possible, or barely enough",adjective,minimal + noun,"The change had minimal impact on the overall result, which gave the reviewers a clearer basis for evaluating the conclusion.",minimal cost; minimal effect,Use minimal before a noun or after a linking verb; do not use it as an adverb without the correct form.,"minimal means very small, the smallest possible, or barely enough. By contrast, adequate means enough or barely enough.",professional and academic; often useful in careful speech and writing,"IPA (stress shown separately): /mɪnəməl/ Stress syllable 1 of 3. Keep /ɪ/ short and relaxed, as in sit. Keep the final /l/ audible.",general academic and professional,C1,v0349-s1
v0350,minimize,minimized,academic/professional word,AWL-derived core,to reduce something to the smallest practical amount,verb,minimize + noun,"The revised procedure minimized the risk of measurement error, which reduced uncertainty about whether the first result was reliable.",minimize risk; minimize the impact,This is an inflected verb form. Do not put “to” directly before it; use the base form after “to.”,"minimize means to reduce something to the smallest practical amount. By contrast, enable means to make something possible, practical or easy to do.",professional and academic; often useful in careful speech and writing,"IPA (stress shown separately): /mɪnəmaɪz/ Stress syllable 1 of 3. Keep /ɪ/ short and relaxed, as in sit. Let /aɪ/ glide smoothly, as in my. Keep the final /z/ audible.",general academic and professional,B2,v0350-s1
v0351,minimum,,academic/professional word,AWL-derived core,a lower limit of something,noun,minimum of + amount,"Students must earn a minimum of seventy percent to pass, so the class could connect the idea to the next activity.",minimum requirement; minimum of,Check whether minimum is countable in this meaning before adding “a” or a plural ending.,"minimum means a lower limit of something. By contrast, maximum means an upper limit of something.",professional and academic; often useful in careful speech and writing,"IPA (stress shown separately): /mɪnəməm/ Stress syllable 1 of 3. Keep /ɪ/ short and relaxed, as in sit. Keep the final /m/ audible.",general academic and professional,B2,v0351-s1
v0352,ministry,,academic/professional word,AWL-derived core,"a government department, or the service of a minister",noun,ministry responsible for + field,"The Ministry of Education issued new curriculum guidance, so the people affected could understand the practical consequence.",government ministry; education ministry,Check whether ministry is countable in this meaning before adding “a” or a plural ending.,"ministry means a government department, or the service of a minister. By contrast, legislation means a law or laws created by a government.",academic and professional; also useful in formal explanations,IPA (stress shown separately): /mɪnəstri/ Stress syllable 1 of 3. Keep short /ɪ/ distinct from long /i/.,policy and society,C1,v0352-s1
v0353,minority,minorities,academic/professional word,AWL-derived core,groups of people who differ from the larger group,noun,minority within + population,"The survey included several ethnic and linguistic minorities, which gave the people involved a clearer basis for the next step.",minority group; underrepresented minority,Check whether minority is countable in this meaning before adding “a” or a plural ending.,"minority means groups of people who differ from the larger group. By contrast, discrimination means biased and unfair treatment of a person or group.",professional and academic; often useful in careful speech and writing,"IPA (stress shown separately): /maɪnɔrəti/ Stress syllable 2 of 4. Let /aɪ/ glide smoothly, as in my.",general academic and professional,C1,v0353-s1
v0354,mode,,academic/professional word,AWL-derived core,"manner, way or form",noun,mode of + noun; in + mode,"The device can operate in manual or automatic mode, which gave the people involved a clearer basis for the next step.",operating mode; mode of communication,Check whether mode is countable in this meaning before adding “a” or a plural ending.,"mode means manner, way or form. By contrast, channel means a way through which something moves or is transmitted.",professional and academic; often useful in careful speech and writing,IPA (stress shown separately): /moʊd/ Stress syllable 1 of 1. Keep the final /d/ audible.,general academic and professional,C1,v0354-s1
v0355,modify,modified,academic/professional word,AWL-derived core,to change something partly rather than replace it completely,verb,modify + noun,The teacher modified the assignment for students who needed additional support.,modify a plan; slightly modify,This is an inflected verb form. Do not put “to” directly before it; use the base form after “to.”,"modify means to change something partly rather than replace it completely. By contrast, alter means to change the form or character of something.",professional and academic; often useful in careful speech and writing,"IPA (stress shown separately): /mɑdəfaɪ/ Stress syllable 1 of 3. Let /aɪ/ glide smoothly, as in my.",change and trends,B2,v0355-s1
v0356,monitoring,,academic/professional word,AWL-derived core,"observing, recording or detecting using instruments",noun,monitoring of + system,"Continuous monitoring detected the pressure change immediately, so the reader could understand the intended relationship without guessing.",progress monitoring; environmental monitoring,Check whether monitoring is countable in this meaning before adding “a” or a plural ending.,"monitoring means observing, recording or detecting using instruments. By contrast, tape means recordings of sound or pictures.",professional and academic; often useful in careful speech and writing,"IPA (stress shown separately): /mɑnətɚɪŋ/ Stress syllable 1 of 4. Keep /ɪ/ short and relaxed, as in sit. Keep the final /ŋ/ audible.",general academic and professional,B2,v0356-s1
v0357,motivation,,academic/professional word,AWL-derived core,enthusiasm or reason for doing something,noun,motivation to + verb; motivation for + action,"Clear goals and useful feedback can increase student motivation, which gave the teacher clearer information for the following lesson.",intrinsic motivation; strong motivation,Check whether motivation is countable in this meaning before adding “a” or a plural ending.,"motivation means enthusiasm or reason for doing something. By contrast, approach means a way of considering or doing something.",professional and academic; often useful in careful speech and writing,"IPA (stress shown separately): /moʊtəveɪʃən/ Stress syllable 3 of 4. Use a clear /ʃ/ “sh” sound. For /v/, touch the upper teeth to the lower lip; do not replace it with /b/. Keep the final /n/ audible.",general academic and professional,C1,v0357-s1
v0358,mutual,,academic/professional word,AWL-derived core,felt or shared by each other or all,adjective,mutual + noun,"The partnership depends on mutual trust and clear communication, which gave the people involved a clearer basis for the next step.",mutual benefit; mutual agreement,Use mutual before a noun or after a linking verb; do not use it as an adverb without the correct form.,"mutual means felt or shared by each other or all. By contrast, consistent means in agreement with expectations or other facts.",professional and academic; often useful in careful speech and writing,IPA (stress shown separately): /mjutʃuəl/ Stress syllable 1 of 3. Use a crisp /tʃ/ “ch” sound. Keep the final /l/ audible.,general academic and professional,C1,v0358-s1
v0359,negative,,academic/professional word,AWL-derived core,"showing an unfavorable, absent, or below-zero result",adjective,negative + noun,"The survey revealed a negative attitude toward the proposed change, so the reader could understand the intended relationship without guessing.",negative effect; negative response,Use negative before a noun or after a linking verb; do not use it as an adverb without the correct form.,"negative means showing an unfavorable, absent, or below-zero result. By contrast, nuanced means showing important subtle differences rather than being oversimplified.",professional and academic; often useful in careful speech and writing,"IPA (stress shown separately): /nɛɡətɪv/ Stress syllable 1 of 3. For /v/, touch the upper teeth to the lower lip; do not replace it with /b/. Keep /ɪ/ short and relaxed, as in sit. Keep the final /v/ audible.",general academic and professional,C1,v0359-s1
v0360,network,,academic/professional word,AWL-derived core,a system of things or people which are interconnected,noun,network of + people/devices,"The district network connects every school to shared digital resources, so the class could connect the idea to the next activity.",computer network; professional network,Check whether network is countable in this meaning before adding “a” or a plural ending.,"network means a system of things or people which are interconnected. By contrast, computer means a machine which performs calculations automatically.",academic and professional; also useful in formal explanations,"IPA (stress shown separately): /nɛtwɝk/ Stress syllable 1 of 2. For /w/, round the lips; do not touch the teeth. Keep the final /k/ audible.",STEM and technology,B2,v0360-s1
v0361,neutral,,academic/professional word,AWL-derived core,"without bias or favoritism, or having no charge",adjective,neutral + noun; remain neutral,"The facilitator used neutral language to avoid influencing the participants, which gave the people involved a clearer basis for the next step.",neutral position; neutral language,Use neutral before a noun or after a linking verb; do not use it as an adverb without the correct form.,"neutral means without bias or favoritism, or having no charge. By contrast, constant means unchanging, or happening frequently.",professional and academic; often useful in careful speech and writing,IPA (stress shown separately): /nutrəl/ Stress syllable 1 of 2. Keep the final /l/ audible.,general academic and professional,B2,v0361-s1
v0362,nevertheless,,academic/professional word,AWL-derived core,"despite this, nonetheless, notwithstanding",adverb,"nevertheless, + clause","The sample was small; nevertheless, the findings were useful for planning the next study.","nevertheless,; but nevertheless",Check sentence position and punctuation; many sentence adverbs take a comma when they introduce a clause.,"nevertheless means despite this, nonetheless, notwithstanding. By contrast, nonetheless means despite this, nevertheless, notwithstanding.",professional and academic; often useful in careful speech and writing,"IPA (stress shown separately): /nɛvɚðəlɛs/ Stress syllable 4 of 4. For /v/, touch the upper teeth to the lower lip; do not replace it with /b/. Keep the final /s/ audible.",general academic and professional,C1,v0362-s1
v0363,nonetheless,,academic/professional word,AWL-derived core,"despite this, nevertheless, notwithstanding",adverb,"nonetheless, + clause","The deadline was demanding; nonetheless, the team completed the report on time.","nonetheless,; but nonetheless",Check sentence position and punctuation; many sentence adverbs take a comma when they introduce a clause.,"nonetheless means despite this, nevertheless, notwithstanding. By contrast, nevertheless means despite this, nonetheless, notwithstanding.",professional and academic; often useful in careful speech and writing,IPA (stress shown separately): /nʌnðəlɛs/ Stress syllable 3 of 3. Keep the final /s/ audible.,general academic and professional,C1,v0363-s1
v0364,normal,,academic/professional word,AWL-derived core,ordinary or usual,adjective,normal + noun; return to normal,The system returned to normal operation after the update was removed.,normal range; normal condition,Use normal before a noun or after a linking verb; do not use it as an adverb without the correct form.,"normal means ordinary or usual. By contrast, traditional means the usual ways or customs of a group of people.",professional and academic; often useful in careful speech and writing,IPA (stress shown separately): /nɔrməl/ Stress syllable 1 of 2. Keep the final /l/ audible.,general academic and professional,C1,v0364-s1
v0365,norm,norms,academic/professional word,AWL-derived core,accepted or usual standards or ways,noun,norm for + behavior; norm within + group,"Classroom norms should encourage respectful disagreement, which helped the class maintain a respectful discussion even when opinions differed sharply.",social norm; establish norm,Check whether norm is countable in this meaning before adding “a” or a plural ending.,"norm means accepted or usual standards or ways. By contrast, deviation means difference from the norm or what is usual or expected.",professional and academic; often useful in careful speech and writing,IPA (stress shown separately): /nɔrm/ Stress syllable 1 of 1. Keep the final /m/ audible.,general academic and professional,B2,v0365-s1
v0366,notion,,academic/professional word,AWL-derived core,"idea, opinion or belief",noun,notion of + noun; notion that + clause,The evidence challenges the notion that one method works for every learner.,common notion; reject the notion,Check whether notion is countable in this meaning before adding “a” or a plural ending.,"notion means idea, opinion or belief. By contrast, misconception means an incorrect belief or understanding.",professional and academic; often useful in careful speech and writing,IPA (stress shown separately): /noʊʃən/ Stress syllable 1 of 2. Use a clear /ʃ/ “sh” sound. Keep the final /n/ audible.,general academic and professional,B2,v0366-s1
v0367,notwithstanding,,academic/professional word,AWL-derived core,despite this; nevertheless; nonetheless,preposition,notwithstanding + noun,"Notwithstanding the initial concerns, the committee approved the pilot, so the group could make the next decision with clearer information.",notwithstanding the evidence; notwithstanding + noun,Follow the preposition with a noun phrase or gerund unless the pattern explicitly introduces a clause.,"notwithstanding means despite this; nevertheless; nonetheless. By contrast, because of means introduces a cause, not a contrast.",professional and academic; often useful in careful speech and writing,"IPA (stress shown separately): /nɑtwɪθstændɪŋ/ Stress syllable 3 of 4. For /w/, round the lips; do not touch the teeth. Keep /ɪ/ short and relaxed, as in sit. Keep the final /ŋ/ audible.",general academic and professional,C1,v0367-s1
v0368,nuclear,,academic/professional word,AWL-derived core,relating to a nucleus,adjective,nuclear + noun,"The course includes a unit on nuclear energy and radioactive decay, so the class could connect the idea to the next activity.",nuclear energy; nuclear reaction,Use nuclear before a noun or after a linking verb; do not use it as an adverb without the correct form.,"nuclear means relating to a nucleus. By contrast, specific means relating to one thing and not others.",professional and academic; often useful in careful speech and writing,IPA (stress shown separately): /nukliɚ/ Stress syllable 1 of 3.,general academic and professional,C1,v0368-s1
v0369,objective,,academic/professional word,AWL-derived core,aim or purpose,noun,objective of + project; objective is to + verb,"The main objective is to improve students’ ability to explain their reasoning, so students understood which skill they were expected to develop during the unit.",learning objective; meet an objective,Check whether objective is countable in this meaning before adding “a” or a plural ending.,"objective means aim or purpose. By contrast, resource means money, valuable possessions, or natural materials.",professional and academic; often useful in careful speech and writing,"IPA (stress shown separately): /əbdʒɛktɪv/ Stress syllable 2 of 3. Use /dʒ/ “j,” as in job. For /v/, touch the upper teeth to the lower lip; do not replace it with /b/. For /b/, close both lips completely. Keep /ɪ/ short and relaxed, as in sit.",planning and projects,C1,v0369-s1
v0370,obtain,obtained,academic/professional word,AWL-derived core,to get something through effort or a formal process,verb,obtain + noun,"Researchers obtained permission before collecting student data, which gave the teacher clearer information for the following lesson.",obtain permission; obtain results,This is an inflected verb form. Do not put “to” directly before it; use the base form after “to.”,"obtain means to get something through effort or a formal process. By contrast, derive means to obtain or develop something from a particular source.",professional and academic; often useful in careful speech and writing,"IPA (stress shown separately): /əbteɪn/ Stress syllable 2 of 2. For /b/, close both lips completely. Keep the final /n/ audible.",general academic and professional,B2,v0370-s1
v0371,obvious,,academic/professional word,AWL-derived core,easy to understand,adjective,obvious + noun; be obvious,The error became obvious when the totals were compared side by side.,obvious difference; it is obvious that,Use obvious before a noun or after a linking verb; do not use it as an adverb without the correct form.,"obvious means easy to understand. By contrast, underlying means fundamental, implicit but not obvious, prior.",professional and academic; often useful in careful speech and writing,"IPA (stress shown separately): /ɑbviəs/ Stress syllable 1 of 3. For /v/, touch the upper teeth to the lower lip; do not replace it with /b/. For /b/, close both lips completely. Keep the final /s/ audible.",general academic and professional,B2,v0371-s1
v0372,occupational,,academic/professional word,AWL-derived core,relating to work,adjective,occupational + noun,"The training addresses occupational hazards in school laboratories, which gave the teacher clearer information for the following lesson.",occupational safety; occupational health,Use occupational before a noun or after a linking verb; do not use it as an adverb without the correct form.,"occupational means relating to work. By contrast, professional means relating to or conforming to the standards of work.",professional and academic; often useful in careful speech and writing,IPA (stress shown separately): /ɑkjəpeɪʃənəl/ Stress syllable 3 of 5. Use a clear /ʃ/ “sh” sound. Keep the final /l/ audible.,workplace and leadership,C1,v0372-s1
v0373,occur,,academic/professional word,AWL-derived core,"to happen, often naturally or unexpectedly",verb,occur; occur in/during + noun,The error occurs only when both settings are enabled.,occur frequently; occur during,Do not use occur as a noun without changing its form; also check the required preposition or object.,"occur means to happen, often naturally or unexpectedly. By contrast, encounter means to experience or meet something unexpectedly.",professional and academic; often useful in careful speech and writing,IPA (stress shown separately): /əkɝ/ Stress syllable 2 of 2.,general academic and professional,C1,v0373-s1
v0374,odd,,academic/professional word,AWL-derived core,"unusual, not even, or irregular",adjective,odd + noun; be/seem odd,"One odd result prompted the researchers to check the original record, which gave the reviewers a clearer basis for evaluating the conclusion.",odd result; seem odd,Use odd before a noun or after a linking verb; do not use it as an adverb without the correct form.,"odd means unusual, not even, or irregular. By contrast, similar means almost but not exactly the same.",professional and academic; often useful in careful speech and writing,IPA (stress shown separately): /ɑd/ Stress syllable 1 of 1. Keep the final /d/ audible.,general academic and professional,C1,v0374-s1
v0375,offset,,academic/professional word,AWL-derived core,to counterbalance or compensate one thing for another,verb,offset + noun; be offset by + noun,"Lower transportation costs offset part of the program’s additional expense, so the reader could understand the intended relationship without guessing.",offset a cost; offset by,Do not use offset as a noun without changing its form; also check the required preposition or object.,"offset means to counterbalance or compensate one thing for another. By contrast, attach means to add a file or connect one thing to another.",professional and academic; often useful in careful speech and writing,IPA (stress shown separately): /ɔfsɛt/ Stress syllable 2 of 2. Keep the final /t/ audible.,general academic and professional,B2,v0375-s1
v0376,ongoing,,academic/professional word,AWL-derived core,in progress or happening now,adjective,ongoing + noun,"The district is conducting an ongoing review of the attendance policy, so the class could connect the idea to the next activity.",ongoing discussion; ongoing process,Use ongoing before a noun or after a linking verb; do not use it as an adverb without the correct form.,"ongoing means in progress or happening now. By contrast, subsequent means happening after something else.",professional and academic; often useful in careful speech and writing,"IPA (stress shown separately): /ɑnɡoʊɪŋ/ Stress syllable 1 of 3. Keep /ɪ/ short and relaxed, as in sit. Keep the final /ŋ/ audible.",general academic and professional,B2,v0376-s1
v0377,option,,academic/professional word,AWL-derived core,one possible choice among several alternatives,noun,option for + person; option to + verb,Online participation is available as an option for students who cannot attend in person.,viable option; choose an option,Check whether option is countable in this meaning before adding “a” or a plural ending.,"option means one possible choice among several alternatives. By contrast, constraint means a limit or condition that restricts possible choices.",professional and academic; often useful in careful speech and writing,IPA (stress shown separately): /ɑpʃən/ Stress syllable 1 of 2. Use a clear /ʃ/ “sh” sound. Keep the final /n/ audible.,general academic and professional,C1,v0377-s1
v0378,orientation,,academic/professional word,AWL-derived core,"direction or arrangement, aims, training or preparation",noun,orientation to + organization; orientation toward + issue,"New employees attend an orientation during their first week, which helped the manager assign the next responsibility accurately.",employee orientation; spatial orientation,Check whether orientation is countable in this meaning before adding “a” or a plural ending.,"orientation means direction or arrangement, aims, training or preparation. By contrast, issue means problems that people are thinking or talking about.",professional and academic; often useful in careful speech and writing,IPA (stress shown separately): /ɔriɛnteɪʃən/ Stress syllable 4 of 5. Use a clear /ʃ/ “sh” sound. Keep the final /n/ audible.,general academic and professional,C1,v0378-s1
v0379,outcome,outcomes,academic/professional word,AWL-derived core,the end results or consequences of a particular event,noun,outcome of + program; outcome for + group,"The report compares academic outcomes across the three programs, which reduced the chance that readers would misinterpret the message.",learning outcome; long-term outcome,Check whether outcome is countable in this meaning before adding “a” or a plural ending.,"outcome means the end results or consequences of a particular event. By contrast, reaction means behavior or action as a result of a particular event.",professional and academic; often useful in careful speech and writing,IPA (stress shown separately): /aʊtkʌm/ Stress syllable 1 of 2. Keep the final /m/ audible.,cause and effect,C1,v0379-s1
v0380,output,,academic/professional word,AWL-derived core,the result or amount produced by a system or process,noun,output of/from + system,"The program’s output is a table containing the calculated values, so the reader could understand the intended relationship without guessing.",energy output; output from + system,Check whether output is countable in this meaning before adding “a” or a plural ending.,"output means the result or amount produced by a system or process. By contrast, capacity means the maximum that can be contained or produced.",professional and academic; often useful in careful speech and writing,IPA (stress shown separately): /aʊtpʊt/ Stress syllable 1 of 2. Keep the final /t/ audible.,general academic and professional,B2,v0380-s1
v0381,overall,,academic/professional word,AWL-derived core,"in general, considering everything",adverb,"Overall, + clause","Overall, the intervention produced a modest improvement in attendance, which gave the people involved a clearer basis for the next step.","overall,; overall performance",Check sentence position and punctuation; many sentence adverbs take a comma when they introduce a clause.,"overall means in general, considering everything. By contrast, hence means therefore, this is the reason why.",professional and academic; often useful in careful speech and writing,"IPA (stress shown separately): /oʊvɚɔl/ Stress syllable 1 of 3. For /v/, touch the upper teeth to the lower lip; do not replace it with /b/. Keep the final /l/ audible.",general academic and professional,B2,v0381-s1
v0382,overlap,,academic/professional word,AWL-derived core,correspond or coincide in part with something,verb,overlap with/in + noun,"The two courses overlap in content but serve different student groups, which gave the teacher clearer information for the following lesson.",overlap with; areas overlap,Do not use overlap as a noun without changing its form; also check the required preposition or object.,"overlap means correspond or coincide in part with something. By contrast, demonstrate means to show or explain how something works.",professional and academic; often useful in careful speech and writing,"IPA (stress shown separately): /oʊvɚlæp/ Stress syllable 1 of 3. For /v/, touch the upper teeth to the lower lip; do not replace it with /b/. Keep the final /p/ audible.",communication,C1,v0382-s1
v0383,overseas,,academic/professional word,AWL-derived core,"abroad, or to, from or in other countries",adverb,verb + overseas; from overseas,"The university recruited several instructors from overseas, which gave the people involved a clearer basis for the next step.",study overseas; travel overseas,Check sentence position and punctuation; many sentence adverbs take a comma when they introduce a clause.,"overseas means abroad, or to, from or in other countries. By contrast, eventually means finally, or ultimately.",professional and academic; often useful in careful speech and writing,"IPA (stress shown separately): /oʊvɚsiz/ Stress syllable 1 of 3. For /v/, touch the upper teeth to the lower lip; do not replace it with /b/. Keep the final /z/ audible.",general academic and professional,C1,v0383-s1
v0384,panel,,academic/professional word,AWL-derived core,a small group of people chosen to give their opinions,noun,panel of + people; panel on + topic,"A panel of experts reviewed the three proposals, so the reader could understand the intended relationship without guessing.",expert panel; review panel,Check whether panel is countable in this meaning before adding “a” or a plural ending.,"panel means a small group of people chosen to give their opinions. By contrast, expert means a person with great skill or knowledge of a subject.",professional and academic; often useful in careful speech and writing,IPA (stress shown separately): /pænəl/ Stress syllable 1 of 2. Keep the final /l/ audible.,general academic and professional,C1,v0384-s1
v0385,paradigm,,academic/professional word,AWL-derived core,a model or framework for understanding a subject,noun,paradigm for/of + field,"The discovery challenged the dominant scientific paradigm, so the group could make the next decision with clearer information.",new paradigm; paradigm shift,Check whether paradigm is countable in this meaning before adding “a” or a plural ending.,"paradigm means a model or framework for understanding a subject. By contrast, conference means a meeting or event with talks about a specific subject.",professional and academic; often useful in careful speech and writing,"IPA (stress shown separately): /pɛrədaɪm/ Stress syllable 1 of 3. Let /aɪ/ glide smoothly, as in my. Keep the final /m/ audible.",workplace and leadership,B2,v0385-s1
v0386,paragraph,,academic/professional word,AWL-derived core,group of sentences which discuss a single topic,noun,paragraph about/on + topic,"Each paragraph should develop one main idea, which gave the people involved a clearer basis for the next step.",introductory paragraph; paragraph structure,Check whether paragraph is countable in this meaning before adding “a” or a plural ending.,"paragraph means group of sentences which discuss a single topic. By contrast, topic means subject of a text or discussion.",professional and academic; often useful in careful speech and writing,IPA (stress shown separately): /pærəɡræf/ Stress syllable 1 of 3. Keep the final /f/ audible.,general academic and professional,B2,v0386-s1
v0387,parallel,,academic/professional word,AWL-derived core,"similar, or of equal distance apart along two lengths",adjective,parallel + noun; be parallel to + noun,"The two studies followed parallel procedures and produced similar results, which gave the reviewers a clearer basis for evaluating the conclusion.",parallel process; parallel to,Use parallel before a noun or after a linking verb; do not use it as an adverb without the correct form.,"parallel means similar, or of equal distance apart along two lengths. By contrast, similar means almost but not exactly the same.",professional and academic; often useful in careful speech and writing,IPA (stress shown separately): /pɛrəlɛl/ Stress syllable 1 of 3. Keep the final /l/ audible.,general academic and professional,C1,v0387-s1
v0388,parameter,parameters,academic/professional word,AWL-derived core,"a rule, limit, or measurable factor that defines a system",noun,parameter of/for + project,"The committee defined the parameters of the pilot before it began, which helped the manager assign the next responsibility accurately.",set parameter; within the parameter,Check whether parameter is countable in this meaning before adding “a” or a plural ending.,"parameter means a rule, limit, or measurable factor that defines a system. By contrast, compliance means following an official rule, standard, or requirement.",professional and academic; often useful in careful speech and writing,IPA (stress shown separately): /pɚæmətɚ/ Stress syllable 2 of 4.,general academic and professional,C1,v0388-s1
v0389,participation,,academic/professional word,AWL-derived core,the act of taking part or being involved in something,noun,participation in + activity,Student participation increased after the class moved into small groups.,active participation; participation rate,Check whether participation is countable in this meaning before adding “a” or a plural ending.,"participation means the act of taking part or being involved in something. By contrast, incidence means occurrence or rate of occurrence of something.",professional and academic; often useful in careful speech and writing,"IPA (stress shown separately): /pɑrtɪsəpeɪʃən/ Stress syllable 4 of 5. Use a clear /ʃ/ “sh” sound. Keep /ɪ/ short and relaxed, as in sit. Keep the final /n/ audible.",general academic and professional,C1,v0389-s1
v0390,partnership,,academic/professional word,AWL-derived core,a relationship involving close cooperation,noun,partnership with/between + groups,"The school formed a partnership with a local engineering company, which gave the teacher clearer information for the following lesson.",public-private partnership; strategic partnership,Check whether partnership is countable in this meaning before adding “a” or a plural ending.,"partnership means a relationship involving close cooperation. By contrast, debate means a serious discussion involving many people.",professional and academic; often useful in careful speech and writing,"IPA (stress shown separately): /pɑrtnɚʃɪp/ Stress syllable 1 of 3. Use a clear /ʃ/ “sh” sound. Keep /ɪ/ short and relaxed, as in sit. Keep the final /p/ audible.",general academic and professional,B2,v0390-s1
v0391,passive,,academic/professional word,AWL-derived core,"accepting without resistance, or not active",adjective,passive + noun; remain passive,Passive participation may hide whether a student truly understands the concept.,passive role; passive voice,Use passive before a noun or after a linking verb; do not use it as an adverb without the correct form.,"passive means accepting without resistance, or not active. By contrast, constant means unchanging, or happening frequently.",professional and academic; often useful in careful speech and writing,"IPA (stress shown separately): /pæsɪv/ Stress syllable 1 of 2. For /v/, touch the upper teeth to the lower lip; do not replace it with /b/. Keep /ɪ/ short and relaxed, as in sit. Keep the final /v/ audible.",general academic and professional,B2,v0391-s1
v0392,perceive,perceived,academic/professional word,AWL-derived core,"to notice, understand, or regard something in a particular way",verb,perceive + noun + as + adjective/noun,"Many participants perceived the new process as more transparent, so the reader could understand the intended relationship without guessing.",perceive X as Y; widely perceive,This is an inflected verb form. Do not put “to” directly before it; use the base form after “to.”,"perceive means to notice, understand, or regard something in a particular way. By contrast, detect means to notice or discover something, often with a test or instrument.",professional and academic; often useful in careful speech and writing,"IPA (stress shown separately): /pɚsiv/ Stress syllable 2 of 2. For /v/, touch the upper teeth to the lower lip; do not replace it with /b/. Keep the final /v/ audible.",general academic and professional,C1,v0392-s1
v0393,percent,,academic/professional word,AWL-derived core,in proportion to a hundred,noun,number + percent of + noun,"Eighty percent of the students completed the assignment, which gave the teacher clearer information for the following lesson.",percent of + group; percentage point,Check whether percent is countable in this meaning before adding “a” or a plural ending.,"percent means in proportion to a hundred. By contrast, proportion means the size of something when compared to the whole.",professional and academic; often useful in careful speech and writing,IPA (stress shown separately): /pɚsɛnt/ Stress syllable 2 of 2. Keep the final /t/ audible.,general academic and professional,C1,v0393-s1
v0394,period,,academic/professional word,AWL-derived core,any length of time,noun,period of + time/activity,"The observation period lasted six weeks, so the reader could understand the intended relationship without guessing.",time period; during the period,Check whether period is countable in this meaning before adding “a” or a plural ending.,"period means any length of time. By contrast, interval means a short period of time between one event and the next.",professional and academic; often useful in careful speech and writing,IPA (stress shown separately): /pɪriəd/ Stress syllable 1 of 3. Keep short /ɪ/ distinct from long /i/. Keep the final /d/ audible.,general academic and professional,C1,v0394-s1
v0395,persistent,,academic/professional word,AWL-derived core,"continuing for a long time, or refusing to give up",adjective,persistent + noun; be persistent,"A persistent error in the formula affected every calculation, so the reader could understand the intended relationship without guessing.",persistent problem; persistent effort,Use persistent before a noun or after a linking verb; do not use it as an adverb without the correct form.,"persistent means continuing for a long time, or refusing to give up. By contrast, considerable means large or of noticeable importance.",professional and academic; often useful in careful speech and writing,"IPA (stress shown separately): /pɚsɪstənt/ Stress syllable 2 of 3. Keep /ɪ/ short and relaxed, as in sit. Keep the final /t/ audible.",general academic and professional,B2,v0395-s1
v0396,perspective,,academic/professional word,AWL-derived core,a way of looking at or considering something,noun,perspective on + issue; from + perspective,"The discussion included the perspectives of students, teachers, and families.",different perspective; broader perspective,Check whether perspective is countable in this meaning before adding “a” or a plural ending.,"perspective means a way of looking at or considering something. By contrast, approach means a way of considering or doing something.",professional and academic; often useful in careful speech and writing,"IPA (stress shown separately): /pɚspɛktɪv/ Stress syllable 2 of 3. For /v/, touch the upper teeth to the lower lip; do not replace it with /b/. Keep /ɪ/ short and relaxed, as in sit. Keep the final /v/ audible.",general academic and professional,B2,v0396-s1
v0397,phase,,academic/professional word,AWL-derived core,"a period of time, especially as part of a series",noun,phase of + project; in + phase,"The project entered its final phase in May, which helped the manager assign the next responsibility accurately.",initial phase; project phase,Check whether phase is countable in this meaning before adding “a” or a plural ending.,"phase means a period of time, especially as part of a series. By contrast, period means any length of time.",professional and academic; often useful in careful speech and writing,IPA (stress shown separately): /feɪz/ Stress syllable 1 of 1. Keep the final /z/ audible.,general academic and professional,C1,v0397-s1
v0398,phenomenon,,academic/professional word,AWL-derived core,something unusual or amazing which can be sensed,noun,phenomenon of + noun,"The researchers studied the phenomenon under controlled conditions, which gave the people involved a clearer basis for the next step.",natural phenomenon; social phenomenon,Check whether phenomenon is countable in this meaning before adding “a” or a plural ending.,"phenomenon means something unusual or amazing which can be sensed. By contrast, inclination means slope, or the way a person feels about something.",professional and academic; often useful in careful speech and writing,IPA (stress shown separately): /fənɑmənɑn/ Stress syllable 2 of 4. Keep the final /n/ audible.,general academic and professional,C1,v0398-s1
v0399,philosophy,,academic/professional word,AWL-derived core,a system of beliefs that guide one's behavior,noun,philosophy of + organization; philosophy toward + issue,"The school’s philosophy emphasizes inquiry and collaboration, which gave the teacher clearer information for the following lesson.",educational philosophy; guiding philosophy,Check whether philosophy is countable in this meaning before adding “a” or a plural ending.,"philosophy means a system of beliefs that guide one's behavior. By contrast, administration means a method of managing the affairs of an organization.",academic and professional; also useful in formal explanations,IPA (stress shown separately): /fəlɑsəfi/ Stress syllable 2 of 4.,STEM and technology,C1,v0399-s1
v0400,physical,,academic/professional word,AWL-derived core,"of the body, or having material existence",adjective,physical + noun,"The model shows the physical structure of the molecule, which gave the people involved a clearer basis for the next step.",physical property; physical activity,Use physical before a noun or after a linking verb; do not use it as an adverb without the correct form.,"physical means of the body, or having material existence. By contrast, capable means having the ability or qualities to do something.",professional and academic; often useful in careful speech and writing,"IPA (stress shown separately): /fɪzɪkəl/ Stress syllable 1 of 3. Keep /ɪ/ short and relaxed, as in sit. Keep the final /l/ audible.",general academic and professional,B2,v0400-s1
v0401,plus,,academic/professional word,AWL-derived core,"and also, or more, added to",preposition/conjunction,"noun + plus + noun; Plus, + clause","The package includes the software plus one year of technical support, which gave the people involved a clearer basis for the next step.","X plus Y; plus, + clause",Follow the preposition with a noun phrase or gerund unless the pattern explicitly introduces a clause.,"plus means and also, or more, added to. By contrast, despite means introduces a contrast.",professional and academic; often useful in careful speech and writing,IPA (stress shown separately): /plʌs/ Stress syllable 1 of 1. Keep the final /s/ audible.,general academic and professional,B2,v0401-s1
v0402,policy,,academic/professional word,AWL-derived core,an established practice or plan of what to do,noun,policy on + issue; policy for + process,"The policy requires written permission before student information is shared, so the class could connect the idea to the next activity.",implement a policy; school policy,Check whether policy is countable in this meaning before adding “a” or a plural ending.,"policy means an established practice or plan of what to do. By contrast, implementation means the realization of a plan, idea or policy.",professional and academic; often useful in careful speech and writing,IPA (stress shown separately): /pɑləsi/ Stress syllable 1 of 3.,planning and projects,C1,v0402-s1
v0403,portion,,academic/professional word,AWL-derived core,part or share of a whole,noun,portion of + whole,"A large portion of the budget supports transportation, which allowed leaders to direct limited resources toward the highest-priority work.",small portion; portion of,Check whether portion is countable in this meaning before adding “a” or a plural ending.,"portion means part or share of a whole. By contrast, allocation means a share of something for a specific purpose.",professional and academic; often useful in careful speech and writing,IPA (stress shown separately): /pɔrʃən/ Stress syllable 1 of 2. Use a clear /ʃ/ “sh” sound. Keep the final /n/ audible.,general academic and professional,C1,v0403-s1
v0404,pose,posed,academic/professional word,AWL-derived core,to ask a question or present a problem or risk,verb,pose + noun,"The interviewer posed a difficult question about the study’s limitations, so the team could interpret the evidence with less uncertainty.",pose a question; pose a risk,This is an inflected verb form. Do not put “to” directly before it; use the base form after “to.”,"pose means to ask a question or present a problem or risk. By contrast, mitigate means to reduce the seriousness or harmful effect of something.",professional and academic; often useful in careful speech and writing,IPA (stress shown separately): /poʊz/ Stress syllable 1 of 1. Keep the final /z/ audible.,cause and effect,C1,v0404-s1
v0405,positive,,academic/professional word,AWL-derived core,certain about something,adjective,positive + noun,"The pilot received a positive response from teachers and families, which gave the teacher clearer information for the following lesson.",positive outcome; positive feedback,Use positive before a noun or after a linking verb; do not use it as an adverb without the correct form.,"positive means certain about something. By contrast, cultural means relating to the customs and beliefs of a certain group.",professional and academic; often useful in careful speech and writing,"IPA (stress shown separately): /pɑzətɪv/ Stress syllable 1 of 3. For /v/, touch the upper teeth to the lower lip; do not replace it with /b/. Keep /ɪ/ short and relaxed, as in sit. Keep the final /v/ audible.",general academic and professional,B2,v0405-s1
v0406,potential,,academic/professional word,AWL-derived core,"the capacity to develop, succeed or achieve",noun,potential to + verb; potential for + noun,"The program has the potential to expand across the state, so the reader could understand the intended relationship without guessing.",full potential; potential for growth,Check whether potential is countable in this meaning before adding “a” or a plural ending.,"potential means the capacity to develop, succeed or achieve. By contrast, drawback means a disadvantage or negative feature.",professional and academic; often useful in careful speech and writing,IPA (stress shown separately): /pətɛnʃəl/ Stress syllable 2 of 3. Use a clear /ʃ/ “sh” sound. Keep the final /l/ audible.,general academic and professional,B2,v0406-s1
v0407,practitioner,practitioners,academic/professional word,AWL-derived core,people involved in an activity or job requiring skill,noun,practitioner in + field,"The conference brought together researchers and classroom practitioners, so the class could connect the idea to the next activity.",experienced practitioner; health practitioner,Check whether practitioner is countable in this meaning before adding “a” or a plural ending.,"practitioner means people involved in an activity or job requiring skill. By contrast, technique means ways of doing an activity that requires skill.",professional and academic; often useful in careful speech and writing,"IPA (stress shown separately): /præktɪʃənɚ/ Stress syllable 2 of 4. Use a clear /ʃ/ “sh” sound. Keep /ɪ/ short and relaxed, as in sit.",general academic and professional,C1,v0407-s1
v0408,preceding,,academic/professional word,AWL-derived core,coming before something or someone else,adjective,preceding + noun,The preceding paragraph explains how the data were collected.,preceding section; preceding year,Use preceding before a noun or after a linking verb; do not use it as an adverb without the correct form.,"preceding means coming before something or someone else. By contrast, annual means happening once a year.",professional and academic; often useful in careful speech and writing,IPA (stress shown separately): /prisidɪŋ/ Stress syllable 2 of 3. Keep short /ɪ/ distinct from long /i/. Keep the final /ŋ/ audible.,general academic and professional,C1,v0408-s1
v0409,precise,,academic/professional word,AWL-derived core,exact or careful and accurate,adjective,precise + noun; be precise,Use precise language so readers know exactly what the claim means.,precise measurement; precise wording,Use precise before a noun or after a linking verb; do not use it as an adverb without the correct form.,"precise means exact or careful and accurate. By contrast, accurate means correct and without any mistakes.",professional and academic; often useful in careful speech and writing,"IPA (stress shown separately): /prɪsaɪs/ Stress syllable 2 of 2. Keep /ɪ/ short and relaxed, as in sit. Let /aɪ/ glide smoothly, as in my. Keep the final /s/ audible.",general academic and professional,C1,v0409-s1
v0410,predict,predicted,academic/professional word,AWL-derived core,to state what is likely to happen in the future,verb,predict + noun; predict that + clause,"The model predicted a gradual decline in energy use, which gave the people involved a clearer basis for the next step.",predict an outcome; predict that,This is an inflected verb form. Do not put “to” directly before it; use the base form after “to.”,"predict means to state what is likely to happen in the future. By contrast, specify means to state something clearly and exactly.",professional and academic; often useful in careful speech and writing,"IPA (stress shown separately): /prɪdɪkt/ Stress syllable 2 of 2. Keep /ɪ/ short and relaxed, as in sit. Keep the final /t/ audible.",general academic and professional,B2,v0410-s1
v0411,predominantly,,academic/professional word,AWL-derived core,mainly or mostly,adverb,predominantly + adjective/verb,"The participants were predominantly high school teachers, so the class could connect the idea to the next activity.",predominantly composed of; predominantly used,Check sentence position and punctuation; many sentence adverbs take a comma when they introduce a clause.,"predominantly means mainly or mostly. By contrast, solely means only and exclusively.",professional and academic; often useful in careful speech and writing,IPA (stress shown separately): /prɪdɑmənəntli/ Stress syllable 2 of 5. Keep short /ɪ/ distinct from long /i/.,general academic and professional,B2,v0411-s1
v0412,preliminary,,academic/professional word,AWL-derived core,prior to or in preparation for the main activity or event,adjective,preliminary + noun,"The preliminary findings should be interpreted with caution, which gave the people involved a clearer basis for the next step.",preliminary result; preliminary analysis,Use preliminary before a noun or after a linking verb; do not use it as an adverb without the correct form.,"preliminary means prior to or in preparation for the main activity or event. By contrast, prior means coming before something else in time or importance.",professional and academic; often useful in careful speech and writing,IPA (stress shown separately): /prɪlɪmənɛri/ Stress syllable 2 of 5. Keep short /ɪ/ distinct from long /i/.,general academic and professional,C1,v0412-s1
v0413,presumption,,academic/professional word,AWL-derived core,an attitude based on probability rather than proof,noun,presumption that + clause; presumption of + noun,"The decision was based on a presumption rather than verified evidence, which gave the reviewers a clearer basis for evaluating the conclusion.",legal presumption; rebut a presumption,Check whether presumption is countable in this meaning before adding “a” or a plural ending.,"presumption means an attitude based on probability rather than proof. By contrast, attitude means feelings or opinions about someone or something.",professional and academic; often useful in careful speech and writing,"IPA (stress shown separately): /prɪzʌmpʃən/ Stress syllable 2 of 3. Use a clear /ʃ/ “sh” sound. Keep /ɪ/ short and relaxed, as in sit. Keep the final /n/ audible.",general academic and professional,C1,v0413-s1
v0414,previous,,academic/professional word,AWL-derived core,occurring or existing before something or someone else,adjective,previous + noun,"The revised policy addresses problems identified in the previous version, so the people affected could understand the practical consequence.",previous study; previous year,Use previous before a noun or after a linking verb; do not use it as an adverb without the correct form.,"previous means occurring or existing before something or someone else. By contrast, initial means existing or occurring at the beginning.",professional and academic; often useful in careful speech and writing,"IPA (stress shown separately): /priviəs/ Stress syllable 1 of 3. For /v/, touch the upper teeth to the lower lip; do not replace it with /b/. Keep the final /s/ audible.",general academic and professional,C1,v0414-s1
v0415,primary,,academic/professional word,AWL-derived core,more important than anything else,adjective,primary + noun,"The primary goal is to improve students’ ability to explain their reasoning, which gave the teacher a clear standard for planning instruction and evaluating progress.",primary purpose; primary source,Use primary before a noun or after a linking verb; do not use it as an adverb without the correct form.,"primary means more important than anything else. By contrast, principal means the first, main, or most important.",professional and academic; often useful in careful speech and writing,"IPA (stress shown separately): /praɪmɛri/ Stress syllable 1 of 3. Let /aɪ/ glide smoothly, as in my.",general academic and professional,B2,v0415-s1
v0416,prime,,academic/professional word,AWL-derived core,"the main or most important, or the best quality",adjective,prime + noun,"The prime objective is to improve safety without reducing access, so the group could make the next decision with clearer information.",prime objective; prime example,Use prime before a noun or after a linking verb; do not use it as an adverb without the correct form.,"prime means the main or most important, or the best quality. By contrast, qualitative means relating to quality.",professional and academic; often useful in careful speech and writing,"IPA (stress shown separately): /praɪm/ Stress syllable 1 of 1. Let /aɪ/ glide smoothly, as in my. Keep the final /m/ audible.",evaluation and decisions,B2,v0416-s1
v0417,principal,,academic/professional word,AWL-derived core,"the first, main, or most important",adjective,principal + noun,"Transportation was the principal cause of the attendance problem, which gave the people involved a clearer basis for the next step.",principal reason; principal factor,Use principal before a noun or after a linking verb; do not use it as an adverb without the correct form.,"principal means the first, main, or most important. By contrast, crucial means extremely important.",professional and academic; often useful in careful speech and writing,"IPA (stress shown separately): /prɪnsəpəl/ Stress syllable 1 of 3. Keep /ɪ/ short and relaxed, as in sit. Keep the final /l/ audible.",general academic and professional,C1,v0417-s1
v0418,principle,,academic/professional word,AWL-derived core,a basic generalization that is accepted as true,noun,principle of + field; principle that + clause,The procedure is based on the principle that variables should be controlled.,basic principle; guiding principle,Check whether principle is countable in this meaning before adding “a” or a plural ending.,"principle means a basic generalization that is accepted as true. By contrast, foundation means a basic principle or structure on which something is built.",professional and academic; often useful in careful speech and writing,"IPA (stress shown separately): /prɪnsəpəl/ Stress syllable 1 of 3. Keep /ɪ/ short and relaxed, as in sit. Keep the final /l/ audible.",general academic and professional,C1,v0418-s1
v0419,prior,,academic/professional word,AWL-derived core,coming before something else in time or importance,adjective,prior + noun; prior to + noun,"Prior experience with algebra helps students succeed in the course, which gave the teacher clearer information for the following lesson.",prior knowledge; prior to,Use prior before a noun or after a linking verb; do not use it as an adverb without the correct form.,"prior means coming before something else in time or importance. By contrast, underlying means fundamental, implicit but not obvious, prior.",professional and academic; often useful in careful speech and writing,"IPA (stress shown separately): /praɪɚ/ Stress syllable 1 of 2. Let /aɪ/ glide smoothly, as in my.",general academic and professional,C1,v0419-s1
v0420,priority,,academic/professional word,AWL-derived core,something important that comes first or before others,noun,priority for + group; give priority to + noun,"Student safety remains the district’s highest priority, which gave the teacher clearer information for the following lesson.",top priority; set priorities,Check whether priority is countable in this meaning before adding “a” or a plural ending.,"priority means something important that comes first or before others. By contrast, evaluation means judgment of the value or quality of something.",professional and academic; often useful in careful speech and writing,"IPA (stress shown separately): /praɪɔrəti/ Stress syllable 2 of 4. Let /aɪ/ glide smoothly, as in my.",evaluation and decisions,B2,v0420-s1
v0421,procedure,,academic/professional word,AWL-derived core,a course of action intended to achieve a result,noun,procedure for + task,"Follow the safety procedure before turning on the equipment, so the team could interpret the evidence with less uncertainty.",standard procedure; follow a procedure,Check whether procedure is countable in this meaning before adding “a” or a plural ending.,"procedure means a course of action intended to achieve a result. By contrast, process means a series of actions taken to achieve a result.",professional and academic; often useful in careful speech and writing,"IPA (stress shown separately): /prəsidʒɚ/ Stress syllable 2 of 3. Use /dʒ/ “j,” as in job.",cause and effect,B2,v0421-s1
v0422,process,,academic/professional word,AWL-derived core,a series of actions taken to achieve a result,noun,process of + gerund; process for + task,"The hiring process includes an application, interview, and reference check.",decision-making process; step-by-step process,Check whether process is countable in this meaning before adding “a” or a plural ending.,"process means a series of actions taken to achieve a result. By contrast, procedure means a course of action intended to achieve a result.",professional and academic; often useful in careful speech and writing,IPA (stress shown separately): /prɑsɛs/ Stress syllable 1 of 2. Keep the final /s/ audible.,cause and effect,C1,v0422-s1
v0423,professional,,academic/professional word,AWL-derived core,relating to or conforming to the standards of work,adjective,professional + noun; be professional,"The email was polite, concise, and professional, so the audience could understand the intended point without guessing.",professional development; professional conduct,Use professional before a noun or after a linking verb; do not use it as an adverb without the correct form.,"professional means relating to or conforming to the standards of work. By contrast, occupational means relating to work.",professional and academic; often useful in careful speech and writing,IPA (stress shown separately): /prəfɛʃənəl/ Stress syllable 2 of 4. Use a clear /ʃ/ “sh” sound. Keep the final /l/ audible.,workplace and leadership,C1,v0423-s1
v0424,prohibit,prohibited,academic/professional word,AWL-derived core,to officially forbid an action,verb,prohibit + person + from + gerund,"The safety policy prohibited students from entering the lab without supervision, so the class could connect the idea to the next activity.",prohibit X from doing Y; strictly prohibit,This is an inflected verb form. Do not put “to” directly before it; use the base form after “to.”,"prohibit means to officially forbid an action. By contrast, grant means to officially give or allow something.",professional and academic; often useful in careful speech and writing,"IPA (stress shown separately): /proʊhɪbət/ Stress syllable 2 of 3. For /b/, close both lips completely. Keep /ɪ/ short and relaxed, as in sit. Keep the final /t/ audible.",general academic and professional,C1,v0424-s1
v0425,project,,academic/professional word,AWL-derived core,work or a study of a subject over a period of time,noun,project on + topic; project for + purpose,"The class completed a semester-long engineering project, which gave the teacher clearer information for the following lesson.",research project; project goal,Check whether project is countable in this meaning before adding “a” or a plural ending.,"project means work or a study of a subject over a period of time. By contrast, research means a detailed study of a subject.",academic and professional; also useful in formal explanations,"IPA (stress shown separately): /prɑdʒɛkt/ Stress syllable 1 of 2. Use /dʒ/ “j,” as in job. Keep the final /t/ audible.",evidence,B2,v0425-s1
v0426,promote,,academic/professional word,AWL-derived core,to raise someone or something to a higher level,verb,promote + noun; promote + person + to + role,"The program promotes collaboration among teachers from different departments, so the class could connect the idea to the next activity.",promote learning; promote someone to,Do not use promote as a noun without changing its form; also check the required preposition or object.,"promote means to raise someone or something to a higher level. By contrast, assign means to give a person a particular task or role.",professional and academic; often useful in careful speech and writing,IPA (stress shown separately): /prəmoʊt/ Stress syllable 2 of 2. Keep the final /t/ audible.,general academic and professional,B2,v0426-s1
v0427,proportion,,academic/professional word,AWL-derived core,the size of something when compared to the whole,noun,proportion of + group,A higher proportion of students completed the course after tutoring was added.,large proportion; in proportion to,Check whether proportion is countable in this meaning before adding “a” or a plural ending.,"proportion means the size of something when compared to the whole. By contrast, percent means in proportion to a hundred.",professional and academic; often useful in careful speech and writing,IPA (stress shown separately): /prəpɔrʃən/ Stress syllable 2 of 3. Use a clear /ʃ/ “sh” sound. Keep the final /n/ audible.,general academic and professional,C1,v0427-s1
v0428,prospect,,academic/professional word,AWL-derived core,"anticipation, or probability of a favorable outcome",noun,prospect of + noun/gerund,"The prospect of additional funding encouraged the team to continue planning, so decision makers could see how the available resources would support the stated goal.",future prospect; promising prospect,Check whether prospect is countable in this meaning before adding “a” or a plural ending.,"prospect means anticipation, or probability of a favorable outcome. By contrast, outcome means the end results or consequences of a particular event.",professional and academic; often useful in careful speech and writing,IPA (stress shown separately): /prɑspɛkt/ Stress syllable 1 of 2. Keep the final /t/ audible.,cause and effect,C1,v0428-s1
v0429,protocol,,academic/professional word,AWL-derived core,set of rules and procedures,noun,protocol for + procedure,The laboratory protocol specifies how samples must be stored.,safety protocol; research protocol,Check whether protocol is countable in this meaning before adding “a” or a plural ending.,"protocol means set of rules and procedures. By contrast, equipment means necessary items for a particular activity of purpose.",professional and academic; often useful in careful speech and writing,IPA (stress shown separately): /proʊtəkɑl/ Stress syllable 1 of 3. Keep the final /l/ audible.,general academic and professional,C1,v0429-s1
v0430,psychology,,academic/professional word,AWL-derived core,study of how the mind works and affects behavior,noun,psychology of + behavior/group,"The course introduces basic concepts from cognitive psychology, which gave the teacher clearer information for the following lesson.",educational psychology; social psychology,Check whether psychology is countable in this meaning before adding “a” or a plural ending.,"psychology means study of how the mind works and affects behavior. By contrast, technology means the study of practical uses of scientific discoveries.",academic and professional; also useful in formal explanations,"IPA (stress shown separately): /saɪkɑlədʒi/ Stress syllable 2 of 4. Use /dʒ/ “j,” as in job. Let /aɪ/ glide smoothly, as in my.",evidence,B2,v0430-s1
v0431,publication,,academic/professional word,AWL-derived core,"printed item such as a book, magazine or journal",noun,publication of + work; publication in + journal,"The journal accepted the article for publication, so the audience could understand the intended point without guessing.",academic publication; publication date,Check whether publication is countable in this meaning before adding “a” or a plural ending.,"publication means printed item such as a book, magazine or journal. By contrast, journal means a publication with a focus on a particular subject.",academic and professional; also useful in formal explanations,"IPA (stress shown separately): /pʌblɪkeɪʃən/ Stress syllable 3 of 4. Use a clear /ʃ/ “sh” sound. For /b/, close both lips completely. Keep /ɪ/ short and relaxed, as in sit. Keep the final /n/ audible.",policy and society,B2,v0431-s1
v0432,publish,published,academic/professional word,AWL-derived core,to make written research or information publicly available,verb,publish + noun + in + source,"The researchers published their findings in a peer-reviewed journal, which allowed the board to explain the decision more transparently.",publish a study; publish in,This is an inflected verb form. Do not put “to” directly before it; use the base form after “to.”,"publish means to make written research or information publicly available. By contrast, advocate means to publicly recommend or support something.",academic and professional; also useful in formal explanations,"IPA (stress shown separately): /pʌblɪʃ/ Stress syllable 1 of 2. Use a clear /ʃ/ “sh” sound. For /b/, close both lips completely. Keep /ɪ/ short and relaxed, as in sit. Keep the final /ʃ/ audible.",policy and society,C1,v0432-s1
v0433,purchase,,academic/professional word,AWL-derived core,buy,verb,purchase + noun + from + seller,"The school purchased new sensors for the engineering laboratory, so the class could connect the idea to the next activity.",purchase equipment; purchase from,Do not use purchase as a noun without changing its form; also check the required preposition or object.,"purchase means buy. By contrast, found means to establish an organization or institution.",professional and academic; often useful in careful speech and writing,IPA (stress shown separately): /pɝtʃəs/ Stress syllable 1 of 2. Use a crisp /tʃ/ “ch” sound. Keep the final /s/ audible.,general academic and professional,C1,v0433-s1
v0434,pursue,,academic/professional word,AWL-derived core,"to follow, try to get, or try to discover information",verb,pursue + noun,"The team decided to pursue a less expensive alternative, so the group could make the next decision with clearer information.",pursue a goal; pursue research,Do not use pursue as a noun without changing its form; also check the required preposition or object.,"pursue means to follow, try to get, or try to discover information. By contrast, detect means to notice or discover something, often with a test or instrument.",professional and academic; often useful in careful speech and writing,IPA (stress shown separately): /pɚsu/ Stress syllable 2 of 2.,general academic and professional,C1,v0434-s1
v0435,qualitative,,academic/professional word,AWL-derived core,relating to quality,adjective,qualitative + noun,"The study used qualitative interviews to understand participants’ experiences, which gave the reviewers a clearer basis for evaluating the conclusion.",qualitative data; qualitative analysis,Use qualitative before a noun or after a linking verb; do not use it as an adverb without the correct form.,"qualitative means relating to quality. By contrast, prime means the main or most important, or the best quality.",professional and academic; often useful in careful speech and writing,"IPA (stress shown separately): /kwɑləteɪtɪv/ Stress syllable 1 of 4. For /v/, touch the upper teeth to the lower lip; do not replace it with /b/. For /w/, round the lips; do not touch the teeth. Keep /ɪ/ short and relaxed, as in sit. Keep the final /v/ audible.",evaluation and decisions,B2,v0435-s1
v0436,quotation,,academic/professional word,AWL-derived core,what someone has said or written,noun,quotation from + source,"The essay includes a short quotation from the original source, which gave the people involved a clearer basis for the next step.",direct quotation; quotation marks,Check whether quotation is countable in this meaning before adding “a” or a plural ending.,"quotation means what someone has said or written. By contrast, link means a connection between two things.",professional and academic; often useful in careful speech and writing,"IPA (stress shown separately): /kwoʊteɪʃən/ Stress syllable 2 of 3. Use a clear /ʃ/ “sh” sound. For /w/, round the lips; do not touch the teeth. Keep the final /n/ audible.",general academic and professional,B2,v0436-s1
v0437,radical,,academic/professional word,AWL-derived core,fundamental or extreme,adjective,radical + noun,The proposal calls for a radical change in how the program is funded.,radical change; radical approach,Use radical before a noun or after a linking verb; do not use it as an adverb without the correct form.,"radical means fundamental or extreme. By contrast, fundamental means basic, central, or more important than anything else.",professional and academic; often useful in careful speech and writing,IPA (stress shown separately): /rædəkəl/ Stress syllable 1 of 3. Keep the final /l/ audible.,general academic and professional,C1,v0437-s1
v0438,random,,academic/professional word,AWL-derived core,without pattern or plan,adjective,random + noun,"The researchers selected a random sample from the full student population, which gave the teacher clearer information for the following lesson.",random sample; random selection,Use random before a noun or after a linking verb; do not use it as an adverb without the correct form.,"random means without pattern or plan. By contrast, strategic means designed to support important long-term goals.",professional and academic; often useful in careful speech and writing,IPA (stress shown separately): /rændəm/ Stress syllable 1 of 2. Keep the final /m/ audible.,planning and projects,C1,v0438-s1
v0439,range,,academic/professional word,AWL-derived core,the upper and lower limits of something,noun,range of + noun; range from X to Y,"The values fall within a narrow range, so the reader could understand the intended relationship without guessing.",wide range; range of values,Check whether range is countable in this meaning before adding “a” or a plural ending.,"range means the upper and lower limits of something. By contrast, scope means range covered, or opportunity.",professional and academic; often useful in careful speech and writing,"IPA (stress shown separately): /reɪndʒ/ Stress syllable 1 of 1. Use /dʒ/ “j,” as in job. Keep the final /dʒ/ audible.",general academic and professional,C1,v0439-s1
v0440,ratio,,academic/professional word,AWL-derived core,a comparison of two things expressed as a number,noun,ratio between + quantities,"The student-to-teacher ratio is lower in the pilot program, so the class could connect the idea to the next activity.",ratio of X to Y; aspect ratio,Check whether ratio is countable in this meaning before adding “a” or a plural ending.,"ratio means a comparison of two things expressed as a number. By contrast, communication means the way living things send messages to each other.",professional and academic; often useful in careful speech and writing,IPA (stress shown separately): /reɪʃioʊ/ Stress syllable 1 of 3. Use a clear /ʃ/ “sh” sound.,communication,B2,v0440-s1
v0441,rational,,academic/professional word,AWL-derived core,logical or based on reason,adjective,rational + noun; be rational,"A rational decision should be based on evidence and clearly stated priorities, so the team could interpret the evidence with less uncertainty.",rational explanation; rational choice,Use rational before a noun or after a linking verb; do not use it as an adverb without the correct form.,"rational means logical or based on reason. By contrast, arbitrary means based on chance rather than reason.",professional and academic; often useful in careful speech and writing,IPA (stress shown separately): /ræʃənəl/ Stress syllable 1 of 3. Use a clear /ʃ/ “sh” sound. Keep the final /l/ audible.,general academic and professional,B2,v0441-s1
v0442,reaction,,academic/professional word,AWL-derived core,behavior or action as a result of a particular event,noun,reaction to + event,"The announcement produced a mixed reaction from staff, so the team could interpret the evidence with less uncertainty.",chemical reaction; public reaction,Check whether reaction is countable in this meaning before adding “a” or a plural ending.,"reaction means behavior or action as a result of a particular event. By contrast, outcome means the end results or consequences of a particular event.",professional and academic; often useful in careful speech and writing,IPA (stress shown separately): /riækʃən/ Stress syllable 2 of 3. Use a clear /ʃ/ “sh” sound. Keep the final /n/ audible.,cause and effect,C1,v0442-s1
v0443,recovery,,academic/professional word,AWL-derived core,"return to normal, or getting back something lost",noun,recovery from + event; recovery of + item,"The backup system allowed a rapid recovery of the deleted files, which gave the people involved a clearer basis for the next step.",economic recovery; recovery process,Check whether recovery is countable in this meaning before adding “a” or a plural ending.,"recovery means return to normal, or getting back something lost. By contrast, item means the things which are part of a list or group.",professional and academic; often useful in careful speech and writing,"IPA (stress shown separately): /rɪkʌvri/ Stress syllable 2 of 3. For /v/, touch the upper teeth to the lower lip; do not replace it with /b/. Keep short /ɪ/ distinct from long /i/.",general academic and professional,C1,v0443-s1
v0444,refine,,academic/professional word,AWL-derived core,improve something through small changes,verb,refine + noun,The team refined the model after comparing its predictions with real data.,refine a method; refine an estimate,Do not use refine as a noun without changing its form; also check the required preposition or object.,"refine means improve something through small changes. By contrast, convert means to change something into a different form or format.",professional and academic; often useful in careful speech and writing,"IPA (stress shown separately): /rəfaɪn/ Stress syllable 2 of 2. Let /aɪ/ glide smoothly, as in my. Keep the final /n/ audible.",change and trends,C1,v0444-s1
v0445,regime,,academic/professional word,AWL-derived core,a particular government or controlling group or system,noun,regime in + country; regime for + activity,"The report analyzes the regulatory regime governing water use, so the audience could understand the intended point without guessing.",political regime; regulatory regime,Check whether regime is countable in this meaning before adding “a” or a plural ending.,"regime means a particular government or controlling group or system. By contrast, ideology means system of beliefs or principles.",academic and professional; also useful in formal explanations,"IPA (stress shown separately): /rəʒim/ Stress syllable 2 of 2. Use /ʒ/ “zh,” as in measure. Keep the final /m/ audible.",STEM and technology,B2,v0445-s1
v0446,region,,academic/professional word,AWL-derived core,a geographical or physical area,noun,region of + country; region around + place,"The study focuses on schools in a rural region of the state, which gave the reviewers a clearer basis for evaluating the conclusion.",geographic region; surrounding region,Check whether region is countable in this meaning before adding “a” or a plural ending.,"region means a geographical or physical area. By contrast, migration means movement of a group from one region to another.",professional and academic; often useful in careful speech and writing,"IPA (stress shown separately): /ridʒən/ Stress syllable 1 of 2. Use /dʒ/ “j,” as in job. Keep the final /n/ audible.",general academic and professional,B2,v0446-s1
v0447,register,registered,academic/professional word,AWL-derived core,to officially record or enroll a person or item,verb,register for + noun; register with + organization,"More than two hundred students registered for the summer program, so the class could connect the idea to the next activity.",register for a course; register with,This is an inflected verb form. Do not put “to” directly before it; use the base form after “to.”,"register means to officially record or enroll a person or item. By contrast, found means to establish an organization or institution.",professional and academic; often useful in careful speech and writing,"IPA (stress shown separately): /rɛdʒɪstɚ/ Stress syllable 1 of 3. Use /dʒ/ “j,” as in job. Keep /ɪ/ short and relaxed, as in sit.",general academic and professional,C1,v0447-s1
v0448,regulation,regulations,academic/professional word,AWL-derived core,rules issued by an authority,noun,regulation on/for + activity,"Federal regulations require secure handling of student records, which gave the teacher clearer information for the following lesson.",safety regulation; comply with regulation,Check whether regulation is countable in this meaning before adding “a” or a plural ending.,"regulation means rules issued by an authority. By contrast, authority means an expert on a subject.",academic and professional; also useful in formal explanations,IPA (stress shown separately): /rɛɡjəleɪʃən/ Stress syllable 3 of 4. Use a clear /ʃ/ “sh” sound. Keep the final /n/ audible.,policy and society,C1,v0448-s1
v0449,reinforce,reinforced,academic/professional word,AWL-derived core,"to strengthen an idea, behavior, or structure",verb,reinforce + noun,"The second example reinforced the main idea, which gave the people involved a clearer basis for the next step.",reinforce a concept; reinforce the message,This is an inflected verb form. Do not put “to” directly before it; use the base form after “to.”,"reinforce means to strengthen an idea, behavior, or structure. By contrast, enhance means to improve the quality, value, or effectiveness of something.",professional and academic; often useful in careful speech and writing,IPA (stress shown separately): /riɪnfɔrs/ Stress syllable 3 of 3. Keep short /ɪ/ distinct from long /i/. Keep the final /s/ audible.,general academic and professional,C1,v0449-s1
v0450,reject,rejected,academic/professional word,AWL-derived core,"to refuse to accept a proposal, claim, or request",verb,reject + noun,The panel rejected the proposal because it lacked supporting evidence.,reject a proposal; reject the claim,This is an inflected verb form. Do not put “to” directly before it; use the base form after “to.”,"reject means to refuse to accept a proposal, claim, or request. By contrast, attribute means to identify something as the cause of a result.",professional and academic; often useful in careful speech and writing,"IPA (stress shown separately): /rɪdʒɛkt/ Stress syllable 2 of 2. Use /dʒ/ “j,” as in job. Keep /ɪ/ short and relaxed, as in sit. Keep the final /t/ audible.",cause and effect,B2,v0450-s1
v0451,relax,relaxed,academic/professional word,AWL-derived core,to make a rule or restriction less strict,verb,relax + noun,"The district relaxed the rule after reviewing the new safety data, which gave the teacher clearer information for the following lesson.",relax a rule; restrictions were relax,This is an inflected verb form. Do not put “to” directly before it; use the base form after “to.”,"relax means to make a rule or restriction less strict. By contrast, impose means to force a rule, requirement, or burden on someone.",professional and academic; often useful in careful speech and writing,"IPA (stress shown separately): /rɪlæks/ Stress syllable 2 of 2. Keep /ɪ/ short and relaxed, as in sit. Keep the final /s/ audible.",general academic and professional,B2,v0451-s1
v0452,release,,academic/professional word,AWL-derived core,to let go or let out,verb,release + noun,The agency will release the report after the review is complete.,release a report; release data,Do not use release as a noun without changing its form; also check the required preposition or object.,"release means to let go or let out. By contrast, compile means to collect and organize information from several sources.",professional and academic; often useful in careful speech and writing,IPA (stress shown separately): /rilis/ Stress syllable 2 of 2. Keep the final /s/ audible.,general academic and professional,C1,v0452-s1
v0453,relevant,,academic/professional word,AWL-derived core,correct or suitable for a particular purpose,adjective,relevant + noun; be relevant to + noun,"Include only evidence that is relevant to the question being investigated, which gave the reviewers a clearer basis for evaluating the conclusion.",relevant information; relevant to,Use relevant before a noun or after a linking verb; do not use it as an adverb without the correct form.,"relevant means correct or suitable for a particular purpose. By contrast, applicable means relevant and usable in a particular situation.",professional and academic; often useful in careful speech and writing,"IPA (stress shown separately): /rɛləvənt/ Stress syllable 1 of 3. For /v/, touch the upper teeth to the lower lip; do not replace it with /b/. Keep the final /t/ audible.",general academic and professional,C1,v0453-s1
v0454,reliance,,academic/professional word,AWL-derived core,the tendency to trust in someone or something,noun,reliance on + person/thing,"Heavy reliance on one data source can weaken a conclusion, so the team could interpret the evidence with less uncertainty.",increased reliance; reliance on,Check whether reliance is countable in this meaning before adding “a” or a plural ending.,"reliance means the tendency to trust in someone or something. By contrast, individual means a single person or thing when compared to a group.",professional and academic; often useful in careful speech and writing,"IPA (stress shown separately): /rɪlaɪəns/ Stress syllable 2 of 3. Keep /ɪ/ short and relaxed, as in sit. Let /aɪ/ glide smoothly, as in my. Keep the final /s/ audible.",general academic and professional,C1,v0454-s1
v0455,reluctant,,academic/professional word,AWL-derived core,unwilling or hesitant,adjective,be reluctant to + verb,"Some staff members were reluctant to adopt the new system without additional training, which gave the people involved a clearer basis for the next step.",reluctant to; initially reluctant,Use reluctant before a noun or after a linking verb; do not use it as an adverb without the correct form.,"reluctant means unwilling or hesitant. By contrast, sufficient means as much as is needed for a particular purpose.",professional and academic; often useful in careful speech and writing,"IPA (stress shown separately): /rɪlʌktənt/ Stress syllable 2 of 3. Keep /ɪ/ short and relaxed, as in sit. Keep the final /t/ audible.",general academic and professional,B2,v0455-s1
v0456,remove,removed,academic/professional word,AWL-derived core,"to take something away from a place, group, or set",verb,remove + noun + from + noun,"The analyst removed duplicate records before calculating the total, so the reader could understand the intended relationship without guessing.",remove X from Y; remove a barrier,This is an inflected verb form. Do not put “to” directly before it; use the base form after “to.”,"remove means to take something away from a place, group, or set. By contrast, retain means to keep something rather than lose or remove it.",professional and academic; often useful in careful speech and writing,"IPA (stress shown separately): /rimuv/ Stress syllable 2 of 2. For /v/, touch the upper teeth to the lower lip; do not replace it with /b/. Keep the final /v/ audible.",general academic and professional,B2,v0456-s1
v0457,require,required,academic/professional word,AWL-derived core,to make something necessary or officially expected,verb,require + person + to + verb; require + noun,"The course required students to complete a research project, which gave the teacher clearer information for the following lesson.",require someone to; be require to,This is an inflected verb form. Do not put “to” directly before it; use the base form after “to.”,"require means to make something necessary or officially expected. By contrast, enable means to make something possible, practical or easy to do.",professional and academic; often useful in careful speech and writing,"IPA (stress shown separately): /rikwaɪɚ/ Stress syllable 2 of 3. For /w/, round the lips; do not touch the teeth. Let /aɪ/ glide smoothly, as in my.",general academic and professional,C1,v0457-s1
v0458,research,,academic/professional word,AWL-derived core,a detailed study of a subject,noun,research on/into + topic,"The recommendation is supported by recent research, which gave the reviewers a clearer basis for evaluating the conclusion.",conduct research; research findings,"Research is usually uncountable; say “a study” or “research,” not “a research.”","research means a detailed study of a subject. By contrast, analysis means a detailed investigation of the parts of something.",academic and professional; also useful in formal explanations,IPA (stress shown separately): /risɚtʃ/ Stress syllable 1 of 2. Use a crisp /tʃ/ “ch” sound. Keep the final /tʃ/ audible.,evidence,C1,v0458-s1
v0459,resident,,academic/professional word,AWL-derived core,a person who lives at a particular place,noun,resident of + place,"Each resident received information about the construction schedule, so the group could make the next decision with clearer information.",local resident; permanent resident,Check whether resident is countable in this meaning before adding “a” or a plural ending.,"resident means a person who lives at a particular place. By contrast, location means place, position or coordinates of something.",professional and academic; often useful in careful speech and writing,"IPA (stress shown separately): /rɛzɪdənt/ Stress syllable 1 of 3. Keep /ɪ/ short and relaxed, as in sit. Keep the final /t/ audible.",general academic and professional,C1,v0459-s1
v0460,resolution,,academic/professional word,AWL-derived core,a course of action which is decided purposefully,noun,resolution of + conflict; resolution to + issue,"The board passed a resolution supporting the new program, which allowed the board to explain the decision more transparently.",formal resolution; conflict resolution,Check whether resolution is countable in this meaning before adding “a” or a plural ending.,"resolution means a course of action which is decided purposefully. By contrast, curriculum means the organized content and learning experiences of a course or program.",professional and academic; often useful in careful speech and writing,IPA (stress shown separately): /rɛzəluʃən/ Stress syllable 3 of 4. Use a clear /ʃ/ “sh” sound. Keep the final /n/ audible.,education,B2,v0460-s1
v0461,resource,resources,academic/professional word,AWL-derived core,"money, valuable possessions, or natural materials",noun,resource for + person/purpose,"The course provides resources for additional practice, so the class could connect the idea to the next activity.",learning resource; allocate resource,Check whether resource is countable in this meaning before adding “a” or a plural ending.,"resource means money, valuable possessions, or natural materials. By contrast, resource allocation means the process of deciding how time, money, or people will be used.",professional and academic; often useful in careful speech and writing,IPA (stress shown separately): /risɔrs/ Stress syllable 1 of 2. Keep the final /s/ audible.,planning and projects,B2,v0461-s1
v0462,response,,academic/professional word,AWL-derived core,an answer or reaction to a question or statement,noun,response to + question/event,"The district received a positive response from families, which gave the teacher clearer information for the following lesson.",immediate response; response rate,Check whether response is countable in this meaning before adding “a” or a plural ending.,"response means an answer or reaction to a question or statement. By contrast, incidence means occurrence or rate of occurrence of something.",professional and academic; often useful in careful speech and writing,"IPA (stress shown separately): /rɪspɑns/ Stress syllable 2 of 2. Keep /ɪ/ short and relaxed, as in sit. Keep the final /s/ audible.",general academic and professional,C1,v0462-s1
v0463,restore,,academic/professional word,AWL-derived core,to return to a previous condition or position,verb,restore + noun; restore + noun + to + state,The backup restored the files that had been deleted accidentally.,restore access; restore X to Y,Do not use restore as a noun without changing its form; also check the required preposition or object.,"restore means to return to a previous condition or position. By contrast, specify means to state something clearly and exactly.",professional and academic; often useful in careful speech and writing,"IPA (stress shown separately): /rɪstɔr/ Stress syllable 2 of 2. Keep /ɪ/ short and relaxed, as in sit. Keep the final /r/ audible.",general academic and professional,C1,v0463-s1
v0464,restraint,restraints,academic/professional word,AWL-derived core,limitations or controls of the freedom of something,noun,restraint on + noun,"Budget restraints limited the size of the pilot, which allowed leaders to direct limited resources toward the highest-priority work.",physical restraint; restraint on spending,Check whether restraint is countable in this meaning before adding “a” or a plural ending.,"restraint means limitations or controls of the freedom of something. By contrast, location means place, position or coordinates of something.",professional and academic; often useful in careful speech and writing,"IPA (stress shown separately): /rɪstreɪnt/ Stress syllable 2 of 2. Keep /ɪ/ short and relaxed, as in sit. Keep the final /t/ audible.",general academic and professional,C1,v0464-s1
v0465,restricted,,academic/professional word,AWL-derived core,"with limitations, or available only to a select few",adjective,restricted + noun; be restricted to + noun,"Access to the confidential records is restricted to authorized staff, which gave the people involved a clearer basis for the next step.",restricted access; restricted to,Use restricted before a noun or after a linking verb; do not use it as an adverb without the correct form.,"restricted means with limitations, or available only to a select few. By contrast, available means able to be used.",professional and academic; often useful in careful speech and writing,IPA (stress shown separately): /ristrɪktəd/ Stress syllable 2 of 3. Keep short /ɪ/ distinct from long /i/. Keep the final /d/ audible.,general academic and professional,B2,v0465-s1
v0466,retain,retained,academic/professional word,AWL-derived core,to keep something rather than lose or remove it,verb,retain + noun,Students retained more vocabulary when they used it in original sentences.,retain information; retain control,This is an inflected verb form. Do not put “to” directly before it; use the base form after “to.”,"retain means to keep something rather than lose or remove it. By contrast, remove means to take something away from a place, group, or set.",professional and academic; often useful in careful speech and writing,"IPA (stress shown separately): /rɪteɪn/ Stress syllable 2 of 2. Keep /ɪ/ short and relaxed, as in sit. Keep the final /n/ audible.",general academic and professional,B2,v0466-s1
v0467,reveal,revealed,academic/professional word,AWL-derived core,to make previously unknown information visible or known,verb,reveal + noun; reveal that + clause,"The follow-up analysis revealed a substantial difference between the groups, which gave the reviewers a clearer basis for evaluating the conclusion.",reveal a pattern; reveal that,This is an inflected verb form. Do not put “to” directly before it; use the base form after “to.”,"reveal means to make previously unknown information visible or known. By contrast, exhibit means to show. display or reveal.",professional and academic; often useful in careful speech and writing,"IPA (stress shown separately): /rɪvil/ Stress syllable 2 of 2. For /v/, touch the upper teeth to the lower lip; do not replace it with /b/. Keep short /ɪ/ distinct from long /i/. Keep the final /l/ audible.",general academic and professional,C1,v0467-s1
v0468,revenue,,academic/professional word,AWL-derived core,income that a company or government receives,noun,revenue from + source,"Tuition revenue declined when enrollment fell, so the people affected could understand the practical consequence.",tax revenue; annual revenue,Check whether revenue is countable in this meaning before adding “a” or a plural ending.,"revenue means income that a company or government receives. By contrast, ministry means a government department, or the service of a minister.",academic and professional; also useful in formal explanations,"IPA (stress shown separately): /rɛvənu/ Stress syllable 1 of 3. For /v/, touch the upper teeth to the lower lip; do not replace it with /b/.",policy and society,C1,v0468-s1
v0469,reverse,,academic/professional word,AWL-derived core,opposite or back,adjective,reverse + noun,"The reverse process converts the stored energy back into motion, which gave the people involved a clearer basis for the next step.",reverse order; reverse direction,Use reverse before a noun or after a linking verb; do not use it as an adverb without the correct form.,"reverse means opposite or back. By contrast, contrary means not in agreement with, or opposite.",professional and academic; often useful in careful speech and writing,"IPA (stress shown separately): /rɪvɝs/ Stress syllable 2 of 2. For /v/, touch the upper teeth to the lower lip; do not replace it with /b/. Keep /ɪ/ short and relaxed, as in sit. Keep the final /s/ audible.",general academic and professional,C1,v0469-s1
v0470,revision,,academic/professional word,AWL-derived core,a change of the words of a text,noun,revision of/to + document,"The second revision improved the clarity of the report, which reduced the chance that readers would misinterpret the message.",major revision; revised version,Check whether revision is countable in this meaning before adding “a” or a plural ending.,"revision means a change of the words of a text. By contrast, amendment means a change made to the words of a text.",professional and academic; often useful in careful speech and writing,"IPA (stress shown separately): /rivɪʒən/ Stress syllable 2 of 3. Use /ʒ/ “zh,” as in measure. For /v/, touch the upper teeth to the lower lip; do not replace it with /b/. Keep short /ɪ/ distinct from long /i/. Keep the final /n/ audible.",change and trends,B2,v0470-s1
v0471,revolution,,academic/professional word,AWL-derived core,a sudden or important change in a situation,noun,revolution in + field,The digital revolution changed how information is created and shared.,industrial revolution; technological revolution,Check whether revolution is countable in this meaning before adding “a” or a plural ending.,"revolution means a sudden or important change in a situation. By contrast, transformation means a complete change or the process of change.",professional and academic; often useful in careful speech and writing,"IPA (stress shown separately): /rɛvəluʃən/ Stress syllable 3 of 4. Use a clear /ʃ/ “sh” sound. For /v/, touch the upper teeth to the lower lip; do not replace it with /b/. Keep the final /n/ audible.",change and trends,B2,v0471-s1
v0472,rigid,,academic/professional word,AWL-derived core,"stiff and fixed, or not able to be changed or persuaded",adjective,rigid + noun; be rigid,"A rigid schedule can make it difficult to respond to unexpected needs, so the group could make the next decision with clearer information.",rigid structure; rigid rule,Use rigid before a noun or after a linking verb; do not use it as an adverb without the correct form.,"rigid means stiff and fixed, or not able to be changed or persuaded. By contrast, variable means one among a group of things which may change.",professional and academic; often useful in careful speech and writing,"IPA (stress shown separately): /rɪdʒəd/ Stress syllable 1 of 2. Use /dʒ/ “j,” as in job. Keep /ɪ/ short and relaxed, as in sit. Keep the final /d/ audible.",change and trends,C1,v0472-s1
v0473,role,,academic/professional word,AWL-derived core,a function or part performed in a specific process,noun,role in + process; role of + person,"The facilitator’s role is to keep the discussion focused, which reduced the chance that readers would misinterpret the message.",key role; play a role,Check whether role is countable in this meaning before adding “a” or a plural ending.,"role means a function or part performed in a specific process. By contrast, bottleneck means a point in a process that slows everything else down.",academic and professional; also useful in formal explanations,IPA (stress shown separately): /roʊl/ Stress syllable 1 of 1. Keep the final /l/ audible.,STEM and technology,C1,v0473-s1
v0474,route,,academic/professional word,AWL-derived core,"way between places, or method of achieving something",noun,route from X to Y; route to + place,"The map shows the safest route to the field site, which gave the reviewers a clearer basis for evaluating the conclusion.",bus route; alternative route,Check whether route is countable in this meaning before adding “a” or a plural ending.,"route means way between places, or method of achieving something. By contrast, method means a way of doing something.",academic and professional; also useful in formal explanations,IPA (stress shown separately): /rut/ Stress syllable 1 of 1. Keep the final /t/ audible.,STEM and technology,C1,v0474-s1
v0475,scenario,,academic/professional word,AWL-derived core,"imagined event, or model of expected outcomes",noun,scenario in which + clause; scenario for + event,"The team developed a worst-case scenario for emergency planning, which reduced the risk of conflicting instructions during a stressful moment.",likely scenario; scenario analysis,Check whether scenario is countable in this meaning before adding “a” or a plural ending.,"scenario means imagined event, or model of expected outcomes. By contrast, reaction means behavior or action as a result of a particular event.",professional and academic; often useful in careful speech and writing,IPA (stress shown separately): /sɪnɛrioʊ/ Stress syllable 2 of 4. Keep short /ɪ/ distinct from long /i/.,cause and effect,B2,v0475-s1
v0476,schedule,,academic/professional word,AWL-derived core,a plan of activities organized by time,noun,schedule for + event; on schedule,"The schedule lists every task and deadline, so the group could make the next decision with clearer information.",class schedule; project schedule,Check whether schedule is countable in this meaning before adding “a” or a plural ending.,"schedule means a plan of activities organized by time. By contrast, timeline means a schedule showing when stages or tasks should occur.",professional and academic; often useful in careful speech and writing,"IPA (stress shown separately): /skɛdʒʊl/ Stress syllable 1 of 2. Use /dʒ/ “j,” as in job. Keep the final /l/ audible.",planning and projects,B2,v0476-s1
v0477,scheme,,academic/professional word,AWL-derived core,"an organized plan, or an outline of a system or thing",noun,scheme for + purpose; scheme of + arrangement,"The color scheme makes the dashboard easier to read, so the group could make the next decision with clearer information.",classification scheme; pension scheme,Check whether scheme is countable in this meaning before adding “a” or a plural ending.,"scheme means an organized plan, or an outline of a system or thing. By contrast, format means arrangement, layout or plan.",professional and academic; often useful in careful speech and writing,IPA (stress shown separately): /skim/ Stress syllable 1 of 1. Keep the final /m/ audible.,planning and projects,C1,v0477-s1
v0478,scope,,academic/professional word,AWL-derived core,"range covered, or opportunity",noun,scope of + project; within/outside the scope,"The question falls outside the scope of this study, which gave the reviewers a clearer basis for evaluating the conclusion.",project scope; broad scope,Check whether scope is countable in this meaning before adding “a” or a plural ending.,"scope means range covered, or opportunity. By contrast, range means the upper and lower limits of something.",professional and academic; often useful in careful speech and writing,IPA (stress shown separately): /skoʊp/ Stress syllable 1 of 1. Keep the final /p/ audible.,general academic and professional,C1,v0478-s1
v0479,section,,academic/professional word,AWL-derived core,a distinct part of something,noun,section of + document/object,The methods section explains how the data were collected.,report section; cross section,Check whether section is countable in this meaning before adding “a” or a plural ending.,"section means a distinct part of something. By contrast, appendix means supplementary material at the end of a book.",professional and academic; often useful in careful speech and writing,IPA (stress shown separately): /sɛkʃən/ Stress syllable 1 of 2. Use a clear /ʃ/ “sh” sound. Keep the final /n/ audible.,general academic and professional,C1,v0479-s1
v0480,sector,,academic/professional word,AWL-derived core,a geographic or economic area,noun,sector of + economy,"The health-care sector employs millions of people, so policy decisions in that area can affect workers, organizations, and the broader economy.",public sector; private sector,Check whether sector is countable in this meaning before adding “a” or a plural ending.,"sector means a geographic or economic area. By contrast, welfare means financial help to the poor, or health and happiness.",academic and professional; also useful in formal explanations,IPA (stress shown separately): /sɛktɚ/ Stress syllable 1 of 2.,policy and society,B2,v0480-s1
v0481,security,,academic/professional word,AWL-derived core,"protection of a person, property or organization",noun,security of + system; security against + threat,"The school strengthened network security after the incident, so the class could connect the idea to the next activity.",data security; national security,Check whether security is countable in this meaning before adding “a” or a plural ending.,"security means protection of a person, property or organization. By contrast, estate means all of a person's property or wealth.",professional and academic; often useful in careful speech and writing,IPA (stress shown separately): /sɪkjʊrəti/ Stress syllable 2 of 4. Keep short /ɪ/ distinct from long /i/.,general academic and professional,B2,v0481-s1
v0482,select,,academic/professional word,AWL-derived core,"to choose, especially after careful consideration",verb,select + noun + from + group,"The committee selected three proposals for further review, so the group could make the next decision with clearer information.",select an option; select X from Y,Do not use select as a noun without changing its form; also check the required preposition or object.,"select means to choose, especially after careful consideration. By contrast, highlight means to emphasize something as especially important.",professional and academic; often useful in careful speech and writing,IPA (stress shown separately): /səlɛkt/ Stress syllable 2 of 2. Keep the final /t/ audible.,general academic and professional,C1,v0482-s1
v0483,sequence,,academic/professional word,AWL-derived core,"a series, or the order in which things are arranged",noun,sequence of + items,"Arrange the steps in the correct sequence, so the reader could understand the intended relationship without guessing.",logical sequence; sequence of events,Check whether sequence is countable in this meaning before adding “a” or a plural ending.,"sequence means a series, or the order in which things are arranged. By contrast, series means a sequence of similar or related things.",professional and academic; often useful in careful speech and writing,"IPA (stress shown separately): /sikwəns/ Stress syllable 1 of 2. For /w/, round the lips; do not touch the teeth. Keep the final /s/ audible.",general academic and professional,C1,v0483-s1
v0484,series,,academic/professional word,AWL-derived core,a sequence of similar or related things,noun,series of + plural noun,"The teacher demonstrated the skill through a series of examples, so the class could connect the idea to the next activity.",data series; series of events,Check whether series is countable in this meaning before adding “a” or a plural ending.,"series means a sequence of similar or related things. By contrast, sequence means a series, or the order in which things are arranged.",professional and academic; often useful in careful speech and writing,IPA (stress shown separately): /sɪriz/ Stress syllable 1 of 2. Keep short /ɪ/ distinct from long /i/. Keep the final /z/ audible.,general academic and professional,C1,v0484-s1
v0485,sex,,academic/professional word,AWL-derived core,the state of being either female or male,noun,sex of + participant; differences by sex,"The study reported outcomes by age and sex, which gave the reviewers a clearer basis for evaluating the conclusion.",biological sex; sex differences,Check whether sex is countable in this meaning before adding “a” or a plural ending.,"sex means the state of being either female or male. By contrast, gender means condition of being male of female.",professional and academic; often useful in careful speech and writing,IPA (stress shown separately): /sɛks/ Stress syllable 1 of 1. Keep the final /s/ audible.,general academic and professional,B2,v0485-s1
v0486,shift,,academic/professional word,AWL-derived core,"a change in position, direction or conditions",noun,shift from X to Y; shift in + trend,"The data show a gradual shift toward online services, so the team could interpret the evidence with less uncertainty.",major shift; policy shift,Check whether shift is countable in this meaning before adding “a” or a plural ending.,"shift means a change in position, direction or conditions. By contrast, trend means fashion, or change in people's behavior or attitude.",professional and academic; often useful in careful speech and writing,"IPA (stress shown separately): /ʃɪft/ Stress syllable 1 of 1. Use a clear /ʃ/ “sh” sound. Keep /ɪ/ short and relaxed, as in sit. Keep the final /t/ audible.",change and trends,B2,v0486-s1
v0487,significant,,academic/professional word,AWL-derived core,"noticeable, meaningful or important",adjective,significant + noun; be significant,"Because the researchers wanted to distinguish statistical evidence from practical importance, the change was statistically significant, but its practical effect was small.",significant difference; statistically significant,"In research, significant may mean statistically meaningful, not simply “very important.”","significant means noticeable, meaningful or important. By contrast, primary means more important than anything else.",professional and academic; often useful in careful speech and writing,"IPA (stress shown separately): /səɡnɪfɪkənt/ Stress syllable 2 of 4. Keep /ɪ/ short and relaxed, as in sit. Keep the final /t/ audible.",general academic and professional,C1,v0487-s1
v0488,similar,,academic/professional word,AWL-derived core,almost but not exactly the same,adjective,similar + noun; be similar to + noun,"The two groups produced similar results under the same conditions, which gave the reviewers a clearer basis for evaluating the conclusion.",similar result; similar to,Use similar before a noun or after a linking verb; do not use it as an adverb without the correct form.,"similar means almost but not exactly the same. By contrast, analogous means similar or comparable in some ways.",professional and academic; often useful in careful speech and writing,"IPA (stress shown separately): /sɪməlɚ/ Stress syllable 1 of 3. Keep /ɪ/ short and relaxed, as in sit.",general academic and professional,C1,v0488-s1
v0489,simulation,,academic/professional word,AWL-derived core,model of the essential features of a process or thing,noun,simulation of + process,"The simulation allows students to test the model safely, so the class could connect the idea to the next activity.",computer simulation; run a simulation,Check whether simulation is countable in this meaning before adding “a” or a plural ending.,"simulation means model of the essential features of a process or thing. By contrast, computer means a machine which performs calculations automatically.",academic and professional; also useful in formal explanations,"IPA (stress shown separately): /sɪmjəleɪʃən/ Stress syllable 3 of 4. Use a clear /ʃ/ “sh” sound. Keep /ɪ/ short and relaxed, as in sit. Keep the final /n/ audible.",STEM and technology,C1,v0489-s1
v0490,site,,academic/professional word,AWL-derived core,"a place where something was, is, or will be",noun,site of + event; site for + project,"Researchers collected water samples at each site, which gave the people involved a clearer basis for the next step.",research site; construction site,Check whether site is countable in this meaning before adding “a” or a plural ending.,"site means a place where something was, is, or will be. By contrast, construction means the act of building something.",professional and academic; often useful in careful speech and writing,"IPA (stress shown separately): /saɪt/ Stress syllable 1 of 1. Let /aɪ/ glide smoothly, as in my. Keep the final /t/ audible.",general academic and professional,B2,v0490-s1
v0491,so-called,,academic/professional word,AWL-derived core,commonly or sometimes inaccurately called,adjective,so-called + noun,The so-called improvement disappeared when the data were analyzed more carefully.,so-called expert; so-called solution,Use so-called before a noun or after a linking verb; do not use it as an adverb without the correct form.,"so-called means commonly or sometimes inaccurately called. By contrast, temporary means for a limited period.",professional and academic; often useful in careful speech and writing,IPA (stress shown separately): /soʊ kɔld/ Link the words smoothly; give the strongest phrase stress to “called.” Keep the final /d/ audible.,general academic and professional,B2,v0491-s1
v0492,solely,,academic/professional word,AWL-derived core,only and exclusively,adverb,solely + verb/adjective,"The decision should not be based solely on test scores, which gave the reviewers a clearer basis for evaluating the conclusion.",solely responsible; based solely on,Check sentence position and punctuation; many sentence adverbs take a comma when they introduce a clause.,"solely means only and exclusively. By contrast, ultimately means finally and after much trouble or discussion.",professional and academic; often useful in careful speech and writing,IPA (stress shown separately): /soʊəli/ Stress syllable 1 of 3.,general academic and professional,C1,v0492-s1
v0493,somewhat,,academic/professional word,AWL-derived core,slightly or rather,adverb,somewhat + adjective/adverb,"The revised explanation was somewhat clearer than the original one, which reduced the chance that readers would misinterpret the message.",somewhat different; somewhat unclear,Check sentence position and punctuation; many sentence adverbs take a comma when they introduce a clause.,"somewhat means slightly or rather. By contrast, virtually means almost or practically.",professional and academic; often useful in careful speech and writing,"IPA (stress shown separately): /sʌmwʌt/ Stress syllable 1 of 2. For /w/, round the lips; do not touch the teeth. Keep the final /t/ audible.",general academic and professional,C1,v0493-s1
v0494,seek,sought,academic/professional word,AWL-derived core,"to try to obtain, find, or receive something",verb,seek + noun; seek to + verb,"The district sought feedback from teachers and families, which gave the teacher clearer information for the following lesson.",seek feedback; seek approval; seek to improve,"The past tense is sought, not seeked. Use seek after to or a modal verb.","sought means simple past and past participle of seek. By contrast, incorporate means to include something as part of a larger whole.",professional and academic; often useful in careful speech and writing,"IPA: /sik/ Use a long /i/ as in see, and release the final /k/ clearly.",general academic and professional,C1,v0494-s1
v0495,source,,academic/professional word,AWL-derived core,the cause of something or place it comes from,noun,source of + information/problem,"Always evaluate whether a source is current and trustworthy, so the team could interpret the evidence with less uncertainty.",reliable source; primary source,Check whether source is countable in this meaning before adding “a” or a plural ending.,"source means the cause of something or place it comes from. By contrast, exposure means being affected by something in a particular place.",professional and academic; often useful in careful speech and writing,IPA (stress shown separately): /sɔrs/ Stress syllable 1 of 1. Keep the final /s/ audible.,cause and effect,B2,v0495-s1
v0496,specific,,academic/professional word,AWL-derived core,relating to one thing and not others,adjective,specific + noun; be specific about + noun,"Give specific evidence instead of making a broad generalization, so the team could interpret the evidence with less uncertainty.",specific example; specific to,Use specific before a noun or after a linking verb; do not use it as an adverb without the correct form.,"specific means relating to one thing and not others. By contrast, economic means relating to money or trade.",professional and academic; often useful in careful speech and writing,"IPA (stress shown separately): /spəsɪfɪk/ Stress syllable 2 of 3. Keep /ɪ/ short and relaxed, as in sit. Keep the final /k/ audible.",general academic and professional,B2,v0496-s1
v0497,specify,specified,academic/professional word,AWL-derived core,to state something clearly and exactly,verb,specify + noun; specify that + clause,The instructions specified the units that students should use.,specify a requirement; specify that,This is an inflected verb form. Do not put “to” directly before it; use the base form after “to.”,"specify means to state something clearly and exactly. By contrast, clarify means to make an idea or instruction easier to understand.",professional and academic; often useful in careful speech and writing,"IPA (stress shown separately): /spɛsəfaɪ/ Stress syllable 1 of 3. Let /aɪ/ glide smoothly, as in my.",general academic and professional,C1,v0497-s1
v0498,sphere,,academic/professional word,AWL-derived core,"area of interest, knowledge or control",noun,sphere of + activity/influence,"The policy falls within the sphere of local government, which allowed the board to explain the decision more transparently.",public sphere; sphere of influence,Check whether sphere is countable in this meaning before adding “a” or a plural ending.,"sphere means area of interest, knowledge or control. By contrast, domain means an area of knowledge, activity, or responsibility.",professional and academic; often useful in careful speech and writing,"IPA (stress shown separately): /sfɪr/ Stress syllable 1 of 1. Keep /ɪ/ short and relaxed, as in sit. Keep the final /r/ audible.",general academic and professional,C1,v0498-s1
v0499,stability,,academic/professional word,AWL-derived core,"resistance to change, or constancy of character",noun,stability of + system,"The engineers tested the structure’s stability under strong winds, so the reader could understand the intended relationship without guessing.",financial stability; long-term stability,Check whether stability is countable in this meaning before adding “a” or a plural ending.,"stability means resistance to change, or constancy of character. By contrast, trend means fashion, or change in people's behavior or attitude.",professional and academic; often useful in careful speech and writing,"IPA (stress shown separately): /stəbɪlɪti/ Stress syllable 2 of 4. For /b/, close both lips completely. Keep short /ɪ/ distinct from long /i/.",change and trends,C1,v0499-s1
v0500,statistics,,academic/professional word,AWL-derived core,a branch of applied mathematics that analyzes data,noun,statistics on/about + topic,"Statistics helps researchers summarize data and evaluate uncertainty, which gave the reviewers a clearer basis for evaluating the conclusion.",descriptive statistics; official statistics,Check whether statistics is countable in this meaning before adding “a” or a plural ending.,"statistics means a branch of applied mathematics that analyzes data. By contrast, data means information from which conclusions may be drawn.",academic and professional; also useful in formal explanations,"IPA (stress shown separately): /stətɪstɪks/ Stress syllable 2 of 3. Keep /ɪ/ short and relaxed, as in sit. Keep the final /s/ audible.",evidence,B2,v0500-s1
v0501,status,,academic/professional word,AWL-derived core,"the current condition or position of a person, task, or system",noun,status of + person/process,"The portal shows the current status of every application, so the group could make the next decision with clearer information.",legal status; status update,Check whether status is countable in this meaning before adding “a” or a plural ending.,"status means the current condition or position of a person, task, or system. By contrast, assistance means an act of helping to complete a task.",professional and academic; often useful in careful speech and writing,IPA (stress shown separately): /stætəs/ Stress syllable 1 of 2. Keep the final /s/ audible.,general academic and professional,B2,v0501-s1
v0502,straightforward,,academic/professional word,AWL-derived core,"easy to understand, or honest and frank",adjective,be straightforward; straightforward + noun,"The calculation is straightforward once the variables are defined, which gave the people involved a clearer basis for the next step.",straightforward process; straightforward explanation,Use straightforward before a noun or after a linking verb; do not use it as an adverb without the correct form.,"straightforward means easy to understand, or honest and frank. By contrast, obvious means easy to understand.",professional and academic; often useful in careful speech and writing,"IPA (stress shown separately): /streɪtfɔrwɚd/ Stress syllable 1 of 3. For /w/, round the lips; do not touch the teeth. Keep the final /d/ audible.",general academic and professional,C1,v0502-s1
v0503,strategy,strategies,academic/professional word,AWL-derived core,detailed plans or methods for achieving success,noun,strategy for + gerund,"The workshop introduces strategies for improving productive vocabulary, so the group could make the next decision with clearer information.",teaching strategy; effective strategy,Check whether strategy is countable in this meaning before adding “a” or a plural ending.,"strategy means detailed plans or methods for achieving success. By contrast, alignment means agreement between goals, plans, people, or systems.",professional and academic; often useful in careful speech and writing,"IPA (stress shown separately): /strætədʒi/ Stress syllable 1 of 3. Use /dʒ/ “j,” as in job.",planning and projects,C1,v0503-s1
v0504,stress,,academic/professional word,AWL-derived core,to give emphasis or special attention to something,verb,stress + noun; stress that + clause,"The instructor stressed the importance of checking units, which gave the people involved a clearer basis for the next step.",stress the importance; stress that,Do not use stress as a noun without changing its form; also check the required preposition or object.,"stress means to give emphasis or special attention to something. By contrast, ignore means to give no attention to something.",professional and academic; often useful in careful speech and writing,IPA (stress shown separately): /strɛs/ Stress syllable 1 of 1. Keep the final /s/ audible.,general academic and professional,C1,v0504-s1
v0505,structure,,academic/professional word,AWL-derived core,the way parts of a system or object are arranged,noun,structure of + system,"The diagram shows the internal structure of the cell, so the team could interpret the evidence with less uncertainty.",organizational structure; sentence structure,Check whether structure is countable in this meaning before adding “a” or a plural ending.,"structure means the way parts of a system or object are arranged. By contrast, method means a way of doing something.",academic and professional; also useful in formal explanations,IPA (stress shown separately): /strʌktʃɚ/ Stress syllable 1 of 2. Use a crisp /tʃ/ “ch” sound.,STEM and technology,B2,v0505-s1
v0506,style,styles,academic/professional word,AWL-derived core,"types, expressions, or ways of doing something",noun,style of + writing/design,"The course exposes students to several writing styles, so the class could connect the idea to the next activity.",learning style; communication style,Check whether style is countable in this meaning before adding “a” or a plural ending.,"style means types, expressions, or ways of doing something. By contrast, communication means the way living things send messages to each other.",professional and academic; often useful in careful speech and writing,"IPA (stress shown separately): /staɪl/ Stress syllable 1 of 1. Let /aɪ/ glide smoothly, as in my. Keep the final /l/ audible.",communication,B2,v0506-s1
v0507,submit,submitted,academic/professional word,AWL-derived core,"to formally present work, a request, or a document",verb,submit + noun + to + person/system,"The team submitted the final report before the deadline, so the group could make the next decision with clearer information.",submit a report; submit to,This is an inflected verb form. Do not put “to” directly before it; use the base form after “to.”,"submit means to formally present work, a request, or a document. By contrast, grant means to officially give or allow something.",professional and academic; often useful in careful speech and writing,"IPA (stress shown separately): /səbmɪt/ Stress syllable 2 of 2. For /b/, close both lips completely. Keep /ɪ/ short and relaxed, as in sit. Keep the final /t/ audible.",general academic and professional,C1,v0507-s1
v0508,subordinate,,academic/professional word,AWL-derived core,of less importance or lower status,adjective,subordinate + noun; be subordinate to + noun,"The subordinate clause cannot stand alone as a complete sentence, so the reader could understand the intended relationship without guessing.",subordinate role; subordinate clause,Use subordinate before a noun or after a linking verb; do not use it as an adverb without the correct form.,"subordinate means of less importance or lower status. By contrast, subsidiary means of lesser importance.",professional and academic; often useful in careful speech and writing,"IPA (stress shown separately): /səbɔrdəneɪt/ Stress syllable 2 of 4. For /b/, close both lips completely. Keep the final /t/ audible.",general academic and professional,C1,v0508-s1
v0509,subsequent,,academic/professional word,AWL-derived core,happening after something else,adjective,subsequent + noun,Subsequent studies produced results that were consistent with the original finding.,subsequent study; subsequent to,Use subsequent before a noun or after a linking verb; do not use it as an adverb without the correct form.,"subsequent means happening after something else. By contrast, ongoing means in progress or happening now.",professional and academic; often useful in careful speech and writing,"IPA (stress shown separately): /sʌbsəkwənt/ Stress syllable 1 of 3. For /w/, round the lips; do not touch the teeth. For /b/, close both lips completely. Keep the final /t/ audible.",general academic and professional,C1,v0509-s1
v0510,subsidiary,,academic/professional word,AWL-derived core,of lesser importance,adjective,subsidiary + noun; be subsidiary to + noun,"The report treats cost as a subsidiary concern rather than the main issue, which reduced the chance that readers would misinterpret the message.",subsidiary role; subsidiary company,Use subsidiary before a noun or after a linking verb; do not use it as an adverb without the correct form.,"subsidiary means of lesser importance. By contrast, considerable means large or of noticeable importance.",professional and academic; often useful in careful speech and writing,"IPA (stress shown separately): /səbsɪdiɛri/ Stress syllable 2 of 5. For /b/, close both lips completely. Keep short /ɪ/ distinct from long /i/.",general academic and professional,B2,v0510-s1
v0511,substitution,,academic/professional word,AWL-derived core,the replacement of one thing by another,noun,substitution of + noun; substitution for + noun,"The substitution of one value simplified the equation, so the reader could understand the intended relationship without guessing.",word substitution; substitution of X for Y,Check whether substitution is countable in this meaning before adding “a” or a plural ending.,"substitution means the replacement of one thing by another. By contrast, concentration means the ability to think or focus carefully about one thing.",professional and academic; often useful in careful speech and writing,"IPA (stress shown separately): /sʌbstɪtuʃən/ Stress syllable 3 of 4. Use a clear /ʃ/ “sh” sound. For /b/, close both lips completely. Keep /ɪ/ short and relaxed, as in sit. Keep the final /n/ audible.",general academic and professional,B2,v0511-s1
v0512,successive,,academic/professional word,AWL-derived core,following in sequence and without a break,adjective,successive + plural noun,"The team improved the prototype through three successive revisions, so the group could make the next decision with clearer information.",successive stages; successive years,Use successive before a noun or after a linking verb; do not use it as an adverb without the correct form.,"successive means following in sequence and without a break. By contrast, final means last.",professional and academic; often useful in careful speech and writing,"IPA (stress shown separately): /səksɛsɪv/ Stress syllable 2 of 3. For /v/, touch the upper teeth to the lower lip; do not replace it with /b/. Keep /ɪ/ short and relaxed, as in sit. Keep the final /v/ audible.",general academic and professional,C1,v0512-s1
v0513,sufficient,,academic/professional word,AWL-derived core,as much as is needed for a particular purpose,adjective,sufficient + noun; be sufficient for/to + noun/verb,"The sample was sufficient for a preliminary analysis, which gave the reviewers a clearer basis for evaluating the conclusion.",sufficient evidence; sufficient to,Use sufficient before a noun or after a linking verb; do not use it as an adverb without the correct form.,"sufficient means as much as is needed for a particular purpose. By contrast, relevant means correct or suitable for a particular purpose.",professional and academic; often useful in careful speech and writing,"IPA (stress shown separately): /səfɪʃənt/ Stress syllable 2 of 3. Use a clear /ʃ/ “sh” sound. Keep /ɪ/ short and relaxed, as in sit. Keep the final /t/ audible.",general academic and professional,C1,v0513-s1
v0514,sum,,academic/professional word,AWL-derived core,the total number or amount of things added together,noun,sum of + numbers,"The sum of the three measurements is 24.6 centimeters, which reduced uncertainty about whether the first result was reliable.",total sum; calculate the sum,Check whether sum is countable in this meaning before adding “a” or a plural ending.,"sum means the total number or amount of things added together. By contrast, aggregate means the total of all the parts.",professional and academic; often useful in careful speech and writing,IPA (stress shown separately): /sʌm/ Stress syllable 1 of 1. Keep the final /m/ audible.,general academic and professional,C1,v0514-s1
v0515,summary,,academic/professional word,AWL-derived core,a short description of the main points of something,noun,summary of + document,"The executive summary presents the report’s main findings, which reduced the chance that readers would misinterpret the message.",brief summary; write a summary,Check whether summary is countable in this meaning before adding “a” or a plural ending.,"summary means a short description of the main points of something. By contrast, abstract means a short written summary of a research article or study.",professional and academic; often useful in careful speech and writing,IPA (stress shown separately): /sʌmɚi/ Stress syllable 1 of 3.,general academic and professional,B2,v0515-s1
v0516,supplementary,,academic/professional word,AWL-derived core,"extra, or supplying what is lacking",adjective,supplementary + noun,The teacher provided supplementary materials for students who wanted more practice.,supplementary material; supplementary information,Use supplementary before a noun or after a linking verb; do not use it as an adverb without the correct form.,"supplementary means extra, or supplying what is lacking. By contrast, physical means of the body, or having material existence.",professional and academic; often useful in careful speech and writing,IPA (stress shown separately): /sʌpləmɛntɚi/ Stress syllable 3 of 5.,general academic and professional,B2,v0516-s1
v0517,survey,,academic/professional word,AWL-derived core,a series of questions used to gather personal data,noun,survey of + group; survey about/on + topic,"The school conducted a survey of students and families, which gave the teacher clearer information for the following lesson.",online survey; survey results,Check whether survey is countable in this meaning before adding “a” or a plural ending.,"survey means a series of questions used to gather personal data. By contrast, data means information from which conclusions may be drawn.",academic and professional; also useful in formal explanations,"IPA (stress shown separately): /sɝveɪ/ Stress syllable 1 of 2. For /v/, touch the upper teeth to the lower lip; do not replace it with /b/.",evidence,C1,v0517-s1
v0518,survive,,academic/professional word,AWL-derived core,to continue to live or exist,verb,survive; survive + noun,The small program survived because community partners continued to fund it.,survive a crisis; survive for,Do not use survive as a noun without changing its form; also check the required preposition or object.,"survive means to continue to live or exist. By contrast, cease means to stop happening or stop doing something.",professional and academic; often useful in careful speech and writing,"IPA (stress shown separately): /sɚvaɪv/ Stress syllable 2 of 2. For /v/, touch the upper teeth to the lower lip; do not replace it with /b/. Let /aɪ/ glide smoothly, as in my. Keep the final /v/ audible.",general academic and professional,C1,v0518-s1
v0519,suspend,suspended,academic/professional word,AWL-derived core,to stop an activity temporarily,verb,suspend + noun; suspend + person + from + activity,"The laboratory suspended testing until the equipment could be inspected, so the team could interpret the evidence with less uncertainty.",suspend operations; suspend X from Y,This is an inflected verb form. Do not put “to” directly before it; use the base form after “to.”,"suspend means to stop an activity temporarily. By contrast, cease means to stop happening or stop doing something.",professional and academic; often useful in careful speech and writing,IPA (stress shown separately): /səspɛnd/ Stress syllable 2 of 2. Keep the final /d/ audible.,general academic and professional,C1,v0519-s1
v0520,sustainable,,academic/professional word,AWL-derived core,able to be continued or maintained,adjective,sustainable + noun; be sustainable,The program needs a sustainable funding model before it can expand.,sustainable practice; sustainable over time,Use sustainable before a noun or after a linking verb; do not use it as an adverb without the correct form.,"sustainable means able to be continued or maintained. By contrast, available means able to be used.",professional and academic; often useful in careful speech and writing,"IPA (stress shown separately): /səsteɪnəbəl/ Stress syllable 2 of 4. For /b/, close both lips completely. Keep the final /l/ audible.",general academic and professional,B2,v0520-s1
v0521,symbolic,,academic/professional word,AWL-derived core,"representing something else, or ineffective",adjective,symbolic + noun; be symbolic of + noun,"The resolution was largely symbolic and did not change the law, which allowed the board to explain the decision more transparently.",symbolic gesture; symbolic of,Use symbolic before a noun or after a linking verb; do not use it as an adverb without the correct form.,"symbolic means representing something else, or ineffective. By contrast, marginal means small in amount or effect, or barely acceptable.",professional and academic; often useful in careful speech and writing,"IPA (stress shown separately): /sɪmbɑlɪk/ Stress syllable 2 of 3. For /b/, close both lips completely. Keep /ɪ/ short and relaxed, as in sit. Keep the final /k/ audible.",cause and effect,B2,v0521-s1
v0522,tape,tapes,academic/professional word,AWL-derived core,recordings of sound or pictures,noun,tape of + recording; plural tape,"The archive contains audio tapes of the original interviews, which gave the people involved a clearer basis for the next step.",recording tape; adhesive tape,Check whether tape is countable in this meaning before adding “a” or a plural ending.,"tape means recordings of sound or pictures. By contrast, monitoring means observing, recording or detecting using instruments.",professional and academic; often useful in careful speech and writing,IPA (stress shown separately): /teɪp/ Stress syllable 1 of 1. Keep the final /p/ audible.,general academic and professional,C1,v0522-s1
v0523,target,,academic/professional word,AWL-derived core,"aim, thing to be aimed at, or who something is for",noun,target for + measure; target of + action,"The class met its reading-growth target for the semester, which gave the teacher clearer information for the following lesson.",performance target; target audience,Check whether target is countable in this meaning before adding “a” or a plural ending.,"target means aim, thing to be aimed at, or who something is for. By contrast, benchmark means a standard or reference point used to compare performance.",professional and academic; often useful in careful speech and writing,IPA (stress shown separately): /tɑrɡət/ Stress syllable 1 of 2. Keep the final /t/ audible.,general academic and professional,C1,v0523-s1
v0524,task,,academic/professional word,AWL-derived core,a piece of work that is either difficult or unpleasant,noun,task of + gerund; task for + person,"The final task requires students to explain their reasoning in writing, so the class could connect the idea to the next activity.",complete a task; complex task,Check whether task is countable in this meaning before adding “a” or a plural ending.,"task means a piece of work that is either difficult or unpleasant. By contrast, job means regular work, a piece of work, a responsibility or a task.",professional and academic; often useful in careful speech and writing,IPA (stress shown separately): /tæsk/ Stress syllable 1 of 1. Keep the final /k/ audible.,workplace and leadership,C1,v0524-s1
v0525,team,,academic/professional word,AWL-derived core,organized group of people who work cooperatively,noun,team of + people; team responsible for,"The project team meets every Monday to review progress, which helped the manager assign the next responsibility accurately.",leadership team; team member,Check whether team is countable in this meaning before adding “a” or a plural ending.,"team means organized group of people who work cooperatively. By contrast, workload means the amount of work assigned to a person or team.",professional and academic; often useful in careful speech and writing,IPA (stress shown separately): /tim/ Stress syllable 1 of 1. Keep the final /m/ audible.,workplace and leadership,B2,v0525-s1
v0526,technical,,academic/professional word,AWL-derived core,relating to specialized words of a specific subject,adjective,technical + noun,The manual uses technical vocabulary that may be unfamiliar to new users.,technical skill; technical issue,Use technical before a noun or after a linking verb; do not use it as an adverb without the correct form.,"technical means relating to specialized words of a specific subject. By contrast, interdisciplinary means combining knowledge or methods from more than one field.",academic and professional; also useful in formal explanations,"IPA (stress shown separately): /tɛknɪkəl/ Stress syllable 1 of 3. Keep /ɪ/ short and relaxed, as in sit. Keep the final /l/ audible.",STEM and technology,B2,v0526-s1
v0527,technique,techniques,academic/professional word,AWL-derived core,ways of doing an activity that requires skill,noun,technique for + gerund,"Students practiced several techniques for estimating unfamiliar quantities, which gave the teacher clearer information for the following lesson.",research technique; teaching technique,Check whether technique is countable in this meaning before adding “a” or a plural ending.,"technique means ways of doing an activity that requires skill. By contrast, practitioner means people involved in an activity or job requiring skill.",professional and academic; often useful in careful speech and writing,IPA (stress shown separately): /tɛknik/ Stress syllable 2 of 2. Keep the final /k/ audible.,general academic and professional,C1,v0527-s1
v0528,technology,,academic/professional word,AWL-derived core,the study of practical uses of scientific discoveries,noun,technology for + purpose,"The school uses technology to support collaboration and data analysis, which gave the teacher clearer information for the following lesson.",educational technology; digital technology,Check whether technology is countable in this meaning before adding “a” or a plural ending.,"technology means the study of practical uses of scientific discoveries. By contrast, psychology means study of how the mind works and affects behavior.",academic and professional; also useful in formal explanations,"IPA (stress shown separately): /tɛknɑlədʒi/ Stress syllable 2 of 4. Use /dʒ/ “j,” as in job.",evidence,C1,v0528-s1
v0529,temporary,,academic/professional word,AWL-derived core,for a limited period,adjective,temporary + noun,The school introduced a temporary schedule while the building was repaired.,temporary measure; temporary solution,Use temporary before a noun or after a linking verb; do not use it as an adverb without the correct form.,"temporary means for a limited period. By contrast, contemporary means existing now, or of the same period.",professional and academic; often useful in careful speech and writing,IPA (stress shown separately): /tɛmpɚɛri/ Stress syllable 1 of 4.,general academic and professional,C1,v0529-s1
v0530,tension,,academic/professional word,AWL-derived core,nervousness or uneasiness,noun,tension between + groups; tension over + issue,"The disagreement created tension between the two departments, which gave the people involved a clearer basis for the next step.",political tension; surface tension,Check whether tension is countable in this meaning before adding “a” or a plural ending.,"tension means nervousness or uneasiness. By contrast, issue means problems that people are thinking or talking about.",professional and academic; often useful in careful speech and writing,IPA (stress shown separately): /tɛnʃən/ Stress syllable 1 of 2. Use a clear /ʃ/ “sh” sound. Keep the final /n/ audible.,general academic and professional,B2,v0530-s1
v0531,termination,,academic/professional word,AWL-derived core,"end of something, or process of ending something",noun,termination of + contract/process,"The contract explains the conditions for early termination, which reduced the chance of a later dispute about how the agreement could be ended.",contract termination; termination date,Check whether termination is countable in this meaning before adding “a” or a plural ending.,"termination means end of something, or process of ending something. By contrast, bottleneck means a point in a process that slows everything else down.",academic and professional; also useful in formal explanations,IPA (stress shown separately): /tɚməneɪʃən/ Stress syllable 3 of 4. Use a clear /ʃ/ “sh” sound. Keep the final /n/ audible.,STEM and technology,B2,v0531-s1
v0532,text,,academic/professional word,AWL-derived core,the words printed on a page other than the headings,noun,text about/on + topic,"The text presents two competing explanations of the event, so the reader could understand the intended relationship without guessing.",academic text; text message,Check whether text is countable in this meaning before adding “a” or a plural ending.,"text means the words printed on a page other than the headings. By contrast, key takeaway means the most important point to remember from a discussion or text.",professional and academic; often useful in careful speech and writing,IPA (stress shown separately): /tɛkst/ Stress syllable 1 of 1. Keep the final /t/ audible.,general academic and professional,C1,v0532-s1
v0533,theme,,academic/professional word,AWL-derived core,topic of speech or writing,noun,theme of/in + text,"Equity is a recurring theme throughout the report, which reduced the chance that readers would misinterpret the message.",central theme; common theme,Check whether theme is countable in this meaning before adding “a” or a plural ending.,"theme means topic of speech or writing. By contrast, text means the words printed on a page other than the headings.",professional and academic; often useful in careful speech and writing,IPA (stress shown separately): /θim/ Stress syllable 1 of 1. Keep the final /m/ audible.,general academic and professional,C1,v0533-s1
v0534,theory,,academic/professional word,AWL-derived core,an organized system of accepted knowledge,noun,theory of/about + phenomenon,"A scientific theory explains a broad set of observations, so the team could interpret the evidence with less uncertainty.",test a theory; theoretical framework,Check whether theory is countable in this meaning before adding “a” or a plural ending.,"theory means an organized system of accepted knowledge. By contrast, framework means an outline or basic description of a complex process.",academic and professional; also useful in formal explanations,IPA (stress shown separately): /θɪri/ Stress syllable 1 of 2. Keep short /ɪ/ distinct from long /i/.,STEM and technology,C1,v0534-s1
v0535,thereby,,academic/professional word,AWL-derived core,as a result or this,adverb,"clause, thereby + gerund","The new form removed repeated questions, thereby reducing completion time, which gave the reviewers a clearer basis for evaluating the conclusion.",thereby reducing; thereby enabling,Check sentence position and punctuation; many sentence adverbs take a comma when they introduce a clause.,"thereby means as a result or this. By contrast, hence means therefore, this is the reason why.",professional and academic; often useful in careful speech and writing,"IPA (stress shown separately): /ðɛrbaɪ/ Stress syllable 1 of 2. For /b/, close both lips completely. Let /aɪ/ glide smoothly, as in my.",cause and effect,B2,v0535-s1
v0536,thesis,,academic/professional word,AWL-derived core,long academic paper based on original research,noun,thesis on + topic,"Her thesis examines how feedback affects student revision, so the class could connect the idea to the next activity.",doctoral thesis; thesis statement,Check whether thesis is countable in this meaning before adding “a” or a plural ending.,"thesis means long academic paper based on original research. By contrast, research means a detailed study of a subject.",academic and professional; also useful in formal explanations,IPA (stress shown separately): /θisəs/ Stress syllable 1 of 2. Keep the final /s/ audible.,evidence,B2,v0536-s1
v0537,topic,,academic/professional word,AWL-derived core,subject of a text or discussion,noun,topic of + discussion; topic for + paper,"The group returned to the main topic after a brief discussion of scheduling, which reduced the chance that readers would misinterpret the message.",discussion topic; main topic,Check whether topic is countable in this meaning before adding “a” or a plural ending.,"topic means subject of a text or discussion. By contrast, text means the words printed on a page other than the headings.",professional and academic; often useful in careful speech and writing,"IPA (stress shown separately): /tɑpɪk/ Stress syllable 1 of 2. Keep /ɪ/ short and relaxed, as in sit. Keep the final /k/ audible.",general academic and professional,C1,v0537-s1
v0538,trace,,academic/professional word,AWL-derived core,to find or discover by careful searching or research,verb,trace + noun + to + source,"Investigators traced the error to an incorrect formula, so the team could interpret the evidence with less uncertainty.",trace X to Y; trace the source,Do not use trace as a noun without changing its form; also check the required preposition or object.,"trace means to find or discover by careful searching or research. By contrast, corroborate means to support a claim with additional evidence.",academic and professional; also useful in formal explanations,IPA (stress shown separately): /treɪs/ Stress syllable 1 of 1. Keep the final /s/ audible.,evidence,C1,v0538-s1
v0539,traditional,,academic/professional word,AWL-derived core,the usual ways or customs of a group of people,adjective,traditional + noun,"The course combines traditional instruction with project-based learning, so the class could connect the idea to the next activity.",traditional method; traditional values,Use traditional before a noun or after a linking verb; do not use it as an adverb without the correct form.,"traditional means the usual ways or customs of a group of people. By contrast, cultural means relating to the customs and beliefs of a certain group.",professional and academic; often useful in careful speech and writing,"IPA (stress shown separately): /trədɪʃənəl/ Stress syllable 2 of 4. Use a clear /ʃ/ “sh” sound. Keep /ɪ/ short and relaxed, as in sit. Keep the final /l/ audible.",general academic and professional,C1,v0539-s1
v0540,transfer,,academic/professional word,AWL-derived core,to move from one place to another,verb,transfer + noun + to + noun,"Students transferred the measurements from their notebooks to a spreadsheet, which reduced uncertainty about whether the first result was reliable.",transfer X to Y; transfer between,Do not use transfer as a noun without changing its form; also check the required preposition or object.,"transfer means to move from one place to another. By contrast, transport means to carry from one place to another.",professional and academic; often useful in careful speech and writing,IPA (stress shown separately): /trænsfɝ/ Stress syllable 2 of 2.,general academic and professional,B2,v0540-s1
v0541,transformation,,academic/professional word,AWL-derived core,a complete change or the process of change,noun,transformation of X into Y,"The organization underwent a major digital transformation, so the reader could understand the intended relationship without guessing.",social transformation; transformation of,Check whether transformation is countable in this meaning before adding “a” or a plural ending.,"transformation means a complete change or the process of change. By contrast, evolution means a gradual process of development or change.",professional and academic; often useful in careful speech and writing,IPA (stress shown separately): /trænsfɚmeɪʃən/ Stress syllable 3 of 4. Use a clear /ʃ/ “sh” sound. Keep the final /n/ audible.,change and trends,B2,v0541-s1
v0542,transition,,academic/professional word,AWL-derived core,a process or period in which something changes,noun,transition from X to Y,"The school planned a gradual transition to the new schedule, so the class could connect the idea to the next activity.",smooth transition; transition period,Check whether transition is countable in this meaning before adding “a” or a plural ending.,"transition means a process or period in which something changes. By contrast, transformation means a complete change or the process of change.",professional and academic; often useful in careful speech and writing,"IPA (stress shown separately): /trænzɪʃən/ Stress syllable 2 of 3. Use a clear /ʃ/ “sh” sound. Keep /ɪ/ short and relaxed, as in sit. Keep the final /n/ audible.",change and trends,C1,v0542-s1
v0543,transmission,,academic/professional word,AWL-derived core,process of passing or sending something invisible,noun,transmission of + information/disease,"Encryption protects information during transmission, so the team could interpret the evidence with less uncertainty.",data transmission; disease transmission,Check whether transmission is countable in this meaning before adding “a” or a plural ending.,"transmission means process of passing or sending something invisible. By contrast, bottleneck means a point in a process that slows everything else down.",academic and professional; also useful in formal explanations,"IPA (stress shown separately): /trænsmɪʃən/ Stress syllable 2 of 3. Use a clear /ʃ/ “sh” sound. Keep /ɪ/ short and relaxed, as in sit. Keep the final /n/ audible.",STEM and technology,C1,v0543-s1
v0544,transport,,academic/professional word,AWL-derived core,to carry from one place to another,verb,transport + noun + to + place,"The district transports students from rural communities to the central campus, which gave the teacher clearer information for the following lesson.",transport goods; transport X to Y,Do not use transport as a noun without changing its form; also check the required preposition or object.,"transport means to carry from one place to another. By contrast, transfer means to move from one place to another.",professional and academic; often useful in careful speech and writing,IPA (stress shown separately): /trænspɔrt/ Stress syllable 2 of 2. Keep the final /t/ audible.,general academic and professional,C1,v0544-s1
v0545,trend,,academic/professional word,AWL-derived core,"fashion, or change in people's behavior or attitude",noun,trend in + data; trend toward + noun,"The graph shows an upward trend in course completion, which prompted the school to examine whether the improvement would continue over time.",long-term trend; emerging trend,Check whether trend is countable in this meaning before adding “a” or a plural ending.,"trend means fashion, or change in people's behavior or attitude. By contrast, shift means a change in position, direction or conditions.",professional and academic; often useful in careful speech and writing,IPA (stress shown separately): /trɛnd/ Stress syllable 1 of 1. Keep the final /d/ audible.,change and trends,B2,v0545-s1
v0546,trigger,,academic/professional word,AWL-derived core,"cause, or set off an action or series of actions",verb,trigger + noun,"A sharp temperature change triggered the alarm, which gave the reviewers a clearer basis for evaluating the conclusion.",trigger a response; trigger an event,Do not use trigger as a noun without changing its form; also check the required preposition or object.,"trigger means cause, or set off an action or series of actions. By contrast, induce means to cause something to happen.",professional and academic; often useful in careful speech and writing,"IPA (stress shown separately): /trɪɡɚ/ Stress syllable 1 of 2. Keep /ɪ/ short and relaxed, as in sit.",cause and effect,B2,v0546-s1
v0547,ultimately,,academic/professional word,AWL-derived core,finally and after much trouble or discussion,adverb,ultimately + verb/adjective,"Ultimately, the board decided that the benefits outweighed the costs.",ultimately decided; ultimately responsible,Check sentence position and punctuation; many sentence adverbs take a comma when they introduce a clause.,"ultimately means finally and after much trouble or discussion. By contrast, eventually means finally, or ultimately.",professional and academic; often useful in careful speech and writing,IPA (stress shown separately): /ʌltəmətli/ Stress syllable 1 of 4.,general academic and professional,C1,v0547-s1
v0548,undergo,,academic/professional word,AWL-derived core,to experience of endure,verb,undergo + noun,The samples undergo a chemical change when they are heated.,undergo a change; undergo testing,Do not use undergo as a noun without changing its form; also check the required preposition or object.,"undergo means to experience of endure. By contrast, encounter means to experience or meet something unexpectedly.",professional and academic; often useful in careful speech and writing,IPA (stress shown separately): /ʌndɚɡoʊ/ Stress syllable 3 of 3.,general academic and professional,C1,v0548-s1
v0549,underlying,,academic/professional word,AWL-derived core,"fundamental, implicit but not obvious, prior",adjective,underlying + noun,"The discussion focused on the underlying causes of the attendance problem, so the audience could understand the intended point without guessing.",underlying cause; underlying assumption,Use underlying before a noun or after a linking verb; do not use it as an adverb without the correct form.,"underlying means fundamental, implicit but not obvious, prior. By contrast, implicit means understood without being said.",professional and academic; often useful in careful speech and writing,"IPA (stress shown separately): /ʌndɚlaɪɪŋ/ Stress syllable 3 of 4. Keep /ɪ/ short and relaxed, as in sit. Let /aɪ/ glide smoothly, as in my. Keep the final /ŋ/ audible.",general academic and professional,C1,v0549-s1
v0550,undertake,undertaken,academic/professional word,AWL-derived core,"to begin and accept responsibility for a task, project, or formal activity",verb,undertake + noun; be undertaken to + verb,The review was undertaken to determine whether the policy was effective.,undertake a review; undertake research; undertake a project,The past tense is undertook and the past participle is undertaken.,"undertaken means done or committed to do with responsibility or effort. By contrast, attain means to achieve something after effort.",professional and academic; often useful in careful speech and writing,"IPA: /ˌʌndɚˈteɪk/ Put the strongest stress on take, and keep the final /k/ audible.",general academic and professional,B2,v0550-s1
v0551,unify,unified,academic/professional word,AWL-derived core,to combine separate parts into one coherent whole,verb,unify + noun; be unify by + noun,"The new framework unified several separate reporting systems, so the reader could understand the intended relationship without guessing.",unify a system; unify by,This is an inflected verb form. Do not put “to” directly before it; use the base form after “to.”,"unify means to combine separate parts into one coherent whole. By contrast, comprise means to include or consist of.",professional and academic; often useful in careful speech and writing,"IPA (stress shown separately): /junəfaɪ/ Stress syllable 1 of 3. Let /aɪ/ glide smoothly, as in my.",general academic and professional,B2,v0551-s1
v0552,uniform,,academic/professional word,AWL-derived core,always the same,adjective,uniform + noun; be uniform across + group,"The district adopted uniform reporting requirements for every school, so the reviewer could confirm that every requirement had been addressed.",uniform standard; uniform across,Use uniform before a noun or after a linking verb; do not use it as an adverb without the correct form.,"uniform means always the same. By contrast, ethnic means of a national, racial, religious or linguistic group.",professional and academic; often useful in careful speech and writing,IPA (stress shown separately): /junəfɔrm/ Stress syllable 1 of 3. Keep the final /m/ audible.,general academic and professional,C1,v0552-s1
v0553,unique,,academic/professional word,AWL-derived core,completely different from anything else,adjective,unique + noun; be unique to + noun,"Each community faces a unique combination of resources and constraints, so the people affected could understand the practical consequence.",unique feature; unique to,Use unique before a noun or after a linking verb; do not use it as an adverb without the correct form.,"unique means completely different from anything else. By contrast, mature means completely grown or developed, or like an adult.",professional and academic; often useful in careful speech and writing,IPA (stress shown separately): /junik/ Stress syllable 2 of 2. Keep the final /k/ audible.,general academic and professional,C1,v0553-s1
v0554,utility,,academic/professional word,AWL-derived core,"usefulness, or public service such as gas or water",noun,utility of + tool; utility for + purpose,"The tool’s main utility is its ability to compare several datasets quickly, so the people affected could understand the practical consequence.",practical utility; public utility,Check whether utility is countable in this meaning before adding “a” or a plural ending.,"utility means usefulness, or public service such as gas or water. By contrast, sector means a geographic or economic area.",academic and professional; also useful in formal explanations,IPA (stress shown separately): /jutɪləti/ Stress syllable 2 of 4. Keep short /ɪ/ distinct from long /i/.,policy and society,C1,v0554-s1
v0555,validity,,academic/professional word,AWL-derived core,acceptance or meaningfulness based on reason,noun,validity of + test/claim,The team questioned the validity of a survey that did not measure the intended skill.,establish validity; validity of a measure,Check whether validity is countable in this meaning before adding “a” or a plural ending.,"validity means acceptance or meaningfulness based on reason. By contrast, baseline means an initial measurement used for later comparison.",academic and professional; also useful in formal explanations,"IPA (stress shown separately): /vəlɪdəti/ Stress syllable 2 of 4. For /v/, touch the upper teeth to the lower lip; do not replace it with /b/. Keep short /ɪ/ distinct from long /i/.",evidence,B2,v0555-s1
v0556,variable,,academic/professional word,AWL-derived core,one among a group of things which may change,adjective,variable + noun; be variable,"Attendance was highly variable from one month to the next, which gave the people involved a clearer basis for the next step.",variable cost; highly variable,Use variable before a noun or after a linking verb; do not use it as an adverb without the correct form.,"variable means one among a group of things which may change. By contrast, dynamic means relating to energy, motion, or change.",professional and academic; often useful in careful speech and writing,"IPA (stress shown separately): /vɛriəbəl/ Stress syllable 1 of 4. For /v/, touch the upper teeth to the lower lip; do not replace it with /b/. For /b/, close both lips completely. Keep the final /l/ audible.",change and trends,B2,v0556-s1
v0557,vehicle,,academic/professional word,AWL-derived core,"method, or any form of land transport",noun,vehicle for + noun/gerund,"The internship program serves as a vehicle for career exploration, so the team could interpret the evidence with less uncertainty.",motor vehicle; vehicle for change,Check whether vehicle is countable in this meaning before adding “a” or a plural ending.,"vehicle means method, or any form of land transport. By contrast, method means a way of doing something.",academic and professional; also useful in formal explanations,"IPA (stress shown separately): /vihɪkəl/ Stress syllable 1 of 3. For /v/, touch the upper teeth to the lower lip; do not replace it with /b/. Keep short /ɪ/ distinct from long /i/. Keep the final /l/ audible.",STEM and technology,C1,v0557-s1
v0558,version,,academic/professional word,AWL-derived core,"specific variety, different from others or the original",noun,version of + document/software,"The latest version fixes several security problems, so the reader could understand the intended relationship without guessing.",revised version; final version,Check whether version is countable in this meaning before adding “a” or a plural ending.,"version means specific variety, different from others or the original. By contrast, diversity means variety of opinions, styles, social groups or living things.",professional and academic; often useful in careful speech and writing,"IPA (stress shown separately): /vɝʒən/ Stress syllable 1 of 2. Use /ʒ/ “zh,” as in measure. For /v/, touch the upper teeth to the lower lip; do not replace it with /b/. Keep the final /n/ audible.",general academic and professional,C1,v0558-s1
v0559,via,,academic/professional word,AWL-derived core,"by way of, or by means of",preposition,via + noun,"Please submit the form via the secure online portal, which gave the people involved a clearer basis for the next step.",via email; via the website,Follow the preposition with a noun phrase or gerund unless the pattern explicitly introduces a clause.,"via means by way of, or by means of. By contrast, despite means introduces a contrast.",professional and academic; often useful in careful speech and writing,"IPA (stress shown separately): /vaɪə/ Stress syllable 1 of 2. For /v/, touch the upper teeth to the lower lip; do not replace it with /b/. Let /aɪ/ glide smoothly, as in my.",general academic and professional,C1,v0559-s1
v0560,violation,,academic/professional word,AWL-derived core,action that breaks the rules,noun,violation of + law/rule,"Sharing the confidential file was a violation of school policy, which gave the teacher clearer information for the following lesson.",serious violation; policy violation,Check whether violation is countable in this meaning before adding “a” or a plural ending.,"violation means action that breaks the rules. By contrast, enforcement means to make or force something to happen or be accepted.",professional and academic; often useful in careful speech and writing,"IPA (stress shown separately): /vaɪəleɪʃən/ Stress syllable 3 of 4. Use a clear /ʃ/ “sh” sound. For /v/, touch the upper teeth to the lower lip; do not replace it with /b/. Let /aɪ/ glide smoothly, as in my. Keep the final /n/ audible.",general academic and professional,B2,v0560-s1
v0561,virtually,,academic/professional word,AWL-derived core,almost or practically,adverb,virtually + quantity/adjective,"Virtually all participants completed the first section of the survey, so the reader could understand the intended relationship without guessing.",virtually all; virtually identical,Check sentence position and punctuation; many sentence adverbs take a comma when they introduce a clause.,"virtually means almost or practically. By contrast, solely means only and exclusively.",professional and academic; often useful in careful speech and writing,"IPA (stress shown separately): /vɝtʃuəli/ Stress syllable 1 of 4. Use a crisp /tʃ/ “ch” sound. For /v/, touch the upper teeth to the lower lip; do not replace it with /b/.",general academic and professional,B2,v0561-s1
v0562,visible,,academic/professional word,AWL-derived core,able to be seen,adjective,visible + noun; be visible to + person,The change became visible after the data were displayed on a graph.,visible difference; visible to,Use visible before a noun or after a linking verb; do not use it as an adverb without the correct form.,"visible means able to be seen. By contrast, apparent means able to be understood, or seeming to exist.",professional and academic; often useful in careful speech and writing,"IPA (stress shown separately): /vɪzəbəl/ Stress syllable 1 of 3. For /v/, touch the upper teeth to the lower lip; do not replace it with /b/. For /b/, close both lips completely. Keep /ɪ/ short and relaxed, as in sit. Keep the final /l/ audible.",general academic and professional,C1,v0562-s1
v0563,vision,,academic/professional word,AWL-derived core,"sight, mental image, or ability to anticipate the future",noun,vision for + organization; vision of + future,"The superintendent presented a clear vision for the district’s future, which gave the teacher clearer information for the following lesson.",strategic vision; shared vision,Check whether vision is countable in this meaning before adding “a” or a plural ending.,"vision means sight, mental image, or ability to anticipate the future. By contrast, image means a picture in the mind or formed by a mirror or lens.",professional and academic; often useful in careful speech and writing,"IPA (stress shown separately): /vɪʒən/ Stress syllable 1 of 2. Use /ʒ/ “zh,” as in measure. For /v/, touch the upper teeth to the lower lip; do not replace it with /b/. Keep /ɪ/ short and relaxed, as in sit. Keep the final /n/ audible.",general academic and professional,C1,v0563-s1
v0564,visual,,academic/professional word,AWL-derived core,relating to vision or sight,adjective,visual + noun,"A visual model helped students understand the three-dimensional structure, so the class could connect the idea to the next activity.",visual aid; visual representation,Use visual before a noun or after a linking verb; do not use it as an adverb without the correct form.,"visual means relating to vision or sight. By contrast, specific means relating to one thing and not others.",professional and academic; often useful in careful speech and writing,"IPA (stress shown separately): /vɪʒəwəl/ Stress syllable 1 of 3. Use /ʒ/ “zh,” as in measure. For /v/, touch the upper teeth to the lower lip; do not replace it with /b/. For /w/, round the lips; do not touch the teeth. Keep /ɪ/ short and relaxed, as in sit.",general academic and professional,C1,v0564-s1
v0565,volume,,academic/professional word,AWL-derived core,a book which is published periodically or as a series,noun,volume of + material/data,"The library owns every volume in the reference series, which gave the people involved a clearer basis for the next step.",data volume; high volume,Check whether volume is countable in this meaning before adding “a” or a plural ending.,"volume means a book which is published periodically or as a series. By contrast, series means a sequence of similar or related things.",professional and academic; often useful in careful speech and writing,"IPA (stress shown separately): /vɑljum/ Stress syllable 1 of 2. For /v/, touch the upper teeth to the lower lip; do not replace it with /b/. Keep the final /m/ audible.",general academic and professional,B2,v0565-s1
v0566,voluntary,,academic/professional word,AWL-derived core,done willingly and without external force,adjective,voluntary + noun; be voluntary,"Participation in the after-school survey is voluntary, so the class could connect the idea to the next activity.",voluntary participation; voluntary program,Use voluntary before a noun or after a linking verb; do not use it as an adverb without the correct form.,"voluntary means done willingly and without external force. By contrast, external means relating to or existing outside.",professional and academic; often useful in careful speech and writing,"IPA (stress shown separately): /vɑləntɛri/ Stress syllable 1 of 4. For /v/, touch the upper teeth to the lower lip; do not replace it with /b/.",general academic and professional,B2,v0566-s1
v0567,welfare,,academic/professional word,AWL-derived core,"financial help to the poor, or health and happiness",noun,welfare of + person/group,"The policy gives priority to the safety and welfare of children, so the people affected could understand the practical consequence.",public welfare; animal welfare,Check whether welfare is countable in this meaning before adding “a” or a plural ending.,"welfare means financial help to the poor, or health and happiness. By contrast, sector means a geographic or economic area.",academic and professional; also useful in formal explanations,"IPA (stress shown separately): /wɛlfɛr/ Stress syllable 1 of 2. For /w/, round the lips; do not touch the teeth. Keep the final /r/ audible.",policy and society,C1,v0567-s1
v0568,whereas,,academic/professional word,AWL-derived core,"but, compared with the fact that",conjunction,"clause, whereas + clause","The first group received direct instruction, whereas the second group learned independently, so the reader could understand the intended relationship without guessing.","whereas + clause; X, whereas Y",Use this connector to join compatible ideas; do not treat it as a standalone noun.,"whereas means but, compared with the fact that. By contrast, whereby means introduces a method or process.",professional and academic; often useful in careful speech and writing,"IPA (stress shown separately): /wɛræz/ Stress syllable 2 of 2. For /w/, round the lips; do not touch the teeth. Keep the final /z/ audible.",general academic and professional,C1,v0568-s1
v0569,whereby,,academic/professional word,AWL-derived core,by which or through which,conjunction,noun + whereby + clause,"The school created a process whereby families could request language support, so the class could connect the idea to the next activity.",a system whereby; process whereby,Use this connector to join compatible ideas; do not treat it as a standalone noun.,"whereby means by which or through which. By contrast, whereas means contrasts two facts or groups.",professional and academic; often useful in careful speech and writing,"IPA (stress shown separately): /wɛrbaɪ/ Stress syllable 2 of 2. For /w/, round the lips; do not touch the teeth. For /b/, close both lips completely. Let /aɪ/ glide smoothly, as in my.",general academic and professional,C1,v0569-s1
v0570,widespread,,academic/professional word,AWL-derived core,existing or happening in many places,adjective,widespread + noun; become widespread,The practice became widespread after several districts reported positive results.,widespread concern; widespread use,Use widespread before a noun or after a linking verb; do not use it as an adverb without the correct form.,"widespread means existing or happening in many places. By contrast, major means more important than others of the same type.",professional and academic; often useful in careful speech and writing,"IPA (stress shown separately): /waɪdsprɛd/ Stress syllable 1 of 2. For /w/, round the lips; do not touch the teeth. Let /aɪ/ glide smoothly, as in my. Keep the final /d/ audible.",general academic and professional,B2,v0570-s1
v0571,accountability,,academic/professional word,professional extension,"responsibility for decisions, actions, and results",noun,accountability for + noun,"School leaders must accept accountability for decisions made by their teams, so the class could connect the idea to the next activity.",accountability for results; shared accountability,Check whether accountability is countable in this meaning before adding “a” or a plural ending.,"accountability means responsibility for decisions, actions, and results. By contrast, discrepancy means an unexpected difference between two facts, records, or results.",professional and academic; often useful in careful speech and writing,"IPA (stress shown separately): /əkaʊntəbɪlɪti/ Stress syllable 2 of 6. For /b/, close both lips completely. Keep short /ɪ/ distinct from long /i/.",cause and effect,B2,v0571-s1
v0572,actionable,,academic/professional word,professional extension,clear and practical enough to act on,adjective,actionable + noun; be actionable,The feedback was actionable because it identified three specific changes.,actionable feedback; actionable recommendation,Use actionable before a noun or after a linking verb; do not use it as an adverb without the correct form.,"actionable means clear and practical enough to act on. By contrast, positive means certain about something.",professional and academic; often useful in careful speech and writing,"IPA (stress shown separately): /ækʃənəbəl/ Stress syllable 1 of 4. Use a clear /ʃ/ “sh” sound. For /b/, close both lips completely. Keep the final /l/ audible.",general academic and professional,C1,v0572-s1
v0573,agenda,,academic/professional word,professional extension,a planned list of topics for a meeting,noun,on the agenda; agenda for + meeting,"Safety procedures are the first item on today’s meeting agenda, which helped the manager assign the next responsibility accurately.",set the agenda; agenda item,Check whether agenda is countable in this meaning before adding “a” or a plural ending.,"agenda means a planned list of topics for a meeting. By contrast, action item means a specific task assigned during a meeting or planning process.",professional and academic; often useful in careful speech and writing,"IPA (stress shown separately): /ədʒɛndə/ Stress syllable 2 of 3. Use /dʒ/ “j,” as in job.",planning and projects,C1,v0573-s1
v0574,alignment,,academic/professional word,professional extension,"agreement between goals, plans, people, or systems",noun,alignment between/with + noun,"The revised plan created better alignment between the curriculum and the assessment, which helped the manager assign the next responsibility accurately.",alignment between X and Y; strategic alignment,Check whether alignment is countable in this meaning before adding “a” or a plural ending.,"alignment means agreement between goals, plans, people, or systems. By contrast, roadmap means a high-level plan showing major goals and stages.",professional and academic; often useful in careful speech and writing,"IPA (stress shown separately): /əlaɪnmənt/ Stress syllable 2 of 3. Let /aɪ/ glide smoothly, as in my. Keep the final /t/ audible.",planning and projects,C1,v0574-s1
v0575,anomaly,,academic/professional word,professional extension,a result or event that differs from the expected pattern,noun,an anomaly in + data/system,"One unusually high score appeared to be an anomaly in the data, so the team could interpret the evidence with less uncertainty.",detect an anomaly; statistical anomaly,Check whether anomaly is countable in this meaning before adding “a” or a plural ending.,"anomaly means a result or event that differs from the expected pattern. By contrast, reaction means behavior or action as a result of a particular event.",professional and academic; often useful in careful speech and writing,IPA (stress shown separately): /ənɑməli/ Stress syllable 2 of 4.,cause and effect,B2,v0575-s1
v0576,articulate,,academic/professional word,professional extension,to express an idea clearly and effectively,verb,articulate + noun; articulate why/how,"She articulated her concern clearly without criticizing her colleagues, which allowed the group to discuss the problem without turning the conversation into a personal dispute.",articulate an idea; clearly articulate,Do not use articulate as a noun without changing its form; also check the required preposition or object.,"articulate means to express an idea clearly and effectively. By contrast, clarify means to make an idea or instruction easier to understand.",professional and academic; often useful in careful speech and writing,"IPA (stress shown separately): /ɑrtɪkjəleɪt/ Stress syllable 2 of 4. Keep /ɪ/ short and relaxed, as in sit. Keep the final /t/ audible.",cause and effect,B2,v0576-s1
v0577,asynchronous,,academic/professional word,professional extension,not happening at the same time,adjective,asynchronous + noun; be asynchronous,"Students completed the asynchronous discussion at different times during the week, which allowed students to participate when their schedules permitted.",asynchronous learning; asynchronous communication,Use asynchronous before a noun or after a linking verb; do not use it as an adverb without the correct form.,"asynchronous means not happening at the same time. By contrast, subsequent means happening after something else.",professional and academic; often useful in careful speech and writing,"IPA (stress shown separately): /eɪsɪŋkrənəs/ Stress syllable 1 of 4. Keep /ɪ/ short and relaxed, as in sit. Keep the final /s/ audible.",general academic and professional,C1,v0577-s1
v0578,baseline,,academic/professional word,professional extension,an initial measurement used for later comparison,noun,baseline for + noun,"The September assessment established a baseline for measuring student growth, which gave the teacher clearer information for the following lesson.",establish a baseline; baseline data,Check whether baseline is countable in this meaning before adding “a” or a plural ending.,"baseline means an initial measurement used for later comparison. By contrast, metric means a measurement used to evaluate performance or progress.",academic and professional; also useful in formal explanations,"IPA (stress shown separately): /beɪslaɪn/ Stress syllable 1 of 2. For /b/, close both lips completely. Let /aɪ/ glide smoothly, as in my. Keep the final /n/ audible.",evidence,C1,v0578-s1
v0579,benchmark,,academic/professional word,professional extension,a standard or reference point used to compare performance,noun,a benchmark for + noun; benchmark X against Y,"The district uses graduation rates as one benchmark for evaluating progress, which gave the teacher clearer information for the following lesson.",performance benchmark; benchmark against,Check whether benchmark is countable in this meaning before adding “a” or a plural ending.,"benchmark means a standard or reference point used to compare performance. By contrast, target means aim, thing to be aimed at, or who something is for.",professional and academic; often useful in careful speech and writing,"IPA (stress shown separately): /bɛntʃmɑrk/ Stress syllable 1 of 2. Use a crisp /tʃ/ “ch” sound. For /b/, close both lips completely. Keep the final /k/ audible.",general academic and professional,C1,v0579-s1
v0580,bottleneck,,academic/professional word,professional extension,a point in a process that slows everything else down,noun,a bottleneck in + process,Approval from one office became a bottleneck that delayed the entire project.,create a bottleneck; process bottleneck,Check whether bottleneck is countable in this meaning before adding “a” or a plural ending.,"bottleneck means a point in a process that slows everything else down. By contrast, onboarding means the process of helping a new employee or participant become prepared.",academic and professional; also useful in formal explanations,"IPA (stress shown separately): /bɑtəlnɛk/ Stress syllable 1 of 3. For /b/, close both lips completely. Keep the final /k/ audible.",STEM and technology,B2,v0580-s1
v0581,brainstorm,,academic/professional word,professional extension,to generate many possible ideas before evaluating them,verb,brainstorm + noun; brainstorm with + person,"The team brainstormed several ways to improve family participation, so the group could make the next decision with clearer information.",brainstorm ideas; brainstorm solutions,Do not use brainstorm as a noun without changing its form; also check the required preposition or object.,"brainstorm means to generate many possible ideas before evaluating them. By contrast, enable means to make something possible, practical or easy to do.",professional and academic; often useful in careful speech and writing,"IPA (stress shown separately): /breɪnstɔrm/ Stress syllable 1 of 2. For /b/, close both lips completely. Keep the final /m/ audible.",general academic and professional,B2,v0581-s1
v0582,buy-in,,academic/professional word,professional extension,support or acceptance from people affected by a plan,noun,buy-in from + person/group; buy-in for + plan,"The principal sought teacher buy-in before changing the grading policy, so the class could connect the idea to the next activity.",gain buy-in; stakeholder buy-in,Check whether buy-in is countable in this meaning before adding “a” or a plural ending.,"buy-in means support or acceptance from people affected by a plan. By contrast, stakeholder means a person or group affected by or interested in a decision.",professional and academic; often useful in careful speech and writing,"IPA (stress shown separately): /baɪ ɪn/ Link the words smoothly; give the strongest phrase stress to “in.” For /b/, close both lips completely. Keep /ɪ/ short and relaxed, as in sit. Let /aɪ/ glide smoothly, as in my. Keep the final /n/ audible.",cause and effect,C1,v0582-s1
v0583,calibrate,,academic/professional word,professional extension,"to adjust a tool, judgment, or process for greater accuracy",verb,calibrate + device/tool,"Technicians calibrated the sensors before collecting the experimental data, which gave the reviewers a clearer basis for evaluating the conclusion.",calibrate an instrument; carefully calibrated,Do not use calibrate as a noun without changing its form; also check the required preposition or object.,"calibrate means to adjust a tool, judgment, or process for greater accuracy. By contrast, document means to record the details of a process or event.",academic and professional; also useful in formal explanations,"IPA (stress shown separately): /kæləbreɪt/ Stress syllable 1 of 3. For /b/, close both lips completely. Keep the final /t/ audible.",STEM and technology,C1,v0583-s1
v0584,capacity-building,,academic/professional word,professional extension,developing the skills and resources needed for future work,noun,capacity-building for + group/system,"The grant supports capacity-building through staff training and updated equipment, so decision makers could see how the available resources would support the stated goal.",capacity-building initiative; invest in capacity-building,Check whether capacity-building is countable in this meaning before adding “a” or a plural ending.,"capacity-building means developing the skills and resources needed for future work. By contrast, exploitation means good use of resources, or unfair use of people.",professional and academic; often useful in careful speech and writing,"IPA (stress shown separately): /kəpæsəti bɪldɪŋ/ Link the words smoothly; give the strongest phrase stress to “building.” For /b/, close both lips completely. Keep short /ɪ/ distinct from long /i/. Keep the final /ŋ/ audible.",planning and projects,C1,v0584-s1
v0585,causation,,academic/professional word,professional extension,a relationship in which one factor directly produces another,noun,causation between + variables,"The study found a correlation, but it did not establish causation.",establish causation; correlation versus causation,Check whether causation is countable in this meaning before adding “a” or a plural ending.,"causation means a relationship in which one factor directly produces another. By contrast, factor means facts which contribute to the result of something.",professional and academic; often useful in careful speech and writing,IPA (stress shown separately): /kɔzeɪʃən/ Stress syllable 2 of 3. Use a clear /ʃ/ “sh” sound. Keep the final /n/ audible.,cause and effect,B2,v0585-s1
v0586,clarify,,academic/professional word,professional extension,to make an idea or instruction easier to understand,verb,clarify + noun; clarify that/why/how,"The teacher clarified the directions by modeling the first step, which gave the teacher clearer information for the following lesson.",clarify the instructions; clarify whether,Do not use clarify as a noun without changing its form; also check the required preposition or object.,"clarify means to make an idea or instruction easier to understand. By contrast, illustrate means to make an idea clear by using an example or visual.",professional and academic; often useful in careful speech and writing,"IPA (stress shown separately): /klɛrəfaɪ/ Stress syllable 1 of 3. Let /aɪ/ glide smoothly, as in my.",communication,B2,v0586-s1
v0587,coherent,,academic/professional word,professional extension,"logical, consistent, and easy to follow",adjective,be coherent; coherent + noun,Her explanation was coherent because each point followed logically from the previous one.,coherent argument; coherent explanation,Use coherent before a noun or after a linking verb; do not use it as an adverb without the correct form.,"coherent means logical, consistent, and easy to follow. By contrast, consistent means in agreement with expectations or other facts.",professional and academic; often useful in careful speech and writing,"IPA (stress shown separately): /koʊhɪrənt/ Stress syllable 2 of 3. Keep /ɪ/ short and relaxed, as in sit. Keep the final /t/ audible.",general academic and professional,C1,v0587-s1
v0588,collaborative,,academic/professional word,professional extension,involving people working together toward a shared goal,adjective,collaborative + noun; be collaborative,"The department used a collaborative process to redesign the course, which gave the teacher clearer information for the following lesson.",collaborative approach; collaborative work,Use collaborative before a noun or after a linking verb; do not use it as an adverb without the correct form.,"collaborative means involving people working together toward a shared goal. By contrast, realistic means based on what can actually be achieved with available time and resources.",professional and academic; often useful in careful speech and writing,"IPA (stress shown separately): /kəlæbɚeɪtɪv/ Stress syllable 2 of 5. For /v/, touch the upper teeth to the lower lip; do not replace it with /b/. For /b/, close both lips completely. Keep /ɪ/ short and relaxed, as in sit. Keep the final /v/ audible.",planning and projects,C1,v0588-s1
v0589,competency,,academic/professional word,professional extension,a skill or ability required to perform a task successfully,noun,competency in + skill; competency for + role,"Data analysis is a core competency for this position, so the team could interpret the evidence with less uncertainty.",core competency; demonstrate competency,Check whether competency is countable in this meaning before adding “a” or a plural ending.,"competency means a skill or ability required to perform a task successfully. By contrast, technique means ways of doing an activity that requires skill.",professional and academic; often useful in careful speech and writing,IPA (stress shown separately): /kɑmpətɪnsi/ Stress syllable 1 of 4. Keep short /ɪ/ distinct from long /i/.,general academic and professional,C1,v0589-s1
v0590,concise,,academic/professional word,professional extension,clear and complete without unnecessary words,adjective,be concise; concise + noun,"His email was concise but still included every necessary detail, so the audience could understand the intended point without guessing.",concise explanation; clear and concise,Use concise before a noun or after a linking verb; do not use it as an adverb without the correct form.,"concise means clear and complete without unnecessary words. By contrast, succinct means expressed clearly in very few words.",professional and academic; often useful in careful speech and writing,"IPA (stress shown separately): /kənsaɪs/ Stress syllable 2 of 2. Let /aɪ/ glide smoothly, as in my. Keep the final /s/ audible.",communication,B2,v0590-s1
v0591,consensus,,academic/professional word,professional extension,general agreement among members of a group,noun,consensus on/about + noun,"After reviewing the evidence, the committee reached a consensus, so the team could interpret the evidence with less uncertainty.",reach a consensus; broad consensus,Check whether consensus is countable in this meaning before adding “a” or a plural ending.,"consensus means general agreement among members of a group. By contrast, compromise means an agreement in which each side accepts less than it originally wanted.",professional and academic; often useful in careful speech and writing,IPA (stress shown separately): /kənsɛnsəs/ Stress syllable 2 of 3. Keep the final /s/ audible.,general academic and professional,B2,v0591-s1
v0592,constraint,,academic/professional word,professional extension,a limit or condition that restricts possible choices,noun,constraint on + noun,"Limited laboratory space is a major constraint on enrollment, so the team could interpret the evidence with less uncertainty.",time constraint; budget constraint,Check whether constraint is countable in this meaning before adding “a” or a plural ending.,"constraint means a limit or condition that restricts possible choices. By contrast, period means any length of time.",professional and academic; often useful in careful speech and writing,IPA (stress shown separately): /kənstreɪnt/ Stress syllable 2 of 2. Keep the final /t/ audible.,general academic and professional,C1,v0592-s1
v0593,constructive,,academic/professional word,professional extension,helpful and intended to improve a situation,adjective,constructive + noun; be constructive,The coach gave constructive feedback that focused on specific improvements.,constructive feedback; constructive discussion,Use constructive before a noun or after a linking verb; do not use it as an adverb without the correct form.,"constructive means helpful and intended to improve a situation. By contrast, applicable means relevant and usable in a particular situation.",professional and academic; often useful in careful speech and writing,"IPA (stress shown separately): /kənstrʌktɪv/ Stress syllable 2 of 3. For /v/, touch the upper teeth to the lower lip; do not replace it with /b/. Keep /ɪ/ short and relaxed, as in sit. Keep the final /v/ audible.",general academic and professional,C1,v0593-s1
v0594,contingency,,academic/professional word,professional extension,a possible future event that requires a backup plan,noun,contingency for + event,"The school created a contingency plan in case the network failed during testing, so the class could connect the idea to the next activity.",contingency plan; prepare for a contingency,Check whether contingency is countable in this meaning before adding “a” or a plural ending.,"contingency means a possible future event that requires a backup plan. By contrast, implementation means the realization of a plan, idea or policy.",professional and academic; often useful in careful speech and writing,"IPA (stress shown separately): /kəntɪndʒənsi/ Stress syllable 2 of 4. Use /dʒ/ “j,” as in job. Keep short /ɪ/ distinct from long /i/.",planning and projects,C1,v0594-s1
v0595,coordinate,,academic/professional word,professional extension,to organize people or activities so they work together effectively,verb,coordinate + noun; coordinate with + person,"The counselor coordinated transportation, schedules, and family communication, which gave the reviewers a clearer basis for evaluating the conclusion.",coordinate activities; coordinate with,Do not use coordinate as a noun without changing its form; also check the required preposition or object.,"coordinate means to organize people or activities so they work together effectively. By contrast, leverage means to use a resource or advantage effectively.",professional and academic; often useful in careful speech and writing,IPA (stress shown separately): /koʊɔrdənət/ Stress syllable 2 of 4. Keep the final /t/ audible.,cause and effect,B2,v0595-s1
v0596,credible,,academic/professional word,professional extension,believable because it is supported by trustworthy evidence,adjective,be credible; credible + noun,"The claim became more credible after two independent studies supported it, so the audience could understand the intended point without guessing.",credible evidence; credible source,Use credible before a noun or after a linking verb; do not use it as an adverb without the correct form.,"credible means believable because it is supported by trustworthy evidence. By contrast, reliable means consistent and dependable across repeated use or measurement.",academic and professional; also useful in formal explanations,"IPA (stress shown separately): /krɛdəbəl/ Stress syllable 1 of 3. For /b/, close both lips completely. Keep the final /l/ audible.",evidence,B2,v0596-s1
v0597,criterion,,academic/professional word,professional extension,a standard used to judge or make a decision,noun,criterion for + noun; criterion used to + verb,"Cost is one criterion, but reliability is equally important.",selection criterion; meet a criterion,Check whether criterion is countable in this meaning before adding “a” or a plural ending.,"criterion means a standard used to judge or make a decision. By contrast, criteria means the rules or guidelines to test or evaluate something.",professional and academic; often useful in careful speech and writing,"IPA (stress shown separately): /kraɪtɪriən/ Stress syllable 2 of 4. Keep short /ɪ/ distinct from long /i/. Let /aɪ/ glide smoothly, as in my. Keep the final /n/ audible.",evaluation and decisions,C1,v0597-s1
v0598,curriculum,,academic/professional word,professional extension,the organized content and learning experiences of a course or program,noun,curriculum for + course/group,"The new curriculum connects algebra, statistics, and computer science.",develop a curriculum; curriculum standards,Check whether curriculum is countable in this meaning before adding “a” or a plural ending.,"curriculum means the organized content and learning experiences of a course or program. By contrast, resolution means a course of action which is decided purposefully.",professional and academic; often useful in careful speech and writing,"IPA (stress shown separately): /kɚɪkjələm/ Stress syllable 2 of 4. Keep /ɪ/ short and relaxed, as in sit. Keep the final /m/ audible.",education,C1,v0598-s1
v0599,data-driven,,academic/professional word,professional extension,guided by evidence collected from data rather than intuition alone,adjective,data-driven + noun; be data-driven,"The team made a data-driven decision after examining attendance and achievement trends, which helped the manager assign the next responsibility accurately.",data-driven decision; data-driven approach,Use data-driven before a noun or after a linking verb; do not use it as an adverb without the correct form.,"data-driven means guided by evidence collected from data rather than intuition alone. By contrast, evidence-based means supported by reliable research or data.",academic and professional; also useful in formal explanations,"IPA (stress shown separately): /deɪtə drɪvən/ Link the words smoothly; give the strongest phrase stress to “driven.” For /v/, touch the upper teeth to the lower lip; do not replace it with /b/. Keep /ɪ/ short and relaxed, as in sit. Keep the final /n/ audible.",evidence,C1,v0599-s1
v0600,deadline,,academic/professional word,professional extension,the latest time by which something must be completed,noun,deadline for + noun; deadline to + verb,"The application deadline is Friday at 5:00 p.m, which helped the manager assign the next responsibility accurately.",meet a deadline; extend a deadline,Check whether deadline is countable in this meaning before adding “a” or a plural ending.,"deadline means the latest time by which something must be completed. By contrast, period means any length of time.",professional and academic; often useful in careful speech and writing,"IPA (stress shown separately): /dɛdlaɪn/ Stress syllable 1 of 2. Let /aɪ/ glide smoothly, as in my. Keep the final /n/ audible.",general academic and professional,B2,v0600-s1
v0601,debrief,,academic/professional word,professional extension,to discuss what happened after an activity and identify lessons,verb,debrief + person; debrief after + event,"After the drill, staff debriefed to identify what worked and what needed improvement.",debrief the team; debrief after,Do not use debrief as a noun without changing its form; also check the required preposition or object.,"debrief means to discuss what happened after an activity and identify lessons. By contrast, overlap means correspond or coincide in part with something.",professional and academic; often useful in careful speech and writing,"IPA (stress shown separately): /dɪbrif/ Stress syllable 2 of 2. For /b/, close both lips completely. Keep short /ɪ/ distinct from long /i/. Keep the final /f/ audible.",communication,B2,v0601-s1
v0602,decisive,,academic/professional word,professional extension,able to make a clear choice promptly and confidently,adjective,decisive + noun; be decisive,"The principal took decisive action once the safety risk was confirmed, so the class could connect the idea to the next activity.",decisive action; decisive leader,Use decisive before a noun or after a linking verb; do not use it as an adverb without the correct form.,"decisive means able to make a clear choice promptly and confidently. By contrast, available means able to be used.",professional and academic; often useful in careful speech and writing,"IPA (stress shown separately): /dɪsaɪsɪv/ Stress syllable 2 of 3. For /v/, touch the upper teeth to the lower lip; do not replace it with /b/. Keep /ɪ/ short and relaxed, as in sit. Let /aɪ/ glide smoothly, as in my. Keep the final /v/ audible.",general academic and professional,C1,v0602-s1
v0603,delegate,,academic/professional word,professional extension,to give responsibility for a task to another person,verb,delegate + noun + to + person,"The project manager delegated the data review to two team members, so the team could interpret the evidence with less uncertainty.",delegate a task; delegate responsibility,Do not use delegate as a noun without changing its form; also check the required preposition or object.,"delegate means to give responsibility for a task to another person. By contrast, convince means to persuade someone to believe that something is true.",professional and academic; often useful in careful speech and writing,IPA (stress shown separately): /dɛləɡeɪt/ Stress syllable 1 of 3. Keep the final /t/ audible.,workplace and leadership,C1,v0603-s1
v0604,deliverable,,academic/professional word,professional extension,a specific product or result that must be completed for a project,noun,deliverable for + project; deliverable due + time,The final deliverable is a report that includes findings and recommendations.,project deliverable; submit a deliverable,Check whether deliverable is countable in this meaning before adding “a” or a plural ending.,"deliverable means a specific product or result that must be completed for a project. By contrast, stakeholder means a person or group affected by or interested in a decision.",professional and academic; often useful in careful speech and writing,"IPA (stress shown separately): /dɪlɪvɚəbəl/ Stress syllable 2 of 5. For /v/, touch the upper teeth to the lower lip; do not replace it with /b/. For /b/, close both lips completely. Keep /ɪ/ short and relaxed, as in sit. Keep the final /l/ audible.",cause and effect,C1,v0604-s1
v0605,dependency,,academic/professional word,professional extension,"a task, resource, or condition that another task relies on",noun,dependency between + tasks; dependency on + noun,Teacher training is a dependency that must be completed before the software launch.,project dependency; external dependency,Check whether dependency is countable in this meaning before adding “a” or a plural ending.,"dependency means a task, resource, or condition that another task relies on. By contrast, timeline means a schedule showing when stages or tasks should occur.",professional and academic; often useful in careful speech and writing,IPA (stress shown separately): /dɪpɛndənsi/ Stress syllable 2 of 4. Keep short /ɪ/ distinct from long /i/.,planning and projects,B2,v0605-s1
v0606,deploy,,academic/professional word,professional extension,"to put a plan, system, or resource into active use",verb,deploy + noun; deploy to + location,"The district deployed the updated software to all school devices over the weekend, so the class could connect the idea to the next activity.",deploy a system; deploy resources,Do not use deploy as a noun without changing its form; also check the required preposition or object.,"deploy means to put a plan, system, or resource into active use. By contrast, leverage means to use a resource or advantage effectively.",professional and academic; often useful in careful speech and writing,"IPA (stress shown separately): /dɪplɔɪ/ Stress syllable 2 of 2. Keep /ɪ/ short and relaxed, as in sit.",planning and projects,B2,v0606-s1
v0607,differentiate,,academic/professional word,professional extension,to adjust instruction or support for different learner needs,verb,differentiate + noun; differentiate between X and Y,"The teacher differentiated the assignment by offering several levels of support, which made the learning task more accessible while preserving the same academic goal.",differentiate instruction; differentiate between,Do not use differentiate as a noun without changing its form; also check the required preposition or object.,"differentiate means to adjust instruction or support for different learner needs. By contrast, scaffold means to provide temporary support that helps a learner complete a difficult task.",professional and academic; often useful in careful speech and writing,IPA (stress shown separately): /dɪfɚɛnʃieɪt/ Stress syllable 3 of 5. Use a clear /ʃ/ “sh” sound. Keep short /ɪ/ distinct from long /i/. Keep the final /t/ audible.,education,C1,v0607-s1
v0608,diplomatic,,academic/professional word,professional extension,careful and respectful when dealing with disagreement,adjective,be diplomatic; diplomatic + noun,"Her diplomatic response acknowledged the concern without escalating the disagreement, so the reader could understand the intended relationship without guessing.",diplomatic response; diplomatic language,Use diplomatic before a noun or after a linking verb; do not use it as an adverb without the correct form.,"diplomatic means careful and respectful when dealing with disagreement. By contrast, negative means showing an unfavorable, absent, or below-zero result.",professional and academic; often useful in careful speech and writing,"IPA (stress shown separately): /dɪpləmætɪk/ Stress syllable 3 of 4. Keep /ɪ/ short and relaxed, as in sit. Keep the final /k/ audible.",general academic and professional,C1,v0608-s1
v0609,drawback,,academic/professional word,professional extension,a disadvantage or negative feature,noun,drawback of + noun,"A major drawback of the program is its high subscription cost, which gave the people involved a clearer basis for the next step.",main drawback; potential drawback,Check whether drawback is countable in this meaning before adding “a” or a plural ending.,"drawback means a disadvantage or negative feature. By contrast, potential means the capacity to develop, succeed or achieve.",professional and academic; often useful in careful speech and writing,"IPA (stress shown separately): /drɔbæk/ Stress syllable 1 of 2. For /b/, close both lips completely. Keep the final /k/ audible.",general academic and professional,C1,v0609-s1
v0610,evidence-based,,academic/professional word,professional extension,supported by reliable research or data,adjective,evidence-based + noun; be evidence-based,"The counselor recommended an evidence-based intervention supported by multiple studies, which gave the reviewers a clearer basis for evaluating the conclusion.",evidence-based practice; evidence-based decision,Use evidence-based before a noun or after a linking verb; do not use it as an adverb without the correct form.,"evidence-based means supported by reliable research or data. By contrast, credible means believable because it is supported by trustworthy evidence.",academic and professional; also useful in formal explanations,"IPA (stress shown separately): /ɛvədəns beɪst/ Link the words smoothly; give the strongest phrase stress to “based.” For /v/, touch the upper teeth to the lower lip; do not replace it with /b/. For /b/, close both lips completely. Keep the final /t/ audible.",evidence,B2,v0610-s1
v0611,escalate,,academic/professional word,professional extension,to raise an issue to a higher level of authority or urgency,verb,escalate + noun + to + person/level,"Staff should escalate unresolved safety concerns to an administrator, so the people affected could understand the practical consequence.",escalate an issue; situation escalated,Do not use escalate as a noun without changing its form; also check the required preposition or object.,"escalate means to raise an issue to a higher level of authority or urgency. By contrast, invoke means to use a law, rule, principle, or authority.",academic and professional; also useful in formal explanations,IPA (stress shown separately): /ɛskəleɪt/ Stress syllable 1 of 3. Keep the final /t/ audible.,policy and society,B2,v0611-s1
v0612,feasibility,,academic/professional word,professional extension,the degree to which a plan can realistically be carried out,noun,feasibility of + noun/gerund,"The pilot study will test the feasibility of offering the course online, so the class could connect the idea to the next activity.",assess feasibility; feasibility study,Check whether feasibility is countable in this meaning before adding “a” or a plural ending.,"feasibility means the degree to which a plan can realistically be carried out. By contrast, implementation means the realization of a plan, idea or policy.",professional and academic; often useful in careful speech and writing,"IPA (stress shown separately): /fizəbɪləti/ Stress syllable 3 of 5. For /b/, close both lips completely. Keep short /ɪ/ distinct from long /i/.",planning and projects,C1,v0612-s1
v0613,feedback,,academic/professional word,professional extension,information intended to help someone improve performance,noun,feedback on + noun; feedback from + person,"Students used the teacher’s feedback to revise their explanations, so the teacher could see whether students understood the correction and could apply it independently.",constructive feedback; provide feedback,"Feedback is usually uncountable; say “some feedback,” not “a feedback.”","feedback means information intended to help someone improve performance. By contrast, communication means the way living things send messages to each other.",professional and academic; often useful in careful speech and writing,"IPA (stress shown separately): /fidbæk/ Stress syllable 1 of 2. For /b/, close both lips completely. Keep the final /k/ audible.",communication,C1,v0613-s1
v0614,formative,,academic/professional word,professional extension,used during learning to guide improvement rather than give a final judgment,adjective,formative + noun; be formative,"A formative quiz helped the teacher adjust instruction before the final exam, which gave the teacher clearer information for the following lesson.",formative assessment; formative feedback,Use formative before a noun or after a linking verb; do not use it as an adverb without the correct form.,"formative means used during learning to guide improvement rather than give a final judgment. By contrast, summative means used at the end of learning to evaluate overall achievement.",professional and academic; often useful in careful speech and writing,"IPA (stress shown separately): /fɔrmətɪv/ Stress syllable 1 of 3. For /v/, touch the upper teeth to the lower lip; do not replace it with /b/. Keep /ɪ/ short and relaxed, as in sit. Keep the final /v/ audible.",education,C1,v0614-s1
v0615,gap,,academic/professional word,professional extension,a difference between the current situation and the desired result,noun,gap in + noun; gap between X and Y,"The report identified a gap between the intended curriculum and classroom practice, so the class could connect the idea to the next activity.",achievement gap; gap between X and Y,Check whether gap is countable in this meaning before adding “a” or a plural ending.,"gap means a difference between the current situation and the desired result. By contrast, ownership means personal responsibility and commitment toward a task or result.",professional and academic; often useful in careful speech and writing,IPA (stress shown separately): /ɡæp/ Stress syllable 1 of 1. Keep the final /p/ audible.,cause and effect,B2,v0615-s1
v0616,guideline,,academic/professional word,professional extension,a recommended principle or practice rather than a strict rule,noun,guideline for + noun/gerund,"The handbook provides a guideline for responding to minor laboratory spills, so the team could interpret the evidence with less uncertainty.",follow a guideline; practical guideline,Check whether guideline is countable in this meaning before adding “a” or a plural ending.,"guideline means a recommended principle or practice rather than a strict rule. By contrast, evaluation means judgment of the value or quality of something.",professional and academic; often useful in careful speech and writing,"IPA (stress shown separately): /ɡaɪdlaɪn/ Stress syllable 1 of 2. Let /aɪ/ glide smoothly, as in my. Keep the final /n/ audible.",evaluation and decisions,B2,v0616-s1
v0617,handoff,,academic/professional word,professional extension,"the transfer of responsibility, information, or work to another person or team",noun,handoff from X to Y; handoff of + noun,"A clear handoff prevented important student information from being lost between teams, which gave the teacher clearer information for the following lesson.",smooth handoff; handoff between teams,Check whether handoff is countable in this meaning before adding “a” or a plural ending.,"handoff means the transfer of responsibility, information, or work to another person or team. By contrast, workload means the amount of work assigned to a person or team.",professional and academic; often useful in careful speech and writing,"Practice the expression in a full sentence, stress the main content word, and keep every final consonant audible.",workplace and leadership,C1,v0617-s1
v0618,high-impact,,academic/professional word,professional extension,likely to produce a strong or meaningful result,adjective,high-impact + noun,The school prioritized high-impact strategies that could improve learning quickly.,high-impact practice; high-impact intervention,Use high-impact before a noun or after a linking verb; do not use it as an adverb without the correct form.,"high-impact means likely to produce a strong or meaningful result. By contrast, impactful means having a strong or meaningful effect.",professional and academic; often useful in careful speech and writing,"IPA (stress shown separately): /haɪ ɪmpækt/ Link the words smoothly; give the strongest phrase stress to “impact.” Keep /ɪ/ short and relaxed, as in sit. Let /aɪ/ glide smoothly, as in my. Keep the final /t/ audible.",cause and effect,C1,v0618-s1
v0619,inquiry,,academic/professional word,professional extension,a process of asking questions and investigating evidence,noun,inquiry into + topic,Scientific inquiry begins with a question that can be investigated using evidence.,inquiry process; line of inquiry,Check whether inquiry is countable in this meaning before adding “a” or a plural ending.,"inquiry means a process of asking questions and investigating evidence. By contrast, evidence means one or more reasons for believing something.",academic and professional; also useful in formal explanations,"IPA (stress shown separately): /ɪnkwaɪri/ Stress syllable 2 of 3. For /w/, round the lips; do not touch the teeth. Keep short /ɪ/ distinct from long /i/. Let /aɪ/ glide smoothly, as in my.",evidence,C1,v0619-s1
v0620,insight,,academic/professional word,professional extension,a clear and useful understanding of a complex situation,noun,insight into + noun; insight from + source,The student survey provided insight into why participation had declined.,gain insight; valuable insight,Check whether insight is countable in this meaning before adding “a” or a plural ending.,"insight means a clear and useful understanding of a complex situation. By contrast, insights means discoveries or clear understandings of a complex issue.",professional and academic; often useful in careful speech and writing,"IPA (stress shown separately): /ɪnsaɪt/ Stress syllable 1 of 2. Keep /ɪ/ short and relaxed, as in sit. Let /aɪ/ glide smoothly, as in my. Keep the final /t/ audible.",general academic and professional,B2,v0620-s1
v0621,iterate,,academic/professional word,professional extension,to repeat a process while improving it each time,verb,iterate on + noun; iterate through + versions,"The design team iterated on the prototype after each round of user testing, which helped the manager assign the next responsibility accurately.",iterate on a design; iterate rapidly,Do not use iterate as a noun without changing its form; also check the required preposition or object.,"iterate means to repeat a process while improving it each time. By contrast, document means to record the details of a process or event.",academic and professional; also useful in formal explanations,"Practice the expression in a full sentence, stress the main content word, and keep every final consonant audible.",STEM and technology,B2,v0621-s1
v0622,key takeaway,,academic/professional word,professional extension,the most important point to remember from a discussion or text,noun,takeaway from + event/text,The key takeaway from the meeting is that every task now has an owner.,main takeaway; key takeaway from,Check whether key takeaway is countable in this meaning before adding “a” or a plural ending.,"key takeaway means the most important point to remember from a discussion or text. By contrast, text means the words printed on a page other than the headings.",professional and academic; often useful in careful speech and writing,"IPA (stress shown separately): /ki teɪkəweɪ/ Link the words smoothly; give the strongest phrase stress to “takeaway.” For /w/, round the lips; do not touch the teeth.",general academic and professional,C1,v0622-s1
v0623,leverage,,academic/professional word,professional extension,to use a resource or advantage effectively,verb,leverage + noun + to + verb,"The school leveraged community partnerships to expand internship opportunities, which gave the teacher clearer information for the following lesson.",leverage resources; leverage expertise,Do not use leverage as a noun without changing its form; also check the required preposition or object.,"leverage means to use a resource or advantage effectively. By contrast, coordinate means to organize people or activities so they work together effectively.",professional and academic; often useful in careful speech and writing,"IPA (stress shown separately): /lɛvɚɪdʒ/ Stress syllable 1 of 3. Use /dʒ/ “j,” as in job. For /v/, touch the upper teeth to the lower lip; do not replace it with /b/. Keep /ɪ/ short and relaxed, as in sit. Keep the final /dʒ/ audible.",cause and effect,C1,v0623-s1
v0624,logistics,,academic/professional word,professional extension,"the practical organization of people, materials, schedules, and movement",noun,logistics of/for + event,"The coordinator handled the logistics for transportation, meals, and room assignments.",manage logistics; event logistics,Check whether logistics is countable in this meaning before adding “a” or a plural ending.,"logistics means the practical organization of people, materials, schedules, and movement. By contrast, contingency means a possible future event that requires a backup plan.",professional and academic; often useful in careful speech and writing,"IPA (stress shown separately): /lədʒɪstɪks/ Stress syllable 2 of 3. Use /dʒ/ “j,” as in job. Keep /ɪ/ short and relaxed, as in sit. Keep the final /s/ audible.",planning and projects,C1,v0624-s1
v0625,metric,,academic/professional word,professional extension,a measurement used to evaluate performance or progress,noun,metric for + noun; measure by + metric,"Course completion is one metric used to evaluate the program, so school leaders could compare the immediate result with the program’s longer-term effect.",performance metric; track a metric,Check whether metric is countable in this meaning before adding “a” or a plural ending.,"metric means a measurement used to evaluate performance or progress. By contrast, baseline means an initial measurement used for later comparison.",academic and professional; also useful in formal explanations,"IPA (stress shown separately): /mɛtrɪk/ Stress syllable 1 of 2. Keep /ɪ/ short and relaxed, as in sit. Keep the final /k/ audible.",evidence,B2,v0625-s1
v0626,milestone,,academic/professional word,professional extension,an important stage or checkpoint in a longer project,noun,milestone in + project; milestone for + team,"Completing the pilot was an important milestone in the three-year project, so the group could make the next decision with clearer information.",reach a milestone; project milestone,Check whether milestone is countable in this meaning before adding “a” or a plural ending.,"milestone means an important stage or checkpoint in a longer project. By contrast, timeline means a schedule showing when stages or tasks should occur.",professional and academic; often useful in careful speech and writing,"IPA (stress shown separately): /maɪlstoʊn/ Stress syllable 1 of 2. Let /aɪ/ glide smoothly, as in my. Keep the final /n/ audible.",planning and projects,B2,v0626-s1
v0627,misconception,,academic/professional word,professional extension,an incorrect belief or understanding,noun,misconception about + noun,"The activity exposed a common misconception about the meaning of statistical significance, which gave the people involved a clearer basis for the next step.",common misconception; correct a misconception,Check whether misconception is countable in this meaning before adding “a” or a plural ending.,"misconception means an incorrect belief or understanding. By contrast, notion means idea, opinion or belief.",professional and academic; often useful in careful speech and writing,"IPA (stress shown separately): /mɪskənsɛpʃən/ Stress syllable 3 of 4. Use a clear /ʃ/ “sh” sound. Keep /ɪ/ short and relaxed, as in sit. Keep the final /n/ audible.",general academic and professional,C1,v0627-s1
v0628,mitigate,,academic/professional word,professional extension,to reduce the seriousness or harmful effect of something,verb,mitigate + noun,"The school added tutoring and transportation support to mitigate attendance barriers, which gave the teacher clearer information for the following lesson.",mitigate risk; mitigate the impact,Do not use mitigate as a noun without changing its form; also check the required preposition or object.,"mitigate means to reduce the seriousness or harmful effect of something. By contrast, pose means to ask a question or present a problem or risk.",professional and academic; often useful in careful speech and writing,"IPA (stress shown separately): /mɪtəɡeɪt/ Stress syllable 1 of 3. Keep /ɪ/ short and relaxed, as in sit. Keep the final /t/ audible.",cause and effect,C1,v0628-s1
v0629,next steps,,academic/professional word,professional extension,the specific actions that should happen after a decision or discussion,noun,next steps for + person/project,"The email summarizes the decision and lists the next steps for each department, which reduced the chance that readers would misinterpret the message.",define next steps; agree on next steps,Check whether next steps is countable in this meaning before adding “a” or a plural ending.,"next steps means the specific actions that should happen after a decision or discussion. By contrast, evaluation means judgment of the value or quality of something.",professional and academic; often useful in careful speech and writing,IPA (stress shown separately): /nɛkst stɛps/ Link the words smoothly; give the strongest phrase stress to “steps.” Keep the final /s/ audible.,evaluation and decisions,C1,v0629-s1
v0630,nuanced,,academic/professional word,professional extension,showing important subtle differences rather than being oversimplified,adjective,be nuanced; nuanced + noun,Her analysis was nuanced and acknowledged evidence that supported both perspectives.,nuanced analysis; nuanced understanding,Use nuanced before a noun or after a linking verb; do not use it as an adverb without the correct form.,"nuanced means showing important subtle differences rather than being oversimplified. By contrast, negative means showing an unfavorable, absent, or below-zero result.",professional and academic; often useful in careful speech and writing,IPA (stress shown separately): /nuɑnst/ Stress syllable 1 of 2. Keep the final /t/ audible.,general academic and professional,B2,v0630-s1
v0631,optimize,,academic/professional word,professional extension,to make a process or system as effective as reasonably possible,verb,optimize + noun; optimize X for Y,"The team adjusted the schedule to optimize the use of limited laboratory space, so the team could interpret the evidence with less uncertainty.",optimize a process; optimize for,Do not use optimize as a noun without changing its form; also check the required preposition or object.,"optimize means to make a process or system as effective as reasonably possible. By contrast, enhance means to improve the quality, value, or effectiveness of something.",professional and academic; often useful in careful speech and writing,"IPA (stress shown separately): /ɑptəmaɪz/ Stress syllable 1 of 3. Let /aɪ/ glide smoothly, as in my. Keep the final /z/ audible.",cause and effect,B2,v0631-s1
v0632,outlier,,academic/professional word,professional extension,a value or case that is very different from the rest of the data,noun,outlier in + dataset,The researcher checked whether the unusually low score was an outlier or a recording error.,identify an outlier; statistical outlier,Check whether outlier is countable in this meaning before adding “a” or a plural ending.,"outlier means a value or case that is very different from the rest of the data. By contrast, data means information from which conclusions may be drawn.",academic and professional; also useful in formal explanations,"IPA (stress shown separately): /aʊtlaɪɚ/ Stress syllable 1 of 3. Let /aɪ/ glide smoothly, as in my.",evidence,C1,v0632-s1
v0633,ownership,,academic/professional word,professional extension,personal responsibility and commitment toward a task or result,noun,ownership of + task/result,"Each team member took ownership of one part of the implementation plan, which helped the manager assign the next responsibility accurately.",take ownership; shared ownership,Check whether ownership is countable in this meaning before adding “a” or a plural ending.,"ownership means personal responsibility and commitment toward a task or result. By contrast, procedure means a course of action intended to achieve a result.",professional and academic; often useful in careful speech and writing,"IPA (stress shown separately): /oʊnɚʃɪp/ Stress syllable 1 of 3. Use a clear /ʃ/ “sh” sound. Keep /ɪ/ short and relaxed, as in sit. Keep the final /p/ audible.",cause and effect,C1,v0633-s1
v0634,pedagogy,,academic/professional word,professional extension,the principles and methods of teaching,noun,pedagogy of/for + subject,"The workshop connected learning science with practical classroom pedagogy, so the class could connect the idea to the next activity.",effective pedagogy; teaching pedagogy,Check whether pedagogy is countable in this meaning before adding “a” or a plural ending.,"pedagogy means the principles and methods of teaching. By contrast, proficiency means a high level of skill or ability.",professional and academic; often useful in careful speech and writing,"IPA (stress shown separately): /pɛdəɡoʊdʒi/ Stress syllable 1 of 4. Use /dʒ/ “j,” as in job.",education,C1,v0634-s1
v0635,peer-reviewed,,academic/professional word,professional extension,evaluated by qualified experts before publication,adjective,peer-reviewed + noun; be peer-reviewed,"The report relies mainly on peer-reviewed research rather than opinion pieces, which gave the reviewers a clearer basis for evaluating the conclusion.",peer-reviewed article; peer-reviewed research,Use peer-reviewed before a noun or after a linking verb; do not use it as an adverb without the correct form.,"peer-reviewed means evaluated by qualified experts before publication. By contrast, legal means related to or allowed by law.",academic and professional; also useful in formal explanations,"IPA (stress shown separately): /pɪr rivjud/ Link the words smoothly; give the strongest phrase stress to “reviewed.” For /v/, touch the upper teeth to the lower lip; do not replace it with /b/. Keep short /ɪ/ distinct from long /i/. Keep the final /d/ audible.",policy and society,B2,v0635-s1
v0636,proactive,,academic/professional word,professional extension,acting in advance to prevent problems or create opportunities,adjective,be proactive; proactive + noun,"A proactive teacher contacts families before a small attendance problem becomes serious, so the class could connect the idea to the next activity.",proactive approach; proactive communication,Use proactive before a noun or after a linking verb; do not use it as an adverb without the correct form.,"proactive means acting in advance to prevent problems or create opportunities. By contrast, radical means fundamental or extreme.",professional and academic; often useful in careful speech and writing,"IPA (stress shown separately): /proʊæktɪv/ Stress syllable 2 of 3. For /v/, touch the upper teeth to the lower lip; do not replace it with /b/. Keep /ɪ/ short and relaxed, as in sit. Keep the final /v/ audible.",general academic and professional,B2,v0636-s1
v0637,proficiency,,academic/professional word,professional extension,a high level of skill or ability,noun,proficiency in + skill/subject,"Students must demonstrate proficiency in algebra before enrolling in calculus, which gave the teacher clearer information for the following lesson.",language proficiency; demonstrate proficiency,Check whether proficiency is countable in this meaning before adding “a” or a plural ending.,"proficiency means a high level of skill or ability. By contrast, assessment means when you decide the value or quality of something.",professional and academic; often useful in careful speech and writing,IPA (stress shown separately): /prəfɪʃənsi/ Stress syllable 2 of 4. Use a clear /ʃ/ “sh” sound. Keep short /ɪ/ distinct from long /i/.,education,C1,v0637-s1
v0638,quantitative,,academic/professional word,professional extension,based mainly on numerical measurements and statistical analysis,adjective,quantitative + noun; be quantitative,"The evaluation combines quantitative data with interviews and classroom observations, so the class could connect the idea to the next activity.",quantitative analysis; quantitative data,Use quantitative before a noun or after a linking verb; do not use it as an adverb without the correct form.,"quantitative means based mainly on numerical measurements and statistical analysis. By contrast, evidence-based means supported by reliable research or data.",academic and professional; also useful in formal explanations,"IPA (stress shown separately): /kwɑntɪteɪtɪv/ Stress syllable 1 of 4. For /v/, touch the upper teeth to the lower lip; do not replace it with /b/. For /w/, round the lips; do not touch the teeth. Keep /ɪ/ short and relaxed, as in sit. Keep the final /v/ audible.",evidence,C1,v0638-s1
v0639,rationale,,academic/professional word,professional extension,the reason or logical basis for a decision,noun,rationale for + noun/gerund,"The proposal includes a clear rationale for changing the schedule, so the group could make the next decision with clearer information.",provide a rationale; underlying rationale,Check whether rationale is countable in this meaning before adding “a” or a plural ending.,"rationale means the reason or logical basis for a decision. By contrast, evaluation means judgment of the value or quality of something.",professional and academic; often useful in careful speech and writing,IPA (stress shown separately): /ræʃənæl/ Stress syllable 3 of 3. Use a clear /ʃ/ “sh” sound. Keep the final /l/ audible.,evaluation and decisions,C1,v0639-s1
v0640,recommendation,,academic/professional word,professional extension,a proposed course of action based on evidence or judgment,noun,recommendation for + noun; recommendation that + clause,"The committee’s recommendation is based on cost, evidence, and feasibility.",make a recommendation; recommendation that,Check whether recommendation is countable in this meaning before adding “a” or a plural ending.,"recommendation means a proposed course of action based on evidence or judgment. By contrast, evidence means one or more reasons for believing something.",academic and professional; also useful in formal explanations,IPA (stress shown separately): /rɛkəməndeɪʃən/ Stress syllable 4 of 5. Use a clear /ʃ/ “sh” sound. Keep the final /n/ audible.,evidence,B2,v0640-s1
v0641,reliable,,academic/professional word,professional extension,consistent and dependable across repeated use or measurement,adjective,be reliable; reliable + noun,"A reliable measurement produces similar results under similar conditions, so the team had stronger evidence before drawing a conclusion.",reliable source; reliable measure,Use reliable before a noun or after a linking verb; do not use it as an adverb without the correct form.,"reliable means consistent and dependable across repeated use or measurement. By contrast, credible means believable because it is supported by trustworthy evidence.",academic and professional; also useful in formal explanations,"IPA (stress shown separately): /rɪlaɪəbəl/ Stress syllable 2 of 4. For /b/, close both lips completely. Keep /ɪ/ short and relaxed, as in sit. Let /aɪ/ glide smoothly, as in my. Keep the final /l/ audible.",evidence,B2,v0641-s1
v0642,replicable,,academic/professional word,professional extension,able to be repeated with similar methods and results,adjective,be replicable; replicable + noun,"The researchers documented each step so the experiment would be replicable, so the team could interpret the evidence with less uncertainty.",replicable method; replicable results,Use replicable before a noun or after a linking verb; do not use it as an adverb without the correct form.,"replicable means able to be repeated with similar methods and results. By contrast, marginal means small in amount or effect, or barely acceptable.",professional and academic; often useful in careful speech and writing,"Practice the expression in a full sentence, stress the main content word, and keep every final consonant audible.",cause and effect,C1,v0642-s1
v0643,resourceful,,academic/professional word,professional extension,skilled at finding practical ways to solve problems,adjective,be resourceful; resourceful + noun,"The resourceful teacher built a useful model from inexpensive classroom materials, which gave the teacher clearer information for the following lesson.",resourceful problem-solver; highly resourceful,Use resourceful before a noun or after a linking verb; do not use it as an adverb without the correct form.,"resourceful means skilled at finding practical ways to solve problems. By contrast, random means without pattern or plan.",professional and academic; often useful in careful speech and writing,IPA (stress shown separately): /risɔrsfəl/ Stress syllable 2 of 3. Keep the final /l/ audible.,planning and projects,C1,v0643-s1
v0644,responsive,,academic/professional word,professional extension,reacting appropriately and promptly to needs or changes,adjective,responsive to + noun; be responsive,"The revised support plan is more responsive to students’ individual needs, which gave the teacher clearer information for the following lesson.",responsive to needs; responsive design,Use responsive before a noun or after a linking verb; do not use it as an adverb without the correct form.,"responsive means reacting appropriately and promptly to needs or changes. By contrast, variable means one among a group of things which may change.",professional and academic; often useful in careful speech and writing,"IPA (stress shown separately): /rɪspɑnsɪv/ Stress syllable 2 of 3. For /v/, touch the upper teeth to the lower lip; do not replace it with /b/. Keep /ɪ/ short and relaxed, as in sit. Keep the final /v/ audible.",change and trends,C1,v0644-s1
v0645,risk assessment,,academic/professional word,professional extension,a systematic evaluation of possible dangers and their likelihood,noun,risk assessment for + activity,"The laboratory completed a risk assessment before introducing the new chemical procedure, so students could relate chemical composition to observable properties.",conduct a risk assessment; safety risk assessment,Check whether risk assessment is countable in this meaning before adding “a” or a plural ending.,"risk assessment means a systematic evaluation of possible dangers and their likelihood. By contrast, assessment means when you decide the value or quality of something.",professional and academic; often useful in careful speech and writing,"IPA (stress shown separately): /rɪsk əsɛsmənt/ Link the words smoothly; give the strongest phrase stress to “assessment.” Keep /ɪ/ short and relaxed, as in sit. Keep the final /t/ audible.",education,B2,v0645-s1
v0646,robust,,academic/professional word,professional extension,strong and reliable under different conditions,adjective,be robust; robust + noun,"The conclusion is supported by a robust dataset collected from several sources, so the team could interpret the evidence with less uncertainty.",robust evidence; robust system,Use robust before a noun or after a linking verb; do not use it as an adverb without the correct form.,"robust means strong and reliable under different conditions. By contrast, reliable means consistent and dependable across repeated use or measurement.",academic and professional; also useful in formal explanations,"IPA (stress shown separately): /roʊbʌst/ Stress syllable 2 of 2. For /b/, close both lips completely. Keep the final /t/ audible.",evidence,B2,v0646-s1
v0647,rubric,,academic/professional word,professional extension,a scoring guide that describes criteria and levels of performance,noun,rubric for + task; rubric with + criteria,"The rubric explains what beginning, proficient, and advanced work looks like.",scoring rubric; use a rubric,Check whether rubric is countable in this meaning before adding “a” or a plural ending.,"rubric means a scoring guide that describes criteria and levels of performance. By contrast, category means the groups by which something is classified.",professional and academic; often useful in careful speech and writing,"IPA (stress shown separately): /rubrɪk/ Stress syllable 1 of 2. For /b/, close both lips completely. Keep /ɪ/ short and relaxed, as in sit. Keep the final /k/ audible.",education,C1,v0647-s1
v0648,scaffold,,academic/professional word,professional extension,to provide temporary support that helps a learner complete a difficult task,verb,scaffold + noun; scaffold X with Y,"The teacher scaffolded the task with a model, sentence frames, and guided practice.",scaffold instruction; scaffold a task,Do not use scaffold as a noun without changing its form; also check the required preposition or object.,"scaffold means to provide temporary support that helps a learner complete a difficult task. By contrast, differentiate means to adjust instruction or support for different learner needs.",professional and academic; often useful in careful speech and writing,IPA (stress shown separately): /skæfəld/ Stress syllable 1 of 2. Keep the final /d/ audible.,education,C1,v0648-s1
v0649,scalable,,academic/professional word,professional extension,able to grow or expand without losing effectiveness,adjective,be scalable; scalable + noun,The pilot must be scalable before the district can adopt it in every school.,scalable solution; scalable model,Use scalable before a noun or after a linking verb; do not use it as an adverb without the correct form.,"scalable means able to grow or expand without losing effectiveness. By contrast, marginal means small in amount or effect, or barely acceptable.",professional and academic; often useful in careful speech and writing,"IPA (stress shown separately): /skeɪləbəl/ Stress syllable 1 of 3. For /b/, close both lips completely. Keep the final /l/ audible.",cause and effect,C1,v0649-s1
v0650,stakeholder,,academic/professional word,professional extension,a person or group affected by or interested in a decision,noun,stakeholder in + project; stakeholder affected by,"Teachers, students, families, and employers are key stakeholders in the program.",key stakeholder; stakeholder input,Check whether stakeholder is countable in this meaning before adding “a” or a plural ending.,"stakeholder means a person or group affected by or interested in a decision. By contrast, buy-in means support or acceptance from people affected by a plan.",professional and academic; often useful in careful speech and writing,IPA (stress shown separately): /steɪkhoʊldɚ/ Stress syllable 1 of 3.,cause and effect,B2,v0650-s1
v0651,streamline,,academic/professional word,professional extension,to simplify a process so it requires less time or effort,verb,streamline + noun,"The new form streamlines registration by removing repeated questions, so the team could interpret the evidence with less uncertainty.",streamline a process; streamline operations,Do not use streamline as a noun without changing its form; also check the required preposition or object.,"streamline means to simplify a process so it requires less time or effort. By contrast, document means to record the details of a process or event.",academic and professional; also useful in formal explanations,"IPA (stress shown separately): /strimlaɪn/ Stress syllable 1 of 2. Let /aɪ/ glide smoothly, as in my. Keep the final /n/ audible.",STEM and technology,B2,v0651-s1
v0652,summative,,academic/professional word,professional extension,used at the end of learning to evaluate overall achievement,adjective,summative + noun; be summative,"The final project serves as a summative assessment of the semester’s learning, which gave the teacher clearer information for the following lesson.",summative assessment; summative evaluation,Use summative before a noun or after a linking verb; do not use it as an adverb without the correct form.,"summative means used at the end of learning to evaluate overall achievement. By contrast, formative means used during learning to guide improvement rather than give a final judgment.",professional and academic; often useful in careful speech and writing,"Practice the expression in a full sentence, stress the main content word, and keep every final consonant audible.",education,C1,v0652-s1
v0653,synchronous,,academic/professional word,professional extension,"occurring at the same time according to a shared schedule, especially in live instruction or communication",adjective,synchronous + noun; be synchronous,"The synchronous class meets online at the same time every Tuesday, which gave the teacher clearer information for the following lesson.",synchronous learning; synchronous session,Use synchronous before a noun or after a linking verb; do not use it as an adverb without the correct form.,"Synchronous activities happen together on a shared schedule, whereas concurrent activities merely overlap in time.",professional and academic; often useful in careful speech and writing,"IPA (stress shown separately): /sɪŋkrənəs/ Stress syllable 1 of 3. Keep /ɪ/ short and relaxed, as in sit. Keep the final /s/ audible.",general academic and professional,C1,v0653-s1
v0654,systematic,,academic/professional word,professional extension,organized according to a clear and consistent method,adjective,systematic + noun; be systematic,"The team used a systematic process to investigate each possible cause, which helped the manager assign the next responsibility accurately.",systematic approach; systematic review,Use systematic before a noun or after a linking verb; do not use it as an adverb without the correct form.,"systematic means organized according to a clear and consistent method. By contrast, technical means relating to specialized words of a specific subject.",academic and professional; also useful in formal explanations,"IPA (stress shown separately): /sɪstəmætɪk/ Stress syllable 3 of 4. Keep /ɪ/ short and relaxed, as in sit. Keep the final /k/ audible.",STEM and technology,C1,v0654-s1
v0655,tactful,,academic/professional word,professional extension,careful not to offend others while communicating honestly,adjective,be tactful; tactful + noun,"Her tactful email raised the concern without embarrassing anyone, so the audience could understand the intended point without guessing.",tactful response; tactful wording,Use tactful before a noun or after a linking verb; do not use it as an adverb without the correct form.,"tactful means careful not to offend others while communicating honestly. By contrast, corresponding means similar to or anticipated.",professional and academic; often useful in careful speech and writing,IPA (stress shown separately): /tæktfəl/ Stress syllable 1 of 2. Keep the final /l/ audible.,communication,B2,v0655-s1
v0656,timeline,,academic/professional word,professional extension,a schedule showing when stages or tasks should occur,noun,timeline for + project; on the timeline,The revised timeline shows when each phase should begin and end.,project timeline; realistic timeline,Check whether timeline is countable in this meaning before adding “a” or a plural ending.,"timeline means a schedule showing when stages or tasks should occur. By contrast, schedule means a plan of activities organized by time.",professional and academic; often useful in careful speech and writing,"IPA (stress shown separately): /taɪmlaɪn/ Stress syllable 1 of 2. Let /aɪ/ glide smoothly, as in my. Keep the final /n/ audible.",planning and projects,B2,v0656-s1
v0657,trade-off,,academic/professional word,professional extension,a situation in which gaining one benefit requires accepting a disadvantage,noun,trade-off between X and Y,"The faster option involves a trade-off between speed and accuracy, so the reader could understand the intended relationship without guessing.",make a trade-off; trade-off between,Check whether trade-off is countable in this meaning before adding “a” or a plural ending.,"trade-off means a situation in which gaining one benefit requires accepting a disadvantage. By contrast, contribution means money given or part played to achieve a group aim.",professional and academic; often useful in careful speech and writing,IPA (stress shown separately): /treɪd ɔf/ Link the words smoothly; give the strongest phrase stress to “off.” Keep the final /f/ audible.,general academic and professional,C1,v0657-s1
v0658,transparent,,academic/professional word,professional extension,"open, clear, and easy for others to understand or verify",adjective,be transparent; transparent about + noun,The selection process should be transparent so applicants understand how decisions are made.,transparent process; transparent communication,Use transparent before a noun or after a linking verb; do not use it as an adverb without the correct form.,"transparent means open, clear, and easy for others to understand or verify. By contrast, evidence-based means supported by reliable research or data.",academic and professional; also useful in formal explanations,IPA (stress shown separately): /trænspɛrənt/ Stress syllable 2 of 3. Keep the final /t/ audible.,evidence,C1,v0658-s1
v0659,troubleshoot,,academic/professional word,professional extension,to identify and solve the cause of a technical or practical problem,verb,troubleshoot + noun,"The technician troubleshot the network by testing one possible cause at a time, which gave the reviewers a clearer basis for evaluating the conclusion.",troubleshoot a problem; troubleshoot equipment,Do not use troubleshoot as a noun without changing its form; also check the required preposition or object.,"troubleshoot means to identify and solve the cause of a technical or practical problem. By contrast, attribute means to identify something as the cause of a result.",professional and academic; often useful in careful speech and writing,"IPA (stress shown separately): /trʌbəlʃut/ Stress syllable 1 of 3. Use a clear /ʃ/ “sh” sound. For /b/, close both lips completely. Keep the final /t/ audible.",cause and effect,C1,v0659-s1
v0660,viable,,academic/professional word,professional extension,capable of working successfully in practice,adjective,be viable; viable + noun,The committee concluded that the proposal was financially viable.,viable option; viable solution,Use viable before a noun or after a linking verb; do not use it as an adverb without the correct form.,"viable means capable of working successfully in practice. By contrast, reliable means consistent and dependable across repeated use or measurement.",professional and academic; often useful in careful speech and writing,"IPA (stress shown separately): /vaɪəbəl/ Stress syllable 1 of 3. For /v/, touch the upper teeth to the lower lip; do not replace it with /b/. For /b/, close both lips completely. Let /aɪ/ glide smoothly, as in my. Keep the final /l/ audible.",evaluation and decisions,B2,v0660-s1
v0661,workflow,,academic/professional word,professional extension,the sequence of steps through which work is completed,noun,workflow for + process; workflow between + teams,"The new workflow automatically sends each request to the correct reviewer, which helped the manager assign the next responsibility accurately.",improve a workflow; workflow for,Check whether workflow is countable in this meaning before adding “a” or a plural ending.,"workflow means the sequence of steps through which work is completed. By contrast, policy means an established practice or plan of what to do.",professional and academic; often useful in careful speech and writing,"IPA (stress shown separately): /wɝkfloʊ/ Stress syllable 1 of 2. For /w/, round the lips; do not touch the teeth.",planning and projects,B2,v0661-s1
v0662,workload,,academic/professional word,professional extension,the amount of work assigned to a person or team,noun,workload for/of + person/team,The department redistributed the workload after two employees took leave.,heavy workload; manage a workload,Check whether workload is countable in this meaning before adding “a” or a plural ending.,"workload means the amount of work assigned to a person or team. By contrast, team means organized group of people who work cooperatively.",professional and academic; often useful in careful speech and writing,"IPA (stress shown separately): /wɝkloʊd/ Stress syllable 1 of 2. For /w/, round the lips; do not touch the teeth. Keep the final /d/ audible.",workplace and leadership,C1,v0662-s1
v0663,accessible,,academic/professional word,professional extension,"easy to reach, use, understand, or participate in",adjective,be accessible to + person; accessible + noun,"The teacher made the instructions accessible by using plain language and visual examples, which gave the teacher clearer information for the following lesson.",accessible format; accessible to,Use accessible before a noun or after a linking verb; do not use it as an adverb without the correct form.,"accessible means easy to reach, use, understand, or participate in. By contrast, obvious means easy to understand.",professional and academic; often useful in careful speech and writing,"IPA (stress shown separately): /æksɛsəbəl/ Stress syllable 2 of 4. For /b/, close both lips completely. Keep the final /l/ audible.",general academic and professional,C1,v0663-s1
v0664,action item,,academic/professional word,professional extension,a specific task assigned during a meeting or planning process,noun,action item for + person; action item from + meeting,"Updating the safety checklist is Jordan’s action item for this week, so the reviewer could confirm that every requirement had been addressed.",assign an action item; complete an action item,Check whether action item is countable in this meaning before adding “a” or a plural ending.,"action item means a specific task assigned during a meeting or planning process. By contrast, agenda means a planned list of topics for a meeting.",professional and academic; often useful in careful speech and writing,"IPA (stress shown separately): /ækʃən aɪtəm/ Link the words smoothly; give the strongest phrase stress to “item.” Use a clear /ʃ/ “sh” sound. Let /aɪ/ glide smoothly, as in my. Keep the final /m/ audible.",planning and projects,C1,v0664-s1
v0665,advisable,,academic/professional word,professional extension,recommended as a sensible course of action,adjective,it is advisable to + verb,"It is advisable to back up the files before installing the update, which gave the teacher clearer information for the following lesson.",highly advisable; advisable to,Use advisable before a noun or after a linking verb; do not use it as an adverb without the correct form.,"advisable means recommended as a sensible course of action. By contrast, hierarchical means classified by rank or grade.",professional and academic; often useful in careful speech and writing,"IPA (stress shown separately): /ədvaɪzəbəl/ Stress syllable 2 of 4. For /v/, touch the upper teeth to the lower lip; do not replace it with /b/. For /b/, close both lips completely. Let /aɪ/ glide smoothly, as in my. Keep the final /l/ audible.",education,B2,v0665-s1
v0666,analytical,,academic/professional word,professional extension,using careful examination and logical reasoning,adjective,analytical + noun; be analytical,"Her analytical approach helped the team separate evidence from assumptions, which gave the reviewers a clearer basis for evaluating the conclusion.",analytical thinking; analytical approach,Use analytical before a noun or after a linking verb; do not use it as an adverb without the correct form.,"analytical means using careful examination and logical reasoning. By contrast, radical means fundamental or extreme.",professional and academic; often useful in careful speech and writing,"IPA (stress shown separately): /ænəlɪtɪkəl/ Stress syllable 3 of 5. Keep /ɪ/ short and relaxed, as in sit. Keep the final /l/ audible.",general academic and professional,B2,v0666-s1
v0667,applicable,,academic/professional word,professional extension,relevant and usable in a particular situation,adjective,be applicable to + noun,The rule is applicable to every course that uses laboratory equipment.,applicable to; directly applicable,Use applicable before a noun or after a linking verb; do not use it as an adverb without the correct form.,"applicable means relevant and usable in a particular situation. By contrast, relevant means correct or suitable for a particular purpose.",professional and academic; often useful in careful speech and writing,"IPA (stress shown separately): /æpləkəbəl/ Stress syllable 1 of 4. For /b/, close both lips completely. Keep the final /l/ audible.",general academic and professional,C1,v0667-s1
v0668,backlog,,academic/professional word,professional extension,unfinished work waiting to be completed,noun,backlog of + work/requests,"The support team reduced its backlog by resolving the oldest requests first, so the group could make the next decision with clearer information.",clear a backlog; growing backlog,Check whether backlog is countable in this meaning before adding “a” or a plural ending.,"backlog means unfinished work waiting to be completed. By contrast, job means regular work, a piece of work, a responsibility or a task.",professional and academic; often useful in careful speech and writing,"IPA (stress shown separately): /bæklɑɡ/ Stress syllable 1 of 2. For /b/, close both lips completely. Keep the final /ɡ/ audible.",workplace and leadership,C1,v0668-s1
v0669,best practice,,academic/professional word,professional extension,a method widely accepted as effective and reliable,noun,best practice for + noun/gerund,Using multiple measures is a best practice when evaluating student learning.,follow best practices; accepted best practice,Check whether best practice is countable in this meaning before adding “a” or a plural ending.,"best practice means a method widely accepted as effective and reliable. By contrast, evidence means one or more reasons for believing something.",academic and professional; also useful in formal explanations,"IPA (stress shown separately): /bɛst præktəs/ Link the words smoothly; give the strongest phrase stress to “practice.” For /b/, close both lips completely. Keep the final /s/ audible.",evidence,C1,v0669-s1
v0670,briefing,,academic/professional word,professional extension,a short meeting or document that provides essential information,noun,briefing on/about + topic,"The superintendent gave staff a short briefing before the announcement became public, so the people affected could understand the practical consequence.",security briefing; briefing on,Check whether briefing is countable in this meaning before adding “a” or a plural ending.,"briefing means a short meeting or document that provides essential information. By contrast, medium means a method or channel used to communicate information.",professional and academic; often useful in careful speech and writing,"IPA (stress shown separately): /brifɪŋ/ Stress syllable 1 of 2. For /b/, close both lips completely. Keep short /ɪ/ distinct from long /i/. Keep the final /ŋ/ audible.",communication,B2,v0670-s1
v0671,compliance,,academic/professional word,professional extension,"following an official rule, standard, or requirement",noun,compliance with + rule/standard,The audit checks whether each laboratory is in compliance with safety regulations.,regulatory compliance; ensure compliance,Check whether compliance is countable in this meaning before adding “a” or a plural ending.,"compliance means following an official rule, standard, or requirement. By contrast, violation means action that breaks the rules.",professional and academic; often useful in careful speech and writing,"IPA (stress shown separately): /kəmplaɪəns/ Stress syllable 2 of 3. Let /aɪ/ glide smoothly, as in my. Keep the final /s/ audible.",general academic and professional,B2,v0671-s1
v0672,compromise,,academic/professional word,professional extension,an agreement in which each side accepts less than it originally wanted,noun,compromise between + sides; compromise on + issue,The final schedule was a compromise that gave both departments some of what they wanted.,reach a compromise; reasonable compromise,Check whether compromise is countable in this meaning before adding “a” or a plural ending.,"compromise means an agreement in which each side accepts less than it originally wanted. By contrast, consensus means general agreement among members of a group.",professional and academic; often useful in careful speech and writing,"IPA (stress shown separately): /kɑmprəmaɪz/ Stress syllable 1 of 3. Let /aɪ/ glide smoothly, as in my. Keep the final /z/ audible.",general academic and professional,C1,v0672-s1
v0673,confidential,,academic/professional word,professional extension,intended to be kept private or shared only with authorized people,adjective,be confidential; confidential + noun,"Student medical information must remain confidential, so the class could connect the idea to the next activity.",confidential information; strictly confidential,Use confidential before a noun or after a linking verb; do not use it as an adverb without the correct form.,"confidential means intended to be kept private or shared only with authorized people. By contrast, traditional means the usual ways or customs of a group of people.",professional and academic; often useful in careful speech and writing,IPA (stress shown separately): /kɑnfədɛnʃəl/ Stress syllable 3 of 4. Use a clear /ʃ/ “sh” sound. Keep the final /l/ audible.,general academic and professional,C1,v0673-s1
v0674,corroborate,,academic/professional word,professional extension,to support a claim with additional evidence,verb,corroborate + noun,"Two independent records corroborated the witness’s account, so the team could interpret the evidence with less uncertainty.",corroborate a claim; corroborating evidence,Do not use corroborate as a noun without changing its form; also check the required preposition or object.,"corroborate means to support a claim with additional evidence. By contrast, confirm means to show that information or a result is correct.",academic and professional; also useful in formal explanations,"IPA (stress shown separately): /kɚɑbɚeɪt/ Stress syllable 2 of 4. For /b/, close both lips completely. Keep the final /t/ audible.",evidence,C1,v0674-s1
v0675,cost-effective,,academic/professional word,professional extension,producing a useful result without unnecessary expense,adjective,cost-effective + noun; be cost-effective,The district chose a cost-effective solution that met the essential requirements.,cost-effective solution; cost-effective way,Use cost-effective before a noun or after a linking verb; do not use it as an adverb without the correct form.,"cost-effective means producing a useful result without unnecessary expense. By contrast, marginal means small in amount or effect, or barely acceptable.",professional and academic; often useful in careful speech and writing,"IPA (stress shown separately): /kɑst ifɛktɪv/ Link the words smoothly; give the strongest phrase stress to “effective.” For /v/, touch the upper teeth to the lower lip; do not replace it with /b/. Keep short /ɪ/ distinct from long /i/. Keep the final /v/ audible.",cause and effect,B2,v0675-s1
v0676,cross-functional,,academic/professional word,professional extension,involving people from different departments or specialties,adjective,cross-functional + noun,"A cross-functional team of teachers, counselors, and technicians led the project.",cross-functional team; cross-functional collaboration,Use cross-functional before a noun or after a linking verb; do not use it as an adverb without the correct form.,"cross-functional means involving people from different departments or specialties. By contrast, inclusive means designed to welcome and support people with different backgrounds or needs.",professional and academic; often useful in careful speech and writing,IPA (stress shown separately): /krɔs fʌŋkʃənəl/ Link the words smoothly; give the strongest phrase stress to “functional.” Use a clear /ʃ/ “sh” sound. Keep the final /l/ audible.,general academic and professional,B2,v0676-s1
v0677,discrepancy,,academic/professional word,professional extension,"an unexpected difference between two facts, records, or results",noun,discrepancy between X and Y; discrepancy in + record,"The accountant investigated a discrepancy between the invoice and the payment record, which gave the reviewers a clearer basis for evaluating the conclusion.",identify a discrepancy; data discrepancy,Check whether discrepancy is countable in this meaning before adding “a” or a plural ending.,"discrepancy means an unexpected difference between two facts, records, or results. By contrast, accountability means responsibility for decisions, actions, and results.",professional and academic; often useful in careful speech and writing,IPA (stress shown separately): /dɪskrɛpənsi/ Stress syllable 2 of 4. Keep short /ɪ/ distinct from long /i/.,cause and effect,C1,v0677-s1
v0678,equitable,,academic/professional word,professional extension,fair while accounting for different needs and circumstances,adjective,be equitable; equitable + noun,An equitable policy provides additional support to students who face greater barriers.,equitable access; equitable policy,Use equitable before a noun or after a linking verb; do not use it as an adverb without the correct form.,"equitable means fair while accounting for different needs and circumstances. By contrast, inclusive means designed to welcome and support people with different backgrounds or needs.",professional and academic; often useful in careful speech and writing,"IPA (stress shown separately): /ɛkwətəbəl/ Stress syllable 1 of 4. For /w/, round the lips; do not touch the teeth. For /b/, close both lips completely. Keep the final /l/ audible.",general academic and professional,C1,v0678-s1
v0679,follow-through,,academic/professional word,professional extension,the act of completing the actions promised or started,noun,follow-through on + commitment,"The plan was strong, but poor follow-through prevented it from producing results.",consistent follow-through; lack of follow-through,Check whether follow-through is countable in this meaning before adding “a” or a plural ending.,"follow-through means the act of completing the actions promised or started. By contrast, instruction means information about how to do something.",professional and academic; often useful in careful speech and writing,IPA (stress shown separately): /fɑloʊ θru/ Link the words smoothly; give the strongest phrase stress to “through.”,general academic and professional,C1,v0679-s1
v0680,impactful,,academic/professional word,professional extension,having a strong or meaningful effect,adjective,impactful + noun; be impactful,"The most impactful part of the workshop was the live classroom demonstration, so the class could connect the idea to the next activity.",impactful experience; highly impactful,Use impactful before a noun or after a linking verb; do not use it as an adverb without the correct form.,"impactful means having a strong or meaningful effect. By contrast, high-impact means likely to produce a strong or meaningful result.",professional and academic; often useful in careful speech and writing,"Practice the expression in a full sentence, stress the main content word, and keep every final consonant audible.",cause and effect,B2,v0680-s1
v0681,inclusive,,academic/professional word,professional extension,designed to welcome and support people with different backgrounds or needs,adjective,be inclusive; inclusive of + group,The committee used an inclusive process that invited input from students and families.,inclusive environment; inclusive practice,Use inclusive before a noun or after a linking verb; do not use it as an adverb without the correct form.,"inclusive means designed to welcome and support people with different backgrounds or needs. By contrast, cross-functional means involving people from different departments or specialties.",professional and academic; often useful in careful speech and writing,"IPA (stress shown separately): /ɪnklusɪv/ Stress syllable 2 of 3. For /v/, touch the upper teeth to the lower lip; do not replace it with /b/. Keep /ɪ/ short and relaxed, as in sit. Keep the final /v/ audible.",general academic and professional,B2,v0681-s1
v0682,interdisciplinary,,academic/professional word,professional extension,combining knowledge or methods from more than one field,adjective,interdisciplinary + noun,"The interdisciplinary project combines biology, statistics, and computer science.",interdisciplinary course; interdisciplinary research,Use interdisciplinary before a noun or after a linking verb; do not use it as an adverb without the correct form.,"interdisciplinary means combining knowledge or methods from more than one field. By contrast, technical means relating to specialized words of a specific subject.",academic and professional; also useful in formal explanations,IPA (stress shown separately): /ɪntɚdɪsəplənɛri/ Stress syllable 3 of 7. Keep short /ɪ/ distinct from long /i/.,STEM and technology,C1,v0682-s1
v0683,measurable,,academic/professional word,professional extension,able to be evaluated using clear evidence or data,adjective,be measurable; measurable + noun,The goal is measurable because it includes a target percentage and a deadline.,measurable goal; measurable outcome,Use measurable before a noun or after a linking verb; do not use it as an adverb without the correct form.,"measurable means able to be evaluated using clear evidence or data. By contrast, evidence-based means supported by reliable research or data.",academic and professional; also useful in formal explanations,"IPA (stress shown separately): /mɛʒɚəbəl/ Stress syllable 1 of 4. Use /ʒ/ “zh,” as in measure. For /b/, close both lips completely. Keep the final /l/ audible.",evidence,C1,v0683-s1
v0684,onboarding,,academic/professional word,professional extension,the process of helping a new employee or participant become prepared,noun,onboarding for + person; onboarding process,"The onboarding process introduces new teachers to systems, policies, and support staff.",employee onboarding; onboarding process,Check whether onboarding is countable in this meaning before adding “a” or a plural ending.,"onboarding means the process of helping a new employee or participant become prepared. By contrast, bottleneck means a point in a process that slows everything else down.",academic and professional; also useful in formal explanations,"Practice the expression in a full sentence, stress the main content word, and keep every final consonant audible.",STEM and technology,C1,v0684-s1
v0685,operational,,academic/professional word,professional extension,related to the practical day-to-day functioning of an organization,adjective,be operational; operational + noun,"The new laboratory will be fully operational by August, so the team could interpret the evidence with less uncertainty.",operational plan; become operational,Use operational before a noun or after a linking verb; do not use it as an adverb without the correct form.,"operational means related to the practical day-to-day functioning of an organization. By contrast, actionable means clear and practical enough to act on.",professional and academic; often useful in careful speech and writing,IPA (stress shown separately): /ɑpɚeɪʃənəl/ Stress syllable 3 of 5. Use a clear /ʃ/ “sh” sound. Keep the final /l/ audible.,general academic and professional,B2,v0685-s1
v0686,outcome-oriented,,academic/professional word,professional extension,focused on the results a process is intended to produce,adjective,outcome-oriented + noun; be outcome-oriented,"The meeting was outcome-oriented and ended with clear decisions and assigned tasks, so the group could make the next decision with clearer information.",outcome-oriented approach; outcome-oriented planning,Use outcome-oriented before a noun or after a linking verb; do not use it as an adverb without the correct form.,"outcome-oriented means focused on the results a process is intended to produce. By contrast, replicable means able to be repeated with similar methods and results.",professional and academic; often useful in careful speech and writing,IPA (stress shown separately): /aʊtkʌm ɔriɛntəd/ Link the words smoothly; give the strongest phrase stress to “oriented.” Keep the final /d/ audible.,cause and effect,B2,v0686-s1
v0687,oversight,,academic/professional word,professional extension,supervision intended to ensure that work meets expectations,noun,oversight of + program; oversight by + group,Independent oversight helps ensure that public funds are used appropriately.,provide oversight; regulatory oversight,Check whether oversight is countable in this meaning before adding “a” or a plural ending.,"oversight means supervision intended to ensure that work meets expectations. By contrast, team means organized group of people who work cooperatively.",professional and academic; often useful in careful speech and writing,"IPA (stress shown separately): /oʊvɚsaɪt/ Stress syllable 1 of 3. For /v/, touch the upper teeth to the lower lip; do not replace it with /b/. Let /aɪ/ glide smoothly, as in my. Keep the final /t/ audible.",workplace and leadership,C1,v0687-s1
v0688,prerequisite,,academic/professional word,professional extension,something that must be completed or present before another step,noun,prerequisite for + noun; prerequisite to + gerund,"Algebra II is a prerequisite for the advanced statistics course, which gave the teacher clearer information for the following lesson.",course prerequisite; meet a prerequisite,Check whether prerequisite is countable in this meaning before adding “a” or a plural ending.,"prerequisite means something that must be completed or present before another step. By contrast, deadline means the latest time by which something must be completed.",professional and academic; often useful in careful speech and writing,"IPA (stress shown separately): /prirɛkwəzət/ Stress syllable 2 of 4. For /w/, round the lips; do not touch the teeth. Keep the final /t/ audible.",general academic and professional,C1,v0688-s1
v0689,quality assurance,,academic/professional word,professional extension,a process for checking that work meets required standards,noun,quality assurance for + product/process,Quality assurance includes regular checks to confirm that reports meet the required standard.,quality assurance process; quality assurance review,Check whether quality assurance is countable in this meaning before adding “a” or a plural ending.,"quality assurance means a process for checking that work meets required standards. By contrast, bottleneck means a point in a process that slows everything else down.",academic and professional; also useful in formal explanations,"IPA (stress shown separately): /kwɑləti əʃʊrəns/ Link the words smoothly; give the strongest phrase stress to “assurance.” Use a clear /ʃ/ “sh” sound. For /w/, round the lips; do not touch the teeth. Keep the final /s/ audible.",STEM and technology,C1,v0689-s1
v0690,realistic,,academic/professional word,professional extension,based on what can actually be achieved with available time and resources,adjective,be realistic; realistic + noun,"The team created a realistic timeline based on available staff and funding, so decision makers could see how the available resources would support the stated goal.",realistic goal; realistic expectation,Use realistic before a noun or after a linking verb; do not use it as an adverb without the correct form.,"realistic means based on what can actually be achieved with available time and resources. By contrast, collaborative means involving people working together toward a shared goal.",professional and academic; often useful in careful speech and writing,IPA (stress shown separately): /riəlɪstɪk/ Stress syllable 3 of 4. Keep short /ɪ/ distinct from long /i/. Keep the final /k/ audible.,planning and projects,B2,v0690-s1
v0691,reconcile,,academic/professional word,professional extension,to resolve differences or make separate records agree,verb,reconcile X with Y; reconcile + records,"The analyst reconciled the two spreadsheets before publishing the totals, so the reader could understand the intended relationship without guessing.",reconcile records; reconcile differences,Do not use reconcile as a noun without changing its form; also check the required preposition or object.,"reconcile means to resolve differences or make separate records agree. By contrast, unify means to combine separate parts into one coherent whole.",professional and academic; often useful in careful speech and writing,"IPA (stress shown separately): /rɛkənsaɪl/ Stress syllable 1 of 3. Let /aɪ/ glide smoothly, as in my. Keep the final /l/ audible.",general academic and professional,B2,v0691-s1
v0692,resource allocation,,academic/professional word,professional extension,"the process of deciding how time, money, or people will be used",noun,allocation of + resource; allocation across + groups,"The budget meeting focused on resource allocation across the three programs, which allowed leaders to direct limited resources toward the highest-priority work.",resource allocation decision; efficient resource allocation,Check whether resource allocation is countable in this meaning before adding “a” or a plural ending.,"resource allocation means the process of deciding how time, money, or people will be used. By contrast, resource means money, valuable possessions, or natural materials.",professional and academic; often useful in careful speech and writing,IPA (stress shown separately): /risɔrs æləkeɪʃən/ Link the words smoothly; give the strongest phrase stress to “allocation.” Use a clear /ʃ/ “sh” sound. Keep the final /n/ audible.,planning and projects,C1,v0692-s1
v0693,retention,,academic/professional word,professional extension,"the ability to keep employees, students, information, or learned material",noun,retention of + noun; retention rate,"Regular retrieval practice improves long-term vocabulary retention, which gave the teacher clearer information for the following lesson.",employee retention; retention rate,Check whether retention is countable in this meaning before adding “a” or a plural ending.,"retention means the ability to keep employees, students, information, or learned material. By contrast, proficiency means a high level of skill or ability.",professional and academic; often useful in careful speech and writing,IPA (stress shown separately): /ritɛnʃən/ Stress syllable 2 of 3. Use a clear /ʃ/ “sh” sound. Keep the final /n/ audible.,education,C1,v0693-s1
v0694,roadmap,,academic/professional word,professional extension,a high-level plan showing major goals and stages,noun,roadmap for + project; roadmap to + goal,"The technology roadmap outlines the major upgrades planned for the next three years, which helped the manager assign the next responsibility accurately.",strategic roadmap; product roadmap,Check whether roadmap is countable in this meaning before adding “a” or a plural ending.,"roadmap means a high-level plan showing major goals and stages. By contrast, goal means aims, purposes or targets.",professional and academic; often useful in careful speech and writing,IPA (stress shown separately): /roʊdmæp/ Stress syllable 1 of 2. Keep the final /p/ audible.,planning and projects,C1,v0694-s1
v0695,specification,,academic/professional word,professional extension,a detailed statement of required features or standards,noun,specification for + product; specification of + feature,The contractor confirmed that the device met every technical specification.,technical specification; meet specifications,Check whether specification is countable in this meaning before adding “a” or a plural ending.,"specification means a detailed statement of required features or standards. By contrast, feature means the important or typical parts of something.",professional and academic; often useful in careful speech and writing,"IPA (stress shown separately): /spɛsɪfɪkeɪʃən/ Stress syllable 4 of 5. Use a clear /ʃ/ “sh” sound. Keep /ɪ/ short and relaxed, as in sit. Keep the final /n/ audible.",general academic and professional,B2,v0695-s1
v0696,strategic,,academic/professional word,professional extension,designed to support important long-term goals,adjective,strategic + noun; be strategic,"The district made a strategic investment in teacher training and technical support, which gave the teacher clearer information for the following lesson.",strategic plan; strategic decision,Use strategic before a noun or after a linking verb; do not use it as an adverb without the correct form.,"strategic means designed to support important long-term goals. By contrast, random means without pattern or plan.",professional and academic; often useful in careful speech and writing,"IPA (stress shown separately): /strətidʒɪk/ Stress syllable 2 of 3. Use /dʒ/ “j,” as in job. Keep short /ɪ/ distinct from long /i/. Keep the final /k/ audible.",planning and projects,B2,v0696-s1
v0697,succinct,,academic/professional word,professional extension,expressed clearly in very few words,adjective,be succinct; succinct + noun,"Her summary was succinct, accurate, and easy to understand.",succinct explanation; clear and succinct,Use succinct before a noun or after a linking verb; do not use it as an adverb without the correct form.,"succinct means expressed clearly in very few words. By contrast, concise means clear and complete without unnecessary words.",professional and academic; often useful in careful speech and writing,"IPA (stress shown separately): /səksɪŋkt/ Stress syllable 2 of 2. Keep /ɪ/ short and relaxed, as in sit. Keep the final /t/ audible.",communication,C1,v0697-s1
v0698,transferable,,academic/professional word,professional extension,able to be applied in a different setting or task,adjective,be transferable to + context; transferable + noun,"The problem-solving skills developed in robotics are transferable to many other fields, so the reader could understand the intended relationship without guessing.",transferable skill; transferable to,Use transferable before a noun or after a linking verb; do not use it as an adverb without the correct form.,"transferable means able to be applied in a different setting or task. By contrast, cultural means relating to the customs and beliefs of a certain group.",professional and academic; often useful in careful speech and writing,"IPA (stress shown separately): /trænsfɝəbəl/ Stress syllable 2 of 4. For /b/, close both lips completely. Keep the final /l/ audible.",general academic and professional,C1,v0698-s1
v0699,triage,,academic/professional word,professional extension,to sort issues by urgency so the most important are handled first,verb,triage + noun; triage by + criterion,"The support team triaged incoming requests by urgency and potential impact, which helped the manager assign the next responsibility accurately.",triage requests; triage patients,Do not use triage as a noun without changing its form; also check the required preposition or object.,"triage means to sort issues by urgency so the most important are handled first. By contrast, diminish means to become smaller, weaker, or less important.",professional and academic; often useful in careful speech and writing,"IPA (stress shown separately): /traɪɪdʒ/ Stress syllable 1 of 2. Use /dʒ/ “j,” as in job. Keep /ɪ/ short and relaxed, as in sit. Let /aɪ/ glide smoothly, as in my. Keep the final /dʒ/ audible.",general academic and professional,C1,v0699-s1
v0700,user-friendly,,academic/professional word,professional extension,easy for people to learn and use,adjective,be user-friendly; user-friendly + noun,"The new dashboard is user-friendly, so teachers can find reports without extensive training.",user-friendly interface; user-friendly design,Use user-friendly before a noun or after a linking verb; do not use it as an adverb without the correct form.,"user-friendly means easy for people to learn and use. By contrast, hierarchical means classified by rank or grade.",professional and academic; often useful in careful speech and writing,IPA (stress shown separately): /juzɚ frɛndli/ Link the words smoothly; give the strongest phrase stress to “friendly.”,education,B2,v0700-s1
v0701,ask around,,phrasal verb,American phrasal verb core,ask several people for information,phrasal verb,ask around,"When I compared suggestions from several people at the school, I asked around, and three teachers recommended the same tutoring program.",ask around,"In this taught meaning, the verb is commonly used without a direct object. Add an object only when you know the required pattern.","ask around means ask several people for information. By contrast, ask for means request something.",common in conversation; many uses also fit professional speech,IPA (stress shown separately): /æsk ɚaʊnd/ Link the words smoothly; give the strongest phrase stress to “around.” Keep the final /d/ audible.,communication,B1-B2,v0701-s1
v0702,ask for,,phrasal verb,American phrasal verb core,request something,phrasal verb,ask for + noun,"Please ask for clarification before you begin the assignment, which gave the teacher clearer information for the following lesson.",ask for + noun,Keep the word order shown in the pattern. Do not move the particle unless you have confirmed that this phrasal verb is separable.,"ask for means request something. By contrast, ask around means ask several people for information.",common in conversation; many uses also fit professional speech,IPA (stress shown separately): /æsk fɔr/ Link the words smoothly; give the strongest phrase stress to “for.” Keep the final /r/ audible.,communication,B2,v0702-s1
v0703,ask out,,phrasal verb,American phrasal verb core,invite someone on a date,phrasal verb,ask someone out,He finally decided to ask out a coworker after they had known each other for several months.,ask someone out,"This taught use is separable. Put a pronoun between the verb and particle: “ask them out,” not “ask out them.”","ask out means invite someone on a date. By contrast, get along means have a friendly relationship.",mainly conversational,IPA (stress shown separately): /æsk aʊt/ Link the words smoothly; give the strongest phrase stress to “out.” Keep the final /t/ audible.,relationships,B1-B2,v0703-s1
v0704,back away,,phrasal verb,American phrasal verb core,move away or withdraw from a position,phrasal verb,back away from + noun,"The district may back away from the proposal after parents raise concerns, so the class could connect the idea to the next activity.",back away from + noun,Keep the word order shown in the pattern. Do not move the particle unless you have confirmed that this phrasal verb is separable.,"back away means move away or withdraw from a position. By contrast, walk away means leave a situation or reject an agreement.",common in conversation; many uses also fit professional speech,"IPA (stress shown separately): /bæk əweɪ/ Link the words smoothly; give the strongest phrase stress to “away.” For /w/, round the lips; do not touch the teeth. For /b/, close both lips completely.",decision-making,B1-B2,v0704-s1
v0705,back down,,phrasal verb,American phrasal verb core,stop defending a position because of pressure,phrasal verb,back down,"Neither side wanted to back down during the contract discussion, so the group could make the next decision with clearer information.",back down,"In this taught meaning, the verb is commonly used without a direct object. Add an object only when you know the required pattern.","back down means stop defending a position because of pressure. By contrast, give in means stop resisting.",common in conversation; many uses also fit professional speech,"IPA (stress shown separately): /bæk daʊn/ Link the words smoothly; give the strongest phrase stress to “down.” For /b/, close both lips completely. Keep the final /n/ audible.",disagreement,B2,v0705-s1
v0706,back up,,phrasal verb,American phrasal verb core,support a claim or make a copy,phrasal verb,back up + noun,"Back up your conclusion with evidence from the data, so the team could interpret the evidence with less uncertainty.",back up + noun,"This taught use is separable. Put a pronoun between the verb and particle: “back it up,” not “back up it.”","back up means support a claim or make a copy. By contrast, do over means do something again.",common in conversation; many uses also fit professional speech,"IPA (stress shown separately): /bæk ʌp/ Link the words smoothly; give the strongest phrase stress to “up.” For /b/, close both lips completely. Keep the final /p/ audible.",evidence,B1-B2,v0706-s1
v0707,break down,,phrasal verb,American phrasal verb core,stop working or divide into smaller parts,phrasal verb,break down + noun,"Let us break down the problem into three manageable steps, which helped the manager assign the next responsibility accurately.",break down + noun,"This taught use is separable. Put a pronoun between the verb and particle: “break it down,” not “break down it.”","break down means stop working or divide into smaller parts. By contrast, break up means end a relationship or separate into smaller groups.",common in conversation; many uses also fit professional speech,"IPA (stress shown separately): /breɪk daʊn/ Link the words smoothly; give the strongest phrase stress to “down.” For /b/, close both lips completely. Keep the final /n/ audible.",problem-solving,B1-B2,v0707-s1
v0708,break in,,phrasal verb,American phrasal verb core,enter illegally or interrupt to speak,phrasal verb,break in,Someone tried to break in while the family was away.,break in,"In this taught meaning, the verb is commonly used without a direct object. Add an object only when you know the required pattern.","break in means enter illegally or interrupt to speak. By contrast, break down means stop working or divide into smaller parts.",common in conversation; many uses also fit professional speech,"IPA (stress shown separately): /breɪk ɪn/ Link the words smoothly; give the strongest phrase stress to “in.” For /b/, close both lips completely. Keep /ɪ/ short and relaxed, as in sit. Keep the final /n/ audible.",daily life,B2,v0708-s1
v0709,break into,,phrasal verb,American phrasal verb core,enter by force or suddenly begin an activity,phrasal verb,break into + noun,The speaker broke into a smile when the students applauded.,break into + noun,Keep the word order shown in the pattern. Do not move the particle unless you have confirmed that this phrasal verb is separable.,"break into means enter by force or suddenly begin an activity. By contrast, break in means enter illegally or interrupt to speak.",common in conversation; many uses also fit professional speech,"IPA (stress shown separately): /breɪk ɪntu/ Link the words smoothly; give the strongest phrase stress to “into.” For /b/, close both lips completely. Keep /ɪ/ short and relaxed, as in sit.",daily life,B1-B2,v0709-s1
v0710,break off,,phrasal verb,American phrasal verb core,end a discussion or relationship suddenly,phrasal verb,break off + noun,"The two groups broke off negotiations without reaching an agreement, so the group could make the next decision with clearer information.",break off + noun,"This taught use is separable. Put a pronoun between the verb and particle: “break it off,” not “break off it.”","break off means end a discussion or relationship suddenly. By contrast, go for means choose or try to obtain something.",common in conversation; many uses also fit professional speech,"IPA (stress shown separately): /breɪk ɔf/ Link the words smoothly; give the strongest phrase stress to “off.” For /b/, close both lips completely. Keep the final /f/ audible.",decision-making,B1-B2,v0710-s1
v0711,break out,,phrasal verb,American phrasal verb core,"begin suddenly, especially something unpleasant",phrasal verb,break out,"A small fire broke out in the science lab after school, which gave the teacher clearer information for the following lesson.",break out,"In this taught meaning, the verb is commonly used without a direct object. Add an object only when you know the required pattern.","break out means begin suddenly, especially something unpleasant. By contrast, break down means stop working or divide into smaller parts.",common in conversation; many uses also fit professional speech,"IPA (stress shown separately): /breɪk aʊt/ Link the words smoothly; give the strongest phrase stress to “out.” For /b/, close both lips completely. Keep the final /t/ audible.",events,B2,v0711-s1
v0712,break through,,phrasal verb,American phrasal verb core,make an important advance past a barrier,phrasal verb,break through,"The research team finally broke through after months of failed tests, so the team could interpret the evidence with less uncertainty.",break through,"In this taught meaning, the verb is commonly used without a direct object. Add an object only when you know the required pattern.","break through means make an important advance past a barrier. By contrast, break down means stop working or divide into smaller parts.",common in conversation; many uses also fit professional speech,"IPA (stress shown separately): /breɪk θru/ Link the words smoothly; give the strongest phrase stress to “through.” For /b/, close both lips completely.",research,B1-B2,v0712-s1
v0713,break up,,phrasal verb,American phrasal verb core,end a relationship or separate into smaller groups,phrasal verb,break up + noun,"The teacher decided to break up the class into teams of four, which gave the teacher clearer information for the following lesson.",break up + noun,"This taught use is separable. Put a pronoun between the verb and particle: “break it up,” not “break up it.”","break up means end a relationship or separate into smaller groups. By contrast, break down means stop working or divide into smaller parts.",common in conversation; many uses also fit professional speech,"IPA (stress shown separately): /breɪk ʌp/ Link the words smoothly; give the strongest phrase stress to “up.” For /b/, close both lips completely. Keep the final /p/ audible.",teaching,B1-B2,v0713-s1
v0714,bring about,,phrasal verb,American phrasal verb core,cause something to happen,phrasal verb,bring about + noun,"The new attendance policy brought about a noticeable improvement, so the people affected could understand the practical consequence.",bring about + noun,"This taught use is separable. Put a pronoun between the verb and particle: “bring it about,” not “bring about it.”","bring about means cause something to happen. By contrast, bring up means introduce a topic for discussion.",common in conversation; many uses also fit professional speech,"IPA (stress shown separately): /brɪŋ əbaʊt/ Link the words smoothly; give the strongest phrase stress to “about.” For /b/, close both lips completely. Keep /ɪ/ short and relaxed, as in sit. Keep the final /t/ audible.",cause-effect,B2,v0714-s1
v0715,bring along,,phrasal verb,American phrasal verb core,take someone or something with you,phrasal verb,bring along + noun,Bring along your identification when you go to the appointment.,bring along + noun,"This taught use is separable. Put a pronoun between the verb and particle: “bring it along,” not “bring along it.”","bring along means take someone or something with you. By contrast, bring back means return something or cause someone to remember.",common in conversation; many uses also fit professional speech,"IPA (stress shown separately): /brɪŋ əlɔŋ/ Link the words smoothly; give the strongest phrase stress to “along.” For /b/, close both lips completely. Keep /ɪ/ short and relaxed, as in sit. Keep the final /ŋ/ audible.",daily life,B1-B2,v0715-s1
v0716,bring back,,phrasal verb,American phrasal verb core,return something or cause someone to remember,phrasal verb,bring back + noun,"That song brings back memories of my first year in the United States, which helped the group avoid a preventable misunderstanding.",bring back + noun,"This taught use is separable. Put a pronoun between the verb and particle: “bring it back,” not “bring back it.”","bring back means return something or cause someone to remember. By contrast, bring up means introduce a topic for discussion.",common in conversation; many uses also fit professional speech,"IPA (stress shown separately): /brɪŋ bæk/ Link the words smoothly; give the strongest phrase stress to “back.” For /b/, close both lips completely. Keep /ɪ/ short and relaxed, as in sit. Keep the final /k/ audible.",daily life,B1-B2,v0716-s1
v0717,bring down,,phrasal verb,American phrasal verb core,"reduce a number, price, or level",phrasal verb,bring down + noun,"The changes helped bring down the average wait time, which allowed the service team to respond to customers more quickly.",bring down + noun,"This taught use is separable. Put a pronoun between the verb and particle: “bring it down,” not “bring down it.”","bring down means reduce a number, price, or level. By contrast, cut down means reduce or make something fall.",common in conversation; many uses also fit professional speech,"IPA (stress shown separately): /brɪŋ daʊn/ Link the words smoothly; give the strongest phrase stress to “down.” For /b/, close both lips completely. Keep /ɪ/ short and relaxed, as in sit. Keep the final /n/ audible.",change,B2,v0717-s1
v0718,bring in,,phrasal verb,American phrasal verb core,introduce or earn something,phrasal verb,bring in + noun,"The school brought in an outside consultant to review the program, so the class could connect the idea to the next activity.",bring in + noun,"This taught use is separable. Put a pronoun between the verb and particle: “bring it in,” not “bring in it.”","bring in means introduce or earn something. By contrast, bring up means introduce a topic for discussion.",common in conversation; many uses also fit professional speech,"IPA (stress shown separately): /brɪŋ ɪn/ Link the words smoothly; give the strongest phrase stress to “in.” For /b/, close both lips completely. Keep /ɪ/ short and relaxed, as in sit. Keep the final /n/ audible.",workplace,B1-B2,v0718-s1
v0719,bring on,,phrasal verb,American phrasal verb core,"cause something, often unpleasant",phrasal verb,bring on + noun,"Too much stress can bring on a headache, which allowed the board to explain the decision more transparently.",bring on + noun,"This taught use is separable. Put a pronoun between the verb and particle: “bring it on,” not “bring on it.”","bring on means cause something, often unpleasant. By contrast, get over means recover from an illness or difficulty.",common in conversation; many uses also fit professional speech,"IPA (stress shown separately): /brɪŋ ɑn/ Link the words smoothly; give the strongest phrase stress to “on.” For /b/, close both lips completely. Keep /ɪ/ short and relaxed, as in sit. Keep the final /n/ audible.",health,B1-B2,v0719-s1
v0720,bring out,,phrasal verb,American phrasal verb core,make a quality noticeable or release a product,phrasal verb,bring out + noun,"The hands-on activity brought out the students’ curiosity, so the class could connect the idea to the next activity.",bring out + noun,"This taught use is separable. Put a pronoun between the verb and particle: “bring it out,” not “bring out it.”","bring out means make a quality noticeable or release a product. By contrast, give back means return something.",common in conversation; many uses also fit professional speech,"IPA (stress shown separately): /brɪŋ aʊt/ Link the words smoothly; give the strongest phrase stress to “out.” For /b/, close both lips completely. Keep /ɪ/ short and relaxed, as in sit. Keep the final /t/ audible.",teaching,B2,v0720-s1
v0721,bring up,,phrasal verb,American phrasal verb core,introduce a topic for discussion,phrasal verb,bring up + noun,"I’d like to bring up one concern before we vote, so the group could make the next decision with clearer information.",bring up + noun,"This taught use is separable. Put a pronoun between the verb and particle: “bring it up,” not “bring up it.”","bring up means introduce a topic for discussion. By contrast, call off means cancel an event or activity.",common in conversation; many uses also fit professional speech,"IPA (stress shown separately): /brɪŋ ʌp/ Link the words smoothly; give the strongest phrase stress to “up.” For /b/, close both lips completely. Keep /ɪ/ short and relaxed, as in sit. Keep the final /p/ audible.",meetings,B1-B2,v0721-s1
v0722,call back,,phrasal verb,American phrasal verb core,return a phone call,phrasal verb,call someone back,"The clinic promised to call back every patient before noon, which reduced the chance that readers would misinterpret the message.",call someone back,"This taught use is separable. Put a pronoun between the verb and particle: “call them back,” not “call back them.”","call back means return a phone call. By contrast, get back means return.",common in conversation; many uses also fit professional speech,"IPA (stress shown separately): /kɔl bæk/ Link the words smoothly; give the strongest phrase stress to “back.” For /b/, close both lips completely. Keep the final /k/ audible.",communication,B1-B2,v0722-s1
v0723,call for,,phrasal verb,American phrasal verb core,require or publicly request something,phrasal verb,call for + noun,"The situation calls for a careful review of the safety procedures, so the group could make the next decision with clearer information.",call for + noun,Keep the word order shown in the pattern. Do not move the particle unless you have confirmed that this phrasal verb is separable.,"call for means require or publicly request something. By contrast, go through means experience or examine something carefully.",common in conversation; many uses also fit professional speech,IPA (stress shown separately): /kɔl fɔr/ Link the words smoothly; give the strongest phrase stress to “for.” Keep the final /r/ audible.,professional,B2,v0723-s1
v0724,call off,,phrasal verb,American phrasal verb core,cancel an event or activity,phrasal verb,call off + noun,"When administrators compared the storm forecast with the transportation plan, they called off the field trip because of severe weather.",call off + noun,"This taught use is separable. Put a pronoun between the verb and particle: “call it off,” not “call off it.”","call off means cancel an event or activity. By contrast, put off means delay something.",common in conversation; many uses also fit professional speech,IPA (stress shown separately): /kɔl ɔf/ Link the words smoothly; give the strongest phrase stress to “off.” Keep the final /f/ audible.,scheduling,B1-B2,v0724-s1
v0725,call on,,phrasal verb,American phrasal verb core,ask someone to speak or visit someone,phrasal verb,call on + person,"The teacher called on Maya to explain her reasoning, so the class could connect the idea to the next activity.",call on + person,Keep the word order shown in the pattern. Do not move the particle unless you have confirmed that this phrasal verb is separable.,"call on means ask someone to speak or visit someone. By contrast, give back means return something.",common in conversation; many uses also fit professional speech,IPA (stress shown separately): /kɔl ɑn/ Link the words smoothly; give the strongest phrase stress to “on.” Keep the final /n/ audible.,teaching,B1-B2,v0725-s1
v0726,call out,,phrasal verb,American phrasal verb core,publicly identify a problem or criticize behavior,phrasal verb,call out + noun,"The report calls out several weaknesses in the current system, so the audience could understand the intended point without guessing.",call out + noun,"This taught use is separable. Put a pronoun between the verb and particle: “call it out,” not “call out it.”","call out means publicly identify a problem or criticize behavior. By contrast, go with means match or choose something.",common in conversation; many uses also fit professional speech,IPA (stress shown separately): /kɔl aʊt/ Link the words smoothly; give the strongest phrase stress to “out.” Keep the final /t/ audible.,communication,B2,v0726-s1
v0727,call up,,phrasal verb,American phrasal verb core,telephone someone,phrasal verb,call someone up,"I called up the service center to check the repair status, so the audience could understand the intended point without guessing.",call someone up,"This taught use is separable. Put a pronoun between the verb and particle: “call them up,” not “call up them.”","call up means telephone someone. By contrast, call back means return a phone call.",common in conversation; many uses also fit professional speech,IPA (stress shown separately): /kɔl ʌp/ Link the words smoothly; give the strongest phrase stress to “up.” Keep the final /p/ audible.,communication,B1-B2,v0727-s1
v0728,carry on,,phrasal verb,American phrasal verb core,continue an activity,phrasal verb,carry on,"Despite the interruption, the class carried on with the experiment, so the class could connect the idea to the next activity.",carry on,"In this taught meaning, the verb is commonly used without a direct object. Add an object only when you know the required pattern.","carry on means continue an activity. By contrast, do without means manage without something.",common in conversation; many uses also fit professional speech,IPA (stress shown separately): /kæri ɑn/ Link the words smoothly; give the strongest phrase stress to “on.” Keep the final /n/ audible.,continuation,B1-B2,v0728-s1
v0729,carry out,,phrasal verb,American phrasal verb core,perform or complete a plan or study,phrasal verb,carry out + noun,"The students carried out the investigation safely and accurately, which gave the teacher clearer information for the following lesson.",carry out + noun,"This taught use is separable. Put a pronoun between the verb and particle: “carry it out,” not “carry out it.”","carry out means perform or complete a plan or study. By contrast, call off means cancel an event or activity.",common in conversation; many uses also fit professional speech,IPA (stress shown separately): /kæri aʊt/ Link the words smoothly; give the strongest phrase stress to “out.” Keep the final /t/ audible.,research,B2,v0729-s1
v0730,carry over,,phrasal verb,American phrasal verb core,continue from one period or situation to another,phrasal verb,carry over,"Unused funds will carry over into the next school year, which gave the teacher clearer information for the following lesson.",carry over,"In this taught meaning, the verb is commonly used without a direct object. Add an object only when you know the required pattern.","carry over means continue from one period or situation to another. By contrast, stand by means remain ready or continue supporting someone.",common in conversation; many uses also fit professional speech,"IPA (stress shown separately): /kæri oʊvɚ/ Link the words smoothly; give the strongest phrase stress to “over.” For /v/, touch the upper teeth to the lower lip; do not replace it with /b/.",workplace,B1-B2,v0730-s1
v0731,carry through,,phrasal verb,American phrasal verb core,complete something despite difficulty,phrasal verb,carry + noun + through,"The team promised to carry through with the full safety review, so the group could make the next decision with clearer information.",carry + noun + through,"This taught use is separable. Put a pronoun between the verb and particle: “carry it through,” not “carry through it.”","carry through means complete something despite difficulty. By contrast, follow through means complete an action or promise.",common in conversation; many uses also fit professional speech,IPA (stress shown separately): /kæri θru/ Link the words smoothly; give the strongest phrase stress to “through.”,projects,B1-B2,v0731-s1
v0732,catch on,,phrasal verb,American phrasal verb core,begin to understand or become popular,phrasal verb,catch on,"The students caught on quickly once they saw a visual example, so the class could connect the idea to the next activity.",catch on,"In this taught meaning, the verb is commonly used without a direct object. Add an object only when you know the required pattern.","catch on means begin to understand or become popular. By contrast, take in means understand, absorb, or provide lodging.",common in conversation; many uses also fit professional speech,IPA (stress shown separately): /kætʃ ɑn/ Link the words smoothly; give the strongest phrase stress to “on.” Use a crisp /tʃ/ “ch” sound. Keep the final /n/ audible.,learning,B2,v0732-s1
v0733,catch up,,phrasal verb,American phrasal verb core,reach the same level after falling behind,phrasal verb,catch up on + noun,"I stayed late to catch up on the paperwork, so the group could make the next decision with clearer information.",catch up on + noun,Keep the word order shown in the pattern. Do not move the particle unless you have confirmed that this phrasal verb is separable.,"catch up means reach the same level after falling behind. By contrast, put up with means tolerate something unpleasant.",common in conversation; many uses also fit professional speech,IPA (stress shown separately): /kætʃ ʌp/ Link the words smoothly; give the strongest phrase stress to “up.” Use a crisp /tʃ/ “ch” sound. Keep the final /p/ audible.,workplace,B1-B2,v0733-s1
v0734,catch up with,,phrasal verb,American phrasal verb core,reach or talk with someone after time apart,phrasal verb,catch up with + person,"I need to catch up with my department chair this afternoon, so the audience could understand the intended point without guessing.",catch up with + person,Keep the word order shown in the pattern. Do not move the particle unless you have confirmed that this phrasal verb is separable.,"catch up with means reach or talk with someone after time apart. By contrast, talk through means explain a process step by step.",common in conversation; many uses also fit professional speech,"IPA (stress shown separately): /kætʃ ʌp wɪð/ Link the words smoothly; give the strongest phrase stress to “with.” Use a crisp /tʃ/ “ch” sound. For /w/, round the lips; do not touch the teeth. Keep /ɪ/ short and relaxed, as in sit. Keep the final /ð/ audible.",communication,B1-B2,v0734-s1
v0735,check in,,phrasal verb,American phrasal verb core,arrive and register or briefly contact someone,phrasal verb,check in,Please check in at the front desk when you arrive.,check in,"In this taught meaning, the verb is commonly used without a direct object. Add an object only when you know the required pattern.","check in means arrive and register or briefly contact someone. By contrast, follow up means take additional action or seek more information.",common in conversation; many uses also fit professional speech,"IPA (stress shown separately): /tʃɛk ɪn/ Link the words smoothly; give the strongest phrase stress to “in.” Use a crisp /tʃ/ “ch” sound. Keep /ɪ/ short and relaxed, as in sit. Keep the final /n/ audible.",travel,B2,v0735-s1
v0736,check into,,phrasal verb,American phrasal verb core,investigate or register at a hotel,phrasal verb,check into + noun,"The principal promised to check into the complaint, which gave the teacher clearer information for the following lesson.",check into + noun,Keep the word order shown in the pattern. Do not move the particle unless you have confirmed that this phrasal verb is separable.,"check into means investigate or register at a hotel. By contrast, look into means investigate something.",common in conversation; many uses also fit professional speech,"IPA (stress shown separately): /tʃɛk ɪntu/ Link the words smoothly; give the strongest phrase stress to “into.” Use a crisp /tʃ/ “ch” sound. Keep /ɪ/ short and relaxed, as in sit.",problem-solving,B1-B2,v0736-s1
v0737,check on,,phrasal verb,American phrasal verb core,look at something to confirm its condition,phrasal verb,check on + noun,"I checked on the students during independent practice, so the class could connect the idea to the next activity.",check on + noun,Keep the word order shown in the pattern. Do not move the particle unless you have confirmed that this phrasal verb is separable.,"check on means look at something to confirm its condition. By contrast, give back means return something.",common in conversation; many uses also fit professional speech,IPA (stress shown separately): /tʃɛk ɑn/ Link the words smoothly; give the strongest phrase stress to “on.” Use a crisp /tʃ/ “ch” sound. Keep the final /n/ audible.,teaching,B1-B2,v0737-s1
v0738,check out,,phrasal verb,American phrasal verb core,"examine, borrow, or leave a hotel",phrasal verb,check out + noun,"Check out the new simulation before tomorrow’s lesson, so the class could connect the idea to the next activity.",check out + noun,"This taught use is separable. Put a pronoun between the verb and particle: “check it out,” not “check out it.”","check out means examine, borrow, or leave a hotel. By contrast, look out means be careful.",common in conversation; many uses also fit professional speech,IPA (stress shown separately): /tʃɛk aʊt/ Link the words smoothly; give the strongest phrase stress to “out.” Use a crisp /tʃ/ “ch” sound. Keep the final /t/ audible.,technology,B2,v0738-s1
v0739,check over,,phrasal verb,American phrasal verb core,examine for mistakes,phrasal verb,check over + noun,"Please check over the report before you submit it, which reduced the chance that readers would misinterpret the message.",check over + noun,"This taught use is separable. Put a pronoun between the verb and particle: “check it over,” not “check over it.”","check over means examine for mistakes. By contrast, put down means write something or criticize someone.",common in conversation; many uses also fit professional speech,"IPA (stress shown separately): /tʃɛk oʊvɚ/ Link the words smoothly; give the strongest phrase stress to “over.” Use a crisp /tʃ/ “ch” sound. For /v/, touch the upper teeth to the lower lip; do not replace it with /b/.",writing,B1-B2,v0739-s1
v0740,come across,,phrasal verb,American phrasal verb core,find or meet unexpectedly,phrasal verb,come across + noun,I came across a useful article while preparing the lesson.,come across + noun,Keep the word order shown in the pattern. Do not move the particle unless you have confirmed that this phrasal verb is separable.,"come across means find or meet unexpectedly. By contrast, look for means try to find something.",common in conversation; many uses also fit professional speech,IPA (stress shown separately): /kʌm əkrɔs/ Link the words smoothly; give the strongest phrase stress to “across.” Keep the final /s/ audible.,research,B1-B2,v0740-s1
v0741,come along,,phrasal verb,American phrasal verb core,make progress or accompany someone,phrasal verb,come along,"Your pronunciation is coming along nicely, so the group could make the next decision with clearer information.",come along,"In this taught meaning, the verb is commonly used without a direct object. Add an object only when you know the required pattern.","come along means make progress or accompany someone. By contrast, get ahead means make progress or become more successful.",common in conversation; many uses also fit professional speech,IPA (stress shown separately): /kʌm əlɔŋ/ Link the words smoothly; give the strongest phrase stress to “along.” Keep the final /ŋ/ audible.,progress,B2,v0741-s1
v0742,come apart,,phrasal verb,American phrasal verb core,separate into pieces,phrasal verb,come apart,The model came apart because the adhesive had not dried.,come apart,"In this taught meaning, the verb is commonly used without a direct object. Add an object only when you know the required pattern.","come apart means separate into pieces. By contrast, do over means do something again.",common in conversation; many uses also fit professional speech,IPA (stress shown separately): /kʌm əpɑrt/ Link the words smoothly; give the strongest phrase stress to “apart.” Keep the final /t/ audible.,STEM,B1-B2,v0742-s1
v0743,come back,,phrasal verb,American phrasal verb core,"to return to a place, person, or situation that is the current point of reference",phrasal verb,come back,"The revised application came back with one additional question, which helped the manager assign the next responsibility accurately.",come back,"In this taught meaning, the verb is commonly used without a direct object. Add an object only when you know the required pattern.",Come back emphasizes returning toward the current point of reference; get back often emphasizes arriving again or contacting someone later.,common in conversation; many uses also fit professional speech,"IPA (stress shown separately): /kʌm bæk/ Link the words smoothly; give the strongest phrase stress to “back.” For /b/, close both lips completely. Keep the final /k/ audible.",daily life,B1-B2,v0743-s1
v0744,come down to,,phrasal verb,American phrasal verb core,depend mainly on one key issue,phrasal verb,come down to + noun,"The decision comes down to cost, safety, and available time, which helped the manager assign the next responsibility accurately.",come down to + noun,Keep the word order shown in the pattern. Do not move the particle unless you have confirmed that this phrasal verb is separable.,"come down to means depend mainly on one key issue. By contrast, go for means choose or try to obtain something.",common in conversation; many uses also fit professional speech,IPA (stress shown separately): /kʌm daʊn tu/ Link the words smoothly; give the strongest phrase stress to “to.”,decision-making,B2,v0744-s1
v0745,come forward,,phrasal verb,American phrasal verb core,offer information or help,phrasal verb,come forward,"Two witnesses came forward after the announcement, which helped the group avoid a preventable misunderstanding.",come forward,"In this taught meaning, the verb is commonly used without a direct object. Add an object only when you know the required pattern.","come forward means offer information or help. By contrast, come off means happen successfully or become separated.",common in conversation; many uses also fit professional speech,"IPA (stress shown separately): /kʌm fɔrwɚd/ Link the words smoothly; give the strongest phrase stress to “forward.” For /w/, round the lips; do not touch the teeth. Keep the final /d/ audible.",events,B1-B2,v0745-s1
v0746,come from,,phrasal verb,American phrasal verb core,originate in a place or cause,phrasal verb,come from + noun,"Most of the error came from a faulty sensor, so the team could interpret the evidence with less uncertainty.",come from + noun,Keep the word order shown in the pattern. Do not move the particle unless you have confirmed that this phrasal verb is separable.,"come from means originate in a place or cause. By contrast, bring about means cause something to happen.",common in conversation; many uses also fit professional speech,IPA (stress shown separately): /kʌm frʌm/ Link the words smoothly; give the strongest phrase stress to “from.” Keep the final /m/ audible.,cause-effect,B1-B2,v0746-s1
v0747,come in,,phrasal verb,American phrasal verb core,"to arrive or become available, especially for deliveries, results, messages, or supplies",phrasal verb,come in,"The replacement parts came in earlier than expected, so everyone involved knew what would happen next.",come in,"In this taught meaning, the verb is commonly used without a direct object. Add an object only when you know the required pattern.",Come in often describes something arriving or becoming available; get in commonly describes a person or vehicle reaching a destination.,common in conversation; many uses also fit professional speech,"IPA (stress shown separately): /kʌm ɪn/ Link the words smoothly; give the strongest phrase stress to “in.” Keep /ɪ/ short and relaxed, as in sit. Keep the final /n/ audible.",daily life,B2,v0747-s1
v0748,come off,,phrasal verb,American phrasal verb core,happen successfully or become separated,phrasal verb,come off,"The presentation came off better than we expected, which reduced the chance that readers would misinterpret the message.",come off,"In this taught meaning, the verb is commonly used without a direct object. Add an object only when you know the required pattern.","come off means happen successfully or become separated. By contrast, come forward means offer information or help.",common in conversation; many uses also fit professional speech,IPA (stress shown separately): /kʌm ɔf/ Link the words smoothly; give the strongest phrase stress to “off.” Keep the final /f/ audible.,events,B1-B2,v0748-s1
v0749,come out,,phrasal verb,American phrasal verb core,"be released, become known, or emerge",phrasal verb,come out,"The final report comes out next month, so the audience could understand the intended point without guessing.",come out,"In this taught meaning, the verb is commonly used without a direct object. Add an object only when you know the required pattern.","come out means be released, become known, or emerge. By contrast, come back means return.",common in conversation; many uses also fit professional speech,IPA (stress shown separately): /kʌm aʊt/ Link the words smoothly; give the strongest phrase stress to “out.” Keep the final /t/ audible.,news,B1-B2,v0749-s1
v0750,come over,,phrasal verb,American phrasal verb core,visit someone’s home,phrasal verb,come over,"A few friends came over for dinner on Saturday, which allowed the board to explain the decision more transparently.",come over,"In this taught meaning, the verb is commonly used without a direct object. Add an object only when you know the required pattern.","come over means visit someone’s home. By contrast, drop by means visit briefly and informally.",common in conversation; many uses also fit professional speech,"IPA (stress shown separately): /kʌm oʊvɚ/ Link the words smoothly; give the strongest phrase stress to “over.” For /v/, touch the upper teeth to the lower lip; do not replace it with /b/.",social,B2,v0750-s1
v0751,come through,,phrasal verb,American phrasal verb core,succeed or provide what was needed,phrasal verb,come through,"Because users needed an immediate solution during the outage, the technical team came through when the system failed.",come through,"In this taught meaning, the verb is commonly used without a direct object. Add an object only when you know the required pattern.","come through means succeed or provide what was needed. By contrast, put up means display or provide temporary lodging.",common in conversation; many uses also fit professional speech,IPA (stress shown separately): /kʌm θru/ Link the words smoothly; give the strongest phrase stress to “through.”,workplace,B1-B2,v0751-s1
v0752,come up,,phrasal verb,American phrasal verb core,arise unexpectedly,phrasal verb,come up,"A scheduling conflict came up this morning, so the coordinator had to revise the day’s plan before notifying the participants.",come up,"In this taught meaning, the verb is commonly used without a direct object. Add an object only when you know the required pattern.","come up means arise unexpectedly. By contrast, put off means delay something.",common in conversation; many uses also fit professional speech,IPA (stress shown separately): /kʌm ʌp/ Link the words smoothly; give the strongest phrase stress to “up.” Keep the final /p/ audible.,scheduling,B1-B2,v0752-s1
v0753,come up with,,phrasal verb,American phrasal verb core,produce an idea or solution,phrasal verb,come up with + noun,"The group came up with a practical way to reduce waste, so the group could make the next decision with clearer information.",come up with + noun,Keep the word order shown in the pattern. Do not move the particle unless you have confirmed that this phrasal verb is separable.,"come up with means produce an idea or solution. By contrast, look into means investigate something.",common in conversation; many uses also fit professional speech,"IPA (stress shown separately): /kʌm ʌp wɪð/ Link the words smoothly; give the strongest phrase stress to “with.” For /w/, round the lips; do not touch the teeth. Keep /ɪ/ short and relaxed, as in sit. Keep the final /ð/ audible.",problem-solving,B2,v0753-s1
v0754,cut back,,phrasal verb,American phrasal verb core,reduce the amount of something,phrasal verb,cut back on + noun,"The department had to cut back on travel expenses, which helped the manager assign the next responsibility accurately.",cut back on + noun,"This taught use is separable. Put a pronoun between the verb and particle: “cut it back,” not “cut back it.”","cut back means reduce the amount of something. By contrast, put up with means tolerate something unpleasant.",common in conversation; many uses also fit professional speech,"IPA (stress shown separately): /kʌt bæk/ Link the words smoothly; give the strongest phrase stress to “back.” For /b/, close both lips completely. Keep the final /k/ audible.",workplace,B1-B2,v0754-s1
v0755,cut down,,phrasal verb,American phrasal verb core,reduce or make something fall,phrasal verb,cut down + noun,"We can cut down the response time by simplifying the form, so the reader could understand the intended relationship without guessing.",cut down + noun,"This taught use is separable. Put a pronoun between the verb and particle: “cut it down,” not “cut down it.”","cut down means reduce or make something fall. By contrast, bring down means reduce a number, price, or level.",common in conversation; many uses also fit professional speech,IPA (stress shown separately): /kʌt daʊn/ Link the words smoothly; give the strongest phrase stress to “down.” Keep the final /n/ audible.,change,B1-B2,v0755-s1
v0756,cut in,,phrasal verb,American phrasal verb core,interrupt or move into a line of traffic,phrasal verb,cut in,"She apologized for cutting in during the discussion, so the audience could understand the intended point without guessing.",cut in,"In this taught meaning, the verb is commonly used without a direct object. Add an object only when you know the required pattern.","cut in means interrupt or move into a line of traffic. By contrast, call up means telephone someone.",common in conversation; many uses also fit professional speech,"IPA (stress shown separately): /kʌt ɪn/ Link the words smoothly; give the strongest phrase stress to “in.” Keep /ɪ/ short and relaxed, as in sit. Keep the final /n/ audible.",communication,B2,v0756-s1
v0757,cut off,,phrasal verb,American phrasal verb core,stop a supply or interrupt communication,phrasal verb,cut off + noun,"The storm cut off power to several neighborhoods, so everyone involved knew what would happen next.",cut off + noun,"This taught use is separable. Put a pronoun between the verb and particle: “cut it off,” not “cut off it.”","cut off means stop a supply or interrupt communication. By contrast, go without means manage without something.",common in conversation; many uses also fit professional speech,IPA (stress shown separately): /kʌt ɔf/ Link the words smoothly; give the strongest phrase stress to “off.” Keep the final /f/ audible.,events,B1-B2,v0757-s1
v0758,cut out,,phrasal verb,American phrasal verb core,remove or stop doing something,phrasal verb,cut out + noun,"I cut out unnecessary slides to make the presentation clearer, which reduced the chance that readers would misinterpret the message.",cut out + noun,"This taught use is separable. Put a pronoun between the verb and particle: “cut it out,” not “cut out it.”","cut out means remove or stop doing something. By contrast, put down means write something or criticize someone.",common in conversation; many uses also fit professional speech,IPA (stress shown separately): /kʌt aʊt/ Link the words smoothly; give the strongest phrase stress to “out.” Keep the final /t/ audible.,writing,B1-B2,v0758-s1
v0759,deal with,,phrasal verb,American phrasal verb core,handle a problem or situation,phrasal verb,deal with + noun,"We need to deal with the missing data before drawing a conclusion, so the team could interpret the evidence with less uncertainty.",deal with + noun,Keep the word order shown in the pattern. Do not move the particle unless you have confirmed that this phrasal verb is separable.,"deal with means handle a problem or situation. By contrast, step in means become involved to help or control a situation.",common in conversation; many uses also fit professional speech,"IPA (stress shown separately): /dil wɪð/ Link the words smoothly; give the strongest phrase stress to “with.” For /w/, round the lips; do not touch the teeth. Keep short /ɪ/ distinct from long /i/. Keep the final /ð/ audible.",problem-solving,B2,v0759-s1
v0760,do away with,,phrasal verb,American phrasal verb core,eliminate something,phrasal verb,do away with + noun,"The new system does away with several repetitive forms, so the reader could understand the intended relationship without guessing.",do away with + noun,Keep the word order shown in the pattern. Do not move the particle unless you have confirmed that this phrasal verb is separable.,"do away with means eliminate something. By contrast, turn into means change from one thing to another.",common in conversation; many uses also fit professional speech,"IPA (stress shown separately): /du əweɪ wɪð/ Link the words smoothly; give the strongest phrase stress to “with.” For /w/, round the lips; do not touch the teeth. Keep /ɪ/ short and relaxed, as in sit. Keep the final /ð/ audible.",change,B1-B2,v0760-s1
v0761,do over,,phrasal verb,American phrasal verb core,do something again,phrasal verb,do + noun + over,"The measurements were inconsistent, so the class had to do the experiment over.",do + noun + over,"This taught use is separable. Put a pronoun between the verb and particle: “do it over,” not “do over it.”","do over means do something again. By contrast, take down means write, remove, or dismantle something.",common in conversation; many uses also fit professional speech,"IPA (stress shown separately): /du oʊvɚ/ Link the words smoothly; give the strongest phrase stress to “over.” For /v/, touch the upper teeth to the lower lip; do not replace it with /b/.",STEM,B1-B2,v0761-s1
v0762,do without,,phrasal verb,American phrasal verb core,to manage successfully even though something is unavailable,phrasal verb,do without + noun,"We had to do without internet access for most of the day, so everyone involved knew what would happen next.",do without + noun,Keep the word order shown in the pattern. Do not move the particle unless you have confirmed that this phrasal verb is separable.,Do without emphasizes managing despite the absence; go without emphasizes experiencing the period of not having something.,common in conversation; many uses also fit professional speech,"IPA (stress shown separately): /du wɪθaʊt/ Link the words smoothly; give the strongest phrase stress to “without.” For /w/, round the lips; do not touch the teeth. Keep /ɪ/ short and relaxed, as in sit. Keep the final /t/ audible.",daily life,B2,v0762-s1
v0763,dress up,,phrasal verb,American phrasal verb core,wear more formal or special clothes,phrasal verb,dress up,"Employees usually dress up for the annual awards dinner, which helped the manager assign the next responsibility accurately.",dress up,"In this taught meaning, the verb is commonly used without a direct object. Add an object only when you know the required pattern.","dress up means wear more formal or special clothes. By contrast, shut up means stop talking; often sounds rude.",mainly conversational,IPA (stress shown separately): /drɛs ʌp/ Link the words smoothly; give the strongest phrase stress to “up.” Keep the final /p/ audible.,culture,B1-B2,v0763-s1
v0764,drop by,,phrasal verb,American phrasal verb core,visit briefly and informally,phrasal verb,drop by,"Feel free to drop by my classroom after school, so the class could connect the idea to the next activity.",drop by,"In this taught meaning, the verb is commonly used without a direct object. Add an object only when you know the required pattern.","drop by means visit briefly and informally. By contrast, come over means visit someone’s home.",mainly conversational,"IPA (stress shown separately): /drɑp baɪ/ Link the words smoothly; give the strongest phrase stress to “by.” For /b/, close both lips completely. Let /aɪ/ glide smoothly, as in my.",social,B1-B2,v0764-s1
v0765,drop off,,phrasal verb,American phrasal verb core,deliver someone or something or decrease,phrasal verb,drop off + noun,"I’ll drop off the signed form at the main office, which helped the group avoid a preventable misunderstanding.",drop off + noun,"This taught use is separable. Put a pronoun between the verb and particle: “drop it off,” not “drop off it.”","drop off means deliver someone or something or decrease. By contrast, do without means manage without something.",common in conversation; many uses also fit professional speech,IPA (stress shown separately): /drɑp ɔf/ Link the words smoothly; give the strongest phrase stress to “off.” Keep the final /f/ audible.,daily life,B2,v0765-s1
v0766,drop out,,phrasal verb,American phrasal verb core,leave a course or program before finishing,phrasal verb,drop out of + noun,"The college created support programs for students at risk of dropping out, so the class could connect the idea to the next activity.",drop out of + noun,Keep the word order shown in the pattern. Do not move the particle unless you have confirmed that this phrasal verb is separable.,"drop out means leave a course or program before finishing. By contrast, get into means become interested or involved in something.",common in conversation; many uses also fit professional speech,IPA (stress shown separately): /drɑp aʊt/ Link the words smoothly; give the strongest phrase stress to “out.” Keep the final /t/ audible.,education,B1-B2,v0766-s1
v0767,end up,,phrasal verb,American phrasal verb core,finally be in a particular situation,phrasal verb,end up + -ing,We ended up changing the lesson after the technology failed.,end up + -ing,Keep the word order shown in the pattern. Do not move the particle unless you have confirmed that this phrasal verb is separable.,"end up means finally be in a particular situation. By contrast, fill up means make or become full.",common in conversation; many uses also fit professional speech,IPA (stress shown separately): /ɛnd ʌp/ Link the words smoothly; give the strongest phrase stress to “up.” Keep the final /p/ audible.,events,B1-B2,v0767-s1
v0768,fall apart,,phrasal verb,American phrasal verb core,break into pieces or fail completely,phrasal verb,fall apart,"The plan fell apart when two major partners withdrew, which helped the manager assign the next responsibility accurately.",fall apart,"In this taught meaning, the verb is commonly used without a direct object. Add an object only when you know the required pattern.","fall apart means break into pieces or fail completely. By contrast, put together means assemble or create something.",common in conversation; many uses also fit professional speech,IPA (stress shown separately): /fɔl əpɑrt/ Link the words smoothly; give the strongest phrase stress to “apart.” Keep the final /t/ audible.,projects,B2,v0768-s1
v0769,fall behind,,phrasal verb,American phrasal verb core,fail to keep up with expected progress,phrasal verb,fall behind,"Several students fell behind after missing a week of class, so the class could connect the idea to the next activity.",fall behind,"In this taught meaning, the verb is commonly used without a direct object. Add an object only when you know the required pattern.","fall behind means fail to keep up with expected progress. By contrast, keep up means continue at the same rate.",common in conversation; many uses also fit professional speech,"IPA (stress shown separately): /fɔl bɪhaɪnd/ Link the words smoothly; give the strongest phrase stress to “behind.” For /b/, close both lips completely. Keep /ɪ/ short and relaxed, as in sit. Let /aɪ/ glide smoothly, as in my. Keep the final /d/ audible.",education,B1-B2,v0769-s1
v0770,fall for,,phrasal verb,American phrasal verb core,be deceived by or become attracted to,phrasal verb,fall for + noun,Do not fall for messages that ask for your password.,fall for + noun,Keep the word order shown in the pattern. Do not move the particle unless you have confirmed that this phrasal verb is separable.,"fall for means be deceived by or become attracted to. By contrast, keep up with means remain at the same level as someone or something.",common in conversation; many uses also fit professional speech,IPA (stress shown separately): /fɔl fɔr/ Link the words smoothly; give the strongest phrase stress to “for.” Keep the final /r/ audible.,technology,B1-B2,v0770-s1
v0771,fall out,,phrasal verb,American phrasal verb core,argue and stop being friendly,phrasal verb,fall out with + person,The partners fell out over how to divide the responsibilities.,fall out with + person,Keep the word order shown in the pattern. Do not move the particle unless you have confirmed that this phrasal verb is separable.,"fall out means argue and stop being friendly. By contrast, get along means have a friendly relationship.",common in conversation; many uses also fit professional speech,IPA (stress shown separately): /fɔl aʊt/ Link the words smoothly; give the strongest phrase stress to “out.” Keep the final /t/ audible.,relationships,B2,v0771-s1
v0772,fall through,,phrasal verb,American phrasal verb core,fail to happen,phrasal verb,fall through,"Our original venue fell through, so we booked the library instead.",fall through,"In this taught meaning, the verb is commonly used without a direct object. Add an object only when you know the required pattern.","fall through means fail to happen. By contrast, phase in means introduce something gradually.",common in conversation; many uses also fit professional speech,IPA (stress shown separately): /fɔl θru/ Link the words smoothly; give the strongest phrase stress to “through.”,planning,B1-B2,v0772-s1
v0773,figure out,,phrasal verb,American phrasal verb core,understand or solve something,phrasal verb,figure out + noun,The students worked together to figure out why the circuit failed.,figure out + noun,"This taught use is separable. Put a pronoun between the verb and particle: “figure it out,” not “figure out it.”","figure out means understand or solve something. By contrast, look out means be careful.",common in conversation; many uses also fit professional speech,"IPA (stress shown separately): /fɪɡjɚ aʊt/ Link the words smoothly; give the strongest phrase stress to “out.” Keep /ɪ/ short and relaxed, as in sit. Keep the final /t/ audible.",problem-solving,B1-B2,v0773-s1
v0774,fill in,,phrasal verb,American phrasal verb core,complete missing information or temporarily replace someone,phrasal verb,fill in + noun,"Please fill in the missing values in the table, so the group could make the next decision with clearer information.",fill in + noun,"This taught use is separable. Put a pronoun between the verb and particle: “fill it in,” not “fill in it.”","fill in means complete missing information or temporarily replace someone. By contrast, sit in means attend as an observer or temporarily replace someone.",common in conversation; many uses also fit professional speech,"IPA (stress shown separately): /fɪl ɪn/ Link the words smoothly; give the strongest phrase stress to “in.” Keep /ɪ/ short and relaxed, as in sit. Keep the final /n/ audible.",workplace,B2,v0774-s1
v0775,fill out,,phrasal verb,American phrasal verb core,complete a form,phrasal verb,fill out + noun,"You must fill out the online application before Friday, which helped the manager assign the next responsibility accurately.",fill out + noun,"This taught use is separable. Put a pronoun between the verb and particle: “fill it out,” not “fill out it.”","fill out means complete a form. By contrast, do without means manage without something.",common in conversation; many uses also fit professional speech,"IPA (stress shown separately): /fɪl aʊt/ Link the words smoothly; give the strongest phrase stress to “out.” Keep /ɪ/ short and relaxed, as in sit. Keep the final /t/ audible.",daily life,B1-B2,v0775-s1
v0776,fill up,,phrasal verb,American phrasal verb core,make or become full,phrasal verb,fill up,"The workshop filled up within two days, so everyone involved knew what would happen next.",fill up,"This taught use is separable. Put a pronoun between the verb and particle: “fill it up,” not “fill up it.”","fill up means make or become full. By contrast, go off means make a sound, explode, or stop liking something.",common in conversation; many uses also fit professional speech,"IPA (stress shown separately): /fɪl ʌp/ Link the words smoothly; give the strongest phrase stress to “up.” Keep /ɪ/ short and relaxed, as in sit. Keep the final /p/ audible.",events,B1-B2,v0776-s1
v0777,find out,,phrasal verb,American phrasal verb core,discover information,phrasal verb,find out + clause,We need to find out whether the change improved attendance.,find out + clause,"This taught use is separable. Put a pronoun between the verb and particle: “find it out,” not “find out it.”","find out means discover information. By contrast, look out means be careful.",common in conversation; many uses also fit professional speech,"IPA (stress shown separately): /faɪnd aʊt/ Link the words smoothly; give the strongest phrase stress to “out.” Let /aɪ/ glide smoothly, as in my. Keep the final /t/ audible.",research,B2,v0777-s1
v0778,follow through,,phrasal verb,American phrasal verb core,complete an action or promise,phrasal verb,follow through on + noun,A good plan matters only if the team follows through.,follow through on + noun,Keep the word order shown in the pattern. Do not move the particle unless you have confirmed that this phrasal verb is separable.,"follow through means complete an action or promise. By contrast, carry through means complete something despite difficulty.",common in conversation; many uses also fit professional speech,IPA (stress shown separately): /fɑloʊ θru/ Link the words smoothly; give the strongest phrase stress to “through.”,projects,B1-B2,v0778-s1
v0779,follow up,,phrasal verb,American phrasal verb core,take additional action or seek more information,phrasal verb,follow up with + person,"I’ll follow up with the parent after reviewing the student’s work, so the class could connect the idea to the next activity.",follow up with + person,Keep the word order shown in the pattern. Do not move the particle unless you have confirmed that this phrasal verb is separable.,"follow up means take additional action or seek more information. By contrast, check in means arrive and register or briefly contact someone.",common in conversation; many uses also fit professional speech,IPA (stress shown separately): /fɑloʊ ʌp/ Link the words smoothly; give the strongest phrase stress to “up.” Keep the final /p/ audible.,communication,B1-B2,v0779-s1
v0780,get across,,phrasal verb,American phrasal verb core,communicate an idea successfully,phrasal verb,get + noun + across,"The diagram helped get across the main concept, so the audience could understand the intended point without guessing.",get + noun + across,"This taught use is separable. Put a pronoun between the verb and particle: “get it across,” not “get across it.”","get across means communicate an idea successfully. By contrast, go with means match or choose something.",common in conversation; many uses also fit professional speech,IPA (stress shown separately): /ɡɛt əkrɔs/ Link the words smoothly; give the strongest phrase stress to “across.” Keep the final /s/ audible.,communication,B2,v0780-s1
v0781,get ahead,,phrasal verb,American phrasal verb core,make progress or become more successful,phrasal verb,get ahead,"She studies on weekends to get ahead in the course, so the class could connect the idea to the next activity.",get ahead,"In this taught meaning, the verb is commonly used without a direct object. Add an object only when you know the required pattern.","get ahead means make progress or become more successful. By contrast, come along means make progress or accompany someone.",common in conversation; many uses also fit professional speech,IPA (stress shown separately): /ɡɛt əhɛd/ Link the words smoothly; give the strongest phrase stress to “ahead.” Keep the final /d/ audible.,progress,B1-B2,v0781-s1
v0782,get along,,phrasal verb,American phrasal verb core,have a friendly relationship,phrasal verb,get along with + person,"The new team members get along well despite different work styles, which helped the manager assign the next responsibility accurately.",get along with + person,Keep the word order shown in the pattern. Do not move the particle unless you have confirmed that this phrasal verb is separable.,"get along means have a friendly relationship. By contrast, do without means manage without something.",common in conversation; many uses also fit professional speech,IPA (stress shown separately): /ɡɛt əlɔŋ/ Link the words smoothly; give the strongest phrase stress to “along.” Keep the final /ŋ/ audible.,relationships,B1-B2,v0782-s1
v0783,get around,,phrasal verb,American phrasal verb core,move from place to place or avoid a rule,phrasal verb,get around,"Public transportation makes it easier to get around the city, which allowed the board to explain the decision more transparently.",get around,"In this taught meaning, the verb is commonly used without a direct object. Add an object only when you know the required pattern.","get around means move from place to place or avoid a rule. By contrast, look around means examine a place.",common in conversation; many uses also fit professional speech,IPA (stress shown separately): /ɡɛt ɚaʊnd/ Link the words smoothly; give the strongest phrase stress to “around.” Keep the final /d/ audible.,travel,B2,v0783-s1
v0784,get away,,phrasal verb,American phrasal verb core,escape or take a short vacation,phrasal verb,get away,"We are hoping to get away for the long weekend, which helped the group avoid a preventable misunderstanding.",get away,"In this taught meaning, the verb is commonly used without a direct object. Add an object only when you know the required pattern.","get away means escape or take a short vacation. By contrast, get in means enter or arrive.",common in conversation; many uses also fit professional speech,"IPA (stress shown separately): /ɡɛt əweɪ/ Link the words smoothly; give the strongest phrase stress to “away.” For /w/, round the lips; do not touch the teeth.",travel,B1-B2,v0784-s1
v0785,get back,,phrasal verb,American phrasal verb core,to return to a place or to contact someone again after a delay,phrasal verb,get back to + person,"I’ll get back to you after I confirm the schedule, which helped the manager assign the next responsibility accurately.",get back to + person,Keep the word order shown in the pattern. Do not move the particle unless you have confirmed that this phrasal verb is separable.,Get back to someone means contact the person again; come back usually means return toward a place or point of reference.,common in conversation; many uses also fit professional speech,"IPA (stress shown separately): /ɡɛt bæk/ Link the words smoothly; give the strongest phrase stress to “back.” For /b/, close both lips completely. Keep the final /k/ audible.",communication,B1-B2,v0785-s1
v0786,get by,,phrasal verb,American phrasal verb core,manage with limited resources,phrasal verb,get by,"The lab can get by for a week with the supplies it has, so everyone involved knew what would happen next.",get by,"In this taught meaning, the verb is commonly used without a direct object. Add an object only when you know the required pattern.","get by means manage with limited resources. By contrast, do without means manage without something.",common in conversation; many uses also fit professional speech,"IPA (stress shown separately): /ɡɛt baɪ/ Link the words smoothly; give the strongest phrase stress to “by.” For /b/, close both lips completely. Let /aɪ/ glide smoothly, as in my.",daily life,B2,v0786-s1
v0787,get down to,,phrasal verb,American phrasal verb core,begin serious work on something,phrasal verb,get down to + -ing,"Let’s get down to reviewing the final proposal, which helped the manager assign the next responsibility accurately.",get down to + -ing,Keep the word order shown in the pattern. Do not move the particle unless you have confirmed that this phrasal verb is separable.,"get down to means begin serious work on something. By contrast, lay off means dismiss workers because work or money is limited.",common in conversation; many uses also fit professional speech,IPA (stress shown separately): /ɡɛt daʊn tu/ Link the words smoothly; give the strongest phrase stress to “to.”,workplace,B1-B2,v0787-s1
v0788,get in,,phrasal verb,American phrasal verb core,to arrive at a destination or enter a place,phrasal verb,get in,"The train got in ten minutes late, which helped the group avoid a preventable misunderstanding.",get in,"In this taught meaning, the verb is commonly used without a direct object. Add an object only when you know the required pattern.","Get in emphasizes reaching or entering a destination; come in often describes an item, message, or result arriving or becoming available.",common in conversation; many uses also fit professional speech,"IPA (stress shown separately): /ɡɛt ɪn/ Link the words smoothly; give the strongest phrase stress to “in.” Keep /ɪ/ short and relaxed, as in sit. Keep the final /n/ audible.",travel,B1-B2,v0788-s1
v0789,get into,,phrasal verb,American phrasal verb core,become interested or involved in something,phrasal verb,get into + noun,"Many students get into coding after creating their first game, which gave the teacher clearer information for the following lesson.",get into + noun,Keep the word order shown in the pattern. Do not move the particle unless you have confirmed that this phrasal verb is separable.,"get into means become interested or involved in something. By contrast, keep up means continue at the same rate.",common in conversation; many uses also fit professional speech,"IPA (stress shown separately): /ɡɛt ɪntu/ Link the words smoothly; give the strongest phrase stress to “into.” Keep /ɪ/ short and relaxed, as in sit.",education,B2,v0789-s1
v0790,get off,,phrasal verb,American phrasal verb core,leave transportation or finish work,phrasal verb,get off,"I get off work at five on most weekdays, so everyone involved knew what would happen next.",get off,"In this taught meaning, the verb is commonly used without a direct object. Add an object only when you know the required pattern.","get off means leave transportation or finish work. By contrast, get out means leave or become known.",common in conversation; many uses also fit professional speech,IPA (stress shown separately): /ɡɛt ɔf/ Link the words smoothly; give the strongest phrase stress to “off.” Keep the final /f/ audible.,daily life,B1-B2,v0790-s1
v0791,get on,,phrasal verb,American phrasal verb core,enter transportation or make progress,phrasal verb,get on,"We got on the bus just before it left, so everyone involved knew what would happen next.",get on,"In this taught meaning, the verb is commonly used without a direct object. Add an object only when you know the required pattern.","get on means enter transportation or make progress. By contrast, get in means enter or arrive.",common in conversation; many uses also fit professional speech,IPA (stress shown separately): /ɡɛt ɑn/ Link the words smoothly; give the strongest phrase stress to “on.” Keep the final /n/ audible.,travel,B1-B2,v0791-s1
v0792,get out,,phrasal verb,American phrasal verb core,leave or become known,phrasal verb,get out,"The students got out early because of the storm, which gave the teacher clearer information for the following lesson.",get out,"In this taught meaning, the verb is commonly used without a direct object. Add an object only when you know the required pattern.","get out means leave or become known. By contrast, get off means leave transportation or finish work.",common in conversation; many uses also fit professional speech,IPA (stress shown separately): /ɡɛt aʊt/ Link the words smoothly; give the strongest phrase stress to “out.” Keep the final /t/ audible.,daily life,B2,v0792-s1
v0793,get over,,phrasal verb,American phrasal verb core,recover from an illness or difficulty,phrasal verb,get over + noun,"It took several days to get over the flu, so the people affected could understand the practical consequence.",get over + noun,Keep the word order shown in the pattern. Do not move the particle unless you have confirmed that this phrasal verb is separable.,"get over means recover from an illness or difficulty. By contrast, pull through means recover from a serious difficulty.",common in conversation; many uses also fit professional speech,"IPA (stress shown separately): /ɡɛt oʊvɚ/ Link the words smoothly; give the strongest phrase stress to “over.” For /v/, touch the upper teeth to the lower lip; do not replace it with /b/.",health,B1-B2,v0793-s1
v0794,get through,,phrasal verb,American phrasal verb core,finish or survive something difficult,phrasal verb,get through + noun,"We got through all five agenda items before noon, which helped the manager assign the next responsibility accurately.",get through + noun,Keep the word order shown in the pattern. Do not move the particle unless you have confirmed that this phrasal verb is separable.,"get through means finish or survive something difficult. By contrast, take up means begin an activity or occupy time or space.",common in conversation; many uses also fit professional speech,IPA (stress shown separately): /ɡɛt θru/ Link the words smoothly; give the strongest phrase stress to “through.”,meetings,B1-B2,v0794-s1
v0795,get together,,phrasal verb,American phrasal verb core,meet socially or for a purpose,phrasal verb,get together,"The science teachers get together once a month to share lessons, which gave the teacher clearer information for the following lesson.",get together,"In this taught meaning, the verb is commonly used without a direct object. Add an object only when you know the required pattern.","get together means meet socially or for a purpose. By contrast, hang out means spend relaxed social time.",common in conversation; many uses also fit professional speech,IPA (stress shown separately): /ɡɛt təɡɛðɚ/ Link the words smoothly; give the strongest phrase stress to “together.”,social,B2,v0795-s1
v0796,get up,,phrasal verb,American phrasal verb core,rise from bed or a seated position,phrasal verb,get up,"I usually get up at six on school days, so the class could connect the idea to the next activity.",get up,"In this taught meaning, the verb is commonly used without a direct object. Add an object only when you know the required pattern.","get up means rise from bed or a seated position. By contrast, do without means manage without something.",common in conversation; many uses also fit professional speech,IPA (stress shown separately): /ɡɛt ʌp/ Link the words smoothly; give the strongest phrase stress to “up.” Keep the final /p/ audible.,daily life,B1-B2,v0796-s1
v0797,give away,,phrasal verb,American phrasal verb core,donate or reveal something,phrasal verb,give away + noun,"The library gave away its older textbooks to a community program, which allowed the board to explain the decision more transparently.",give away + noun,"This taught use is separable. Put a pronoun between the verb and particle: “give it away,” not “give away it.”","give away means donate or reveal something. By contrast, give up means stop trying or surrender something.",common in conversation; many uses also fit professional speech,"IPA (stress shown separately): /ɡɪv əweɪ/ Link the words smoothly; give the strongest phrase stress to “away.” For /v/, touch the upper teeth to the lower lip; do not replace it with /b/. For /w/, round the lips; do not touch the teeth. Keep /ɪ/ short and relaxed, as in sit.",daily life,B1-B2,v0797-s1
v0798,give back,,phrasal verb,American phrasal verb core,return something,phrasal verb,give + noun + back,"Please give back the calculators before you leave, which gave the teacher clearer information for the following lesson.",give + noun + back,"This taught use is separable. Put a pronoun between the verb and particle: “give it back,” not “give back it.”","give back means return something. By contrast, give up means stop trying or surrender something.",common in conversation; many uses also fit professional speech,"IPA (stress shown separately): /ɡɪv bæk/ Link the words smoothly; give the strongest phrase stress to “back.” For /v/, touch the upper teeth to the lower lip; do not replace it with /b/. For /b/, close both lips completely. Keep /ɪ/ short and relaxed, as in sit. Keep the final /k/ audible.",teaching,B2,v0798-s1
v0799,give in,,phrasal verb,American phrasal verb core,stop resisting,phrasal verb,give in,"The committee refused to give in to pressure to rush the decision, so the group could make the next decision with clearer information.",give in,"In this taught meaning, the verb is commonly used without a direct object. Add an object only when you know the required pattern.","give in means stop resisting. By contrast, give up means stop trying or surrender something.",common in conversation; many uses also fit professional speech,"IPA (stress shown separately): /ɡɪv ɪn/ Link the words smoothly; give the strongest phrase stress to “in.” For /v/, touch the upper teeth to the lower lip; do not replace it with /b/. Keep /ɪ/ short and relaxed, as in sit. Keep the final /n/ audible.",disagreement,B1-B2,v0799-s1
v0800,give out,,phrasal verb,American phrasal verb core,distribute or stop functioning,phrasal verb,give out + noun,I gave out the lab instructions before students collected materials.,give out + noun,"This taught use is separable. Put a pronoun between the verb and particle: “give it out,” not “give out it.”","give out means distribute or stop functioning. By contrast, give up means stop trying or surrender something.",common in conversation; many uses also fit professional speech,"IPA (stress shown separately): /ɡɪv aʊt/ Link the words smoothly; give the strongest phrase stress to “out.” For /v/, touch the upper teeth to the lower lip; do not replace it with /b/. Keep /ɪ/ short and relaxed, as in sit. Keep the final /t/ audible.",teaching,B1-B2,v0800-s1
v0801,give up,,phrasal verb,American phrasal verb core,stop trying or surrender something,phrasal verb,give up,"Since the team still had time to test a different approach, the group did not give up when the first design failed.",give up,"This taught use is separable. Put a pronoun between the verb and particle: “give it up,” not “give up it.”","give up means stop trying or surrender something. By contrast, give in means stop resisting.",common in conversation; many uses also fit professional speech,"IPA (stress shown separately): /ɡɪv ʌp/ Link the words smoothly; give the strongest phrase stress to “up.” For /v/, touch the upper teeth to the lower lip; do not replace it with /b/. Keep /ɪ/ short and relaxed, as in sit. Keep the final /p/ audible.",motivation,B2,v0801-s1
v0802,go after,,phrasal verb,American phrasal verb core,try to obtain or pursue something,phrasal verb,go after + noun,"She decided to go after a leadership position at the school, which gave the teacher clearer information for the following lesson.",go after + noun,Keep the word order shown in the pattern. Do not move the particle unless you have confirmed that this phrasal verb is separable.,"go after means try to obtain or pursue something. By contrast, pass up means decline an opportunity.",common in conversation; many uses also fit professional speech,IPA (stress shown separately): /ɡoʊ æftɚ/ Link the words smoothly; give the strongest phrase stress to “after.”,career,B1-B2,v0802-s1
v0803,go against,,phrasal verb,American phrasal verb core,oppose or conflict with something,phrasal verb,go against + noun,"The proposal goes against the district’s existing policy, so the class could connect the idea to the next activity.",go against + noun,Keep the word order shown in the pattern. Do not move the particle unless you have confirmed that this phrasal verb is separable.,"go against means oppose or conflict with something. By contrast, go by means pass or be guided by something.",common in conversation; many uses also fit professional speech,IPA (stress shown separately): /ɡoʊ əɡɛnst/ Link the words smoothly; give the strongest phrase stress to “against.” Keep the final /t/ audible.,policy,B1-B2,v0803-s1
v0804,go ahead,,phrasal verb,American phrasal verb core,proceed,phrasal verb,go ahead with + noun,"The principal gave us permission to go ahead with the event, so the class could connect the idea to the next activity.",go ahead with + noun,Keep the word order shown in the pattern. Do not move the particle unless you have confirmed that this phrasal verb is separable.,"go ahead means proceed. By contrast, go for means choose or try to obtain something.",common in conversation; many uses also fit professional speech,IPA (stress shown separately): /ɡoʊ əhɛd/ Link the words smoothly; give the strongest phrase stress to “ahead.” Keep the final /d/ audible.,decision-making,B2,v0804-s1
v0805,go along with,,phrasal verb,American phrasal verb core,agree with or accept something,phrasal verb,go along with + noun,I can go along with the plan if we add a safety check.,go along with + noun,Keep the word order shown in the pattern. Do not move the particle unless you have confirmed that this phrasal verb is separable.,"go along with means agree with or accept something. By contrast, take on means accept responsibility or a challenge.",common in conversation; many uses also fit professional speech,"IPA (stress shown separately): /ɡoʊ əlɔŋ wɪð/ Link the words smoothly; give the strongest phrase stress to “with.” For /w/, round the lips; do not touch the teeth. Keep /ɪ/ short and relaxed, as in sit. Keep the final /ð/ audible.",agreement,B1-B2,v0805-s1
v0806,go around,,phrasal verb,American phrasal verb core,circulate or move through different places,phrasal verb,go around,"A stomach virus has been going around the school, so the class could connect the idea to the next activity.",go around,"In this taught meaning, the verb is commonly used without a direct object. Add an object only when you know the required pattern.","go around means circulate or move through different places. By contrast, get over means recover from an illness or difficulty.",common in conversation; many uses also fit professional speech,IPA (stress shown separately): /ɡoʊ ɚaʊnd/ Link the words smoothly; give the strongest phrase stress to “around.” Keep the final /d/ audible.,health,B1-B2,v0806-s1
v0807,go back,,phrasal verb,American phrasal verb core,"return to a previous place, time, or topic",phrasal verb,go back to + noun,"Let’s go back to the evidence before making a conclusion, which gave the reviewers a clearer basis for evaluating the conclusion.",go back to + noun,Keep the word order shown in the pattern. Do not move the particle unless you have confirmed that this phrasal verb is separable.,"go back means return to a previous place, time, or topic. By contrast, come back means return.",common in conversation; many uses also fit professional speech,"IPA (stress shown separately): /ɡoʊ bæk/ Link the words smoothly; give the strongest phrase stress to “back.” For /b/, close both lips completely. Keep the final /k/ audible.",communication,B2,v0807-s1
v0808,go by,,phrasal verb,American phrasal verb core,pass or be guided by something,phrasal verb,go by + noun,"We should go by the written policy rather than memory, so the people affected could understand the practical consequence.",go by + noun,Keep the word order shown in the pattern. Do not move the particle unless you have confirmed that this phrasal verb is separable.,"go by means pass or be guided by something. By contrast, go against means oppose or conflict with something.",common in conversation; many uses also fit professional speech,"IPA (stress shown separately): /ɡoʊ baɪ/ Link the words smoothly; give the strongest phrase stress to “by.” For /b/, close both lips completely. Let /aɪ/ glide smoothly, as in my.",policy,B1-B2,v0808-s1
v0809,go down,,phrasal verb,American phrasal verb core,decrease or happen,phrasal verb,go down,"Energy use may go down after the building upgrades, which gave the people involved a clearer basis for the next step.",go down,"In this taught meaning, the verb is commonly used without a direct object. Add an object only when you know the required pattern.","go down means decrease or happen. By contrast, go up means increase.",common in conversation; many uses also fit professional speech,IPA (stress shown separately): /ɡoʊ daʊn/ Link the words smoothly; give the strongest phrase stress to “down.” Keep the final /n/ audible.,change,B1-B2,v0809-s1
v0810,go for,,phrasal verb,American phrasal verb core,choose or try to obtain something,phrasal verb,go for + noun,"We decided to go for the simpler design, so the group could make the next decision with clearer information.",go for + noun,Keep the word order shown in the pattern. Do not move the particle unless you have confirmed that this phrasal verb is separable.,"go for means choose or try to obtain something. By contrast, opt out means choose not to participate in something.",common in conversation; many uses also fit professional speech,IPA (stress shown separately): /ɡoʊ fɔr/ Link the words smoothly; give the strongest phrase stress to “for.” Keep the final /r/ audible.,decision-making,B2,v0810-s1
v0811,go off,,phrasal verb,American phrasal verb core,"make a sound, explode, or stop liking something",phrasal verb,go off,"The alarm could go off during second period, so everyone involved knew what would happen next.",go off,"In this taught meaning, the verb is commonly used without a direct object. Add an object only when you know the required pattern.","go off means make a sound, explode, or stop liking something. By contrast, fill up means make or become full.",common in conversation; many uses also fit professional speech,IPA (stress shown separately): /ɡoʊ ɔf/ Link the words smoothly; give the strongest phrase stress to “off.” Keep the final /f/ audible.,events,B1-B2,v0811-s1
v0812,go on,,phrasal verb,American phrasal verb core,continue or happen,phrasal verb,go on,"The meeting may go on longer than expected, so the group could make the next decision with clearer information.",go on,"In this taught meaning, the verb is commonly used without a direct object. Add an object only when you know the required pattern.","go on means continue or happen. By contrast, carry on means continue an activity.",common in conversation; many uses also fit professional speech,IPA (stress shown separately): /ɡoʊ ɑn/ Link the words smoothly; give the strongest phrase stress to “on.” Keep the final /n/ audible.,continuation,B1-B2,v0812-s1
v0813,go over,,phrasal verb,American phrasal verb core,review something carefully,phrasal verb,go over + noun,"Let’s go over the instructions one more time, which gave the teacher clearer information for the following lesson.",go over + noun,Keep the word order shown in the pattern. Do not move the particle unless you have confirmed that this phrasal verb is separable.,"go over means review something carefully. By contrast, give back means return something.",common in conversation; many uses also fit professional speech,"IPA (stress shown separately): /ɡoʊ oʊvɚ/ Link the words smoothly; give the strongest phrase stress to “over.” For /v/, touch the upper teeth to the lower lip; do not replace it with /b/.",teaching,B2,v0813-s1
v0814,go through,,phrasal verb,American phrasal verb core,experience or examine something carefully,phrasal verb,go through + noun,"The committee must go through every application before deciding, which helped the manager assign the next responsibility accurately.",go through + noun,Keep the word order shown in the pattern. Do not move the particle unless you have confirmed that this phrasal verb is separable.,"go through means experience or examine something carefully. By contrast, call for means require or publicly request something.",common in conversation; many uses also fit professional speech,IPA (stress shown separately): /ɡoʊ θru/ Link the words smoothly; give the strongest phrase stress to “through.”,professional,B1-B2,v0814-s1
v0815,go up,,phrasal verb,American phrasal verb core,increase,phrasal verb,go up,"The cost of materials may go up by twelve percent, so the reader could understand the intended relationship without guessing.",go up,"In this taught meaning, the verb is commonly used without a direct object. Add an object only when you know the required pattern.","go up means increase. By contrast, turn into means change from one thing to another.",common in conversation; many uses also fit professional speech,IPA (stress shown separately): /ɡoʊ ʌp/ Link the words smoothly; give the strongest phrase stress to “up.” Keep the final /p/ audible.,change,B1-B2,v0815-s1
v0816,go with,,phrasal verb,American phrasal verb core,match or choose something,phrasal verb,go with + noun,"This chart should go with the explanation on the next slide, so the team could interpret the evidence with less uncertainty.",go with + noun,Keep the word order shown in the pattern. Do not move the particle unless you have confirmed that this phrasal verb is separable.,"go with means match or choose something. By contrast, get across means communicate an idea successfully.",common in conversation; many uses also fit professional speech,"IPA (stress shown separately): /ɡoʊ wɪð/ Link the words smoothly; give the strongest phrase stress to “with.” For /w/, round the lips; do not touch the teeth. Keep /ɪ/ short and relaxed, as in sit. Keep the final /ð/ audible.",communication,B2,v0816-s1
v0817,go without,,phrasal verb,American phrasal verb core,to experience a period in which something necessary or desired is unavailable,phrasal verb,go without + noun,"Many families had to go without power after the storm, so everyone involved knew what would happen next.",go without + noun,Keep the word order shown in the pattern. Do not move the particle unless you have confirmed that this phrasal verb is separable.,Go without emphasizes the deprivation itself; do without emphasizes finding a way to manage despite it.,common in conversation; many uses also fit professional speech,"IPA (stress shown separately): /ɡoʊ wɪθaʊt/ Link the words smoothly; give the strongest phrase stress to “without.” For /w/, round the lips; do not touch the teeth. Keep /ɪ/ short and relaxed, as in sit. Keep the final /t/ audible.",events,B1-B2,v0817-s1
v0818,grow apart,,phrasal verb,American phrasal verb core,gradually become less close,phrasal verb,grow apart,"The friends grew apart after moving to different cities, so everyone involved knew what would happen next.",grow apart,"In this taught meaning, the verb is commonly used without a direct object. Add an object only when you know the required pattern.","grow apart means gradually become less close. By contrast, get along means have a friendly relationship.",common in conversation; many uses also fit professional speech,IPA (stress shown separately): /ɡroʊ əpɑrt/ Link the words smoothly; give the strongest phrase stress to “apart.” Keep the final /t/ audible.,relationships,B1-B2,v0818-s1
v0819,grow up,,phrasal verb,American phrasal verb core,become an adult,phrasal verb,grow up,"She grew up in a small town in western Nepal, so everyone involved knew what would happen next.",grow up,"In this taught meaning, the verb is commonly used without a direct object. Add an object only when you know the required pattern.","grow up means become an adult. By contrast, grow apart means gradually become less close.",common in conversation; many uses also fit professional speech,IPA (stress shown separately): /ɡroʊ ʌp/ Link the words smoothly; give the strongest phrase stress to “up.” Keep the final /p/ audible.,life story,B2,v0819-s1
v0820,hand in,,phrasal verb,American phrasal verb core,submit work,phrasal verb,hand in + noun,"Students must hand in the lab report by Monday, which gave the teacher clearer information for the following lesson.",hand in + noun,"This taught use is separable. Put a pronoun between the verb and particle: “hand it in,” not “hand in it.”","hand in means submit work. By contrast, turn in means submit something or go to bed.",common in conversation; many uses also fit professional speech,"IPA (stress shown separately): /hænd ɪn/ Link the words smoothly; give the strongest phrase stress to “in.” Keep /ɪ/ short and relaxed, as in sit. Keep the final /n/ audible.",education,B1-B2,v0820-s1
v0821,hand out,,phrasal verb,American phrasal verb core,distribute something,phrasal verb,hand out + noun,"I handed out the safety goggles before the demonstration, so the class could connect the idea to the next activity.",hand out + noun,"This taught use is separable. Put a pronoun between the verb and particle: “hand it out,” not “hand out it.”","hand out means distribute something. By contrast, pass out means lose consciousness or distribute something.",common in conversation; many uses also fit professional speech,IPA (stress shown separately): /hænd aʊt/ Link the words smoothly; give the strongest phrase stress to “out.” Keep the final /t/ audible.,teaching,B1-B2,v0821-s1
v0822,hand over,,phrasal verb,American phrasal verb core,give control or possession to another person,phrasal verb,hand over + noun,"The outgoing chair handed over the files to her replacement, so the group could make the next decision with clearer information.",hand over + noun,"This taught use is separable. Put a pronoun between the verb and particle: “hand it over,” not “hand over it.”","hand over means give control or possession to another person. By contrast, take over means gain control or responsibility.",common in conversation; many uses also fit professional speech,"IPA (stress shown separately): /hænd oʊvɚ/ Link the words smoothly; give the strongest phrase stress to “over.” For /v/, touch the upper teeth to the lower lip; do not replace it with /b/.",workplace,B2,v0822-s1
v0823,hang around,,phrasal verb,American phrasal verb core,spend time somewhere without a clear purpose,phrasal verb,hang around,We hung around the station while waiting for the delayed train.,hang around,"In this taught meaning, the verb is commonly used without a direct object. Add an object only when you know the required pattern.","hang around means spend time somewhere without a clear purpose. By contrast, do without means manage without something.",common in conversation; many uses also fit professional speech,IPA (stress shown separately): /hæŋ ɚaʊnd/ Link the words smoothly; give the strongest phrase stress to “around.” Keep the final /d/ audible.,daily life,B1-B2,v0823-s1
v0824,hang on,,phrasal verb,American phrasal verb core,wait or hold tightly,phrasal verb,hang on,Hang on for a moment while I open the document.,hang on,"In this taught meaning, the verb is commonly used without a direct object. Add an object only when you know the required pattern.","hang on means wait or hold tightly. By contrast, hang up means end a phone call or place something on a hook.",common in conversation; many uses also fit professional speech,IPA (stress shown separately): /hæŋ ɑn/ Link the words smoothly; give the strongest phrase stress to “on.” Keep the final /n/ audible.,communication,B1-B2,v0824-s1
v0825,hang out,,phrasal verb,American phrasal verb core,spend relaxed social time,phrasal verb,hang out,"The staff sometimes hang out at a coffee shop after work, which allowed the board to explain the decision more transparently.",hang out,"In this taught meaning, the verb is commonly used without a direct object. Add an object only when you know the required pattern.","hang out means spend relaxed social time. By contrast, show around means give someone a tour.",mainly conversational,IPA (stress shown separately): /hæŋ aʊt/ Link the words smoothly; give the strongest phrase stress to “out.” Keep the final /t/ audible.,social,B2,v0825-s1
v0826,hang up,,phrasal verb,American phrasal verb core,end a phone call or place something on a hook,phrasal verb,hang up,"She hung up after confirming the appointment, which reduced the chance that readers would misinterpret the message.",hang up,"This taught use is separable. Put a pronoun between the verb and particle: “hang it up,” not “hang up it.”","hang up means end a phone call or place something on a hook. By contrast, hang on means wait or hold tightly.",common in conversation; many uses also fit professional speech,IPA (stress shown separately): /hæŋ ʌp/ Link the words smoothly; give the strongest phrase stress to “up.” Keep the final /p/ audible.,communication,B1-B2,v0826-s1
v0827,hold back,,phrasal verb,American phrasal verb core,prevent progress or avoid expressing something,phrasal verb,hold + noun + back,"Fear of making mistakes can hold back language learners, which gave the teacher clearer information for the following lesson.",hold + noun + back,"This taught use is separable. Put a pronoun between the verb and particle: “hold it back,” not “hold back it.”","hold back means prevent progress or avoid expressing something. By contrast, make up for means compensate for something.",common in conversation; many uses also fit professional speech,"IPA (stress shown separately): /hoʊld bæk/ Link the words smoothly; give the strongest phrase stress to “back.” For /b/, close both lips completely. Keep the final /k/ audible.",learning,B1-B2,v0827-s1
v0828,hold off,,phrasal verb,American phrasal verb core,delay an action,phrasal verb,hold off on + -ing,"We should hold off on purchasing equipment until the budget is approved, so decision makers could see how the available resources would support the stated goal.",hold off on + -ing,Keep the word order shown in the pattern. Do not move the particle unless you have confirmed that this phrasal verb is separable.,"hold off means delay an action. By contrast, go for means choose or try to obtain something.",common in conversation; many uses also fit professional speech,IPA (stress shown separately): /hoʊld ɔf/ Link the words smoothly; give the strongest phrase stress to “off.” Keep the final /f/ audible.,decision-making,B2,v0828-s1
v0829,hold on,,phrasal verb,American phrasal verb core,wait or keep a grip,phrasal verb,hold on,"Please hold on while I transfer your call, which reduced the chance that readers would misinterpret the message.",hold on,"In this taught meaning, the verb is commonly used without a direct object. Add an object only when you know the required pattern.","hold on means wait or keep a grip. By contrast, hang on means wait or hold tightly.",common in conversation; many uses also fit professional speech,IPA (stress shown separately): /hoʊld ɑn/ Link the words smoothly; give the strongest phrase stress to “on.” Keep the final /n/ audible.,communication,B1-B2,v0829-s1
v0830,hold up,,phrasal verb,American phrasal verb core,delay or support something,phrasal verb,hold up + noun,"A missing signature held up the application, so the group could make the next decision with clearer information.",hold up + noun,"This taught use is separable. Put a pronoun between the verb and particle: “hold it up,” not “hold up it.”","hold up means delay or support something. By contrast, put up with means tolerate something unpleasant.",common in conversation; many uses also fit professional speech,IPA (stress shown separately): /hoʊld ʌp/ Link the words smoothly; give the strongest phrase stress to “up.” Keep the final /p/ audible.,workplace,B1-B2,v0830-s1
v0831,keep away,,phrasal verb,American phrasal verb core,remain at a distance,phrasal verb,keep + noun + away,Please keep away from the electrical equipment when carrying liquids.,keep + noun + away,"This taught use is separable. Put a pronoun between the verb and particle: “keep it away,” not “keep away it.”","keep away means remain at a distance. By contrast, look out means be careful.",common in conversation; many uses also fit professional speech,"IPA (stress shown separately): /kip əweɪ/ Link the words smoothly; give the strongest phrase stress to “away.” For /w/, round the lips; do not touch the teeth.",safety,B2,v0831-s1
v0832,keep on,,phrasal verb,American phrasal verb core,continue doing something,phrasal verb,keep on + -ing,"She kept on practicing until the final consonants were clear, so the class could connect the idea to the next activity.",keep on + -ing,Keep the word order shown in the pattern. Do not move the particle unless you have confirmed that this phrasal verb is separable.,"keep on means continue doing something. By contrast, make up for means compensate for something.",common in conversation; many uses also fit professional speech,IPA (stress shown separately): /kip ɑn/ Link the words smoothly; give the strongest phrase stress to “on.” Keep the final /n/ audible.,learning,B1-B2,v0832-s1
v0833,keep up,,phrasal verb,American phrasal verb core,continue at the same rate,phrasal verb,keep up,"The class moved quickly, but most students kept up, which gave the teacher clearer information for the following lesson.",keep up,"In this taught meaning, the verb is commonly used without a direct object. Add an object only when you know the required pattern.","keep up means continue at the same rate. By contrast, get into means become interested or involved in something.",common in conversation; many uses also fit professional speech,IPA (stress shown separately): /kip ʌp/ Link the words smoothly; give the strongest phrase stress to “up.” Keep the final /p/ audible.,education,B1-B2,v0833-s1
v0834,keep up with,,phrasal verb,American phrasal verb core,remain at the same level as someone or something,phrasal verb,keep up with + noun,"It is difficult to keep up with rapidly changing software, which gave the reviewers a clearer basis for evaluating the conclusion.",keep up with + noun,Keep the word order shown in the pattern. Do not move the particle unless you have confirmed that this phrasal verb is separable.,"keep up with means remain at the same level as someone or something. By contrast, turn on means start a device.",common in conversation; many uses also fit professional speech,"IPA (stress shown separately): /kip ʌp wɪð/ Link the words smoothly; give the strongest phrase stress to “with.” For /w/, round the lips; do not touch the teeth. Keep short /ɪ/ distinct from long /i/. Keep the final /ð/ audible.",technology,B2,v0834-s1
v0835,kick off,,phrasal verb,American phrasal verb core,begin an event or project,phrasal verb,kick off + noun,"We’ll kick off the workshop with a short diagnostic activity, which helped the group avoid a preventable misunderstanding.",kick off + noun,"This taught use is separable. Put a pronoun between the verb and particle: “kick it off,” not “kick off it.”","kick off means begin an event or project. By contrast, go without means manage without something.",common in conversation; many uses also fit professional speech,"IPA (stress shown separately): /kɪk ɔf/ Link the words smoothly; give the strongest phrase stress to “off.” Keep /ɪ/ short and relaxed, as in sit. Keep the final /f/ audible.",events,B1-B2,v0835-s1
v0836,lay off,,phrasal verb,American phrasal verb core,dismiss workers because work or money is limited,phrasal verb,lay off + person,"The company laid off several employees during the downturn, so the group could make the next decision with clearer information.",lay off + person,"This taught use is separable. Put a pronoun between the verb and particle: “lay them off,” not “lay off them.”","lay off means dismiss workers because work or money is limited. By contrast, count on means depend on someone or expect something to happen.",common in conversation; many uses also fit professional speech,IPA (stress shown separately): /leɪ ɔf/ Link the words smoothly; give the strongest phrase stress to “off.” Keep the final /f/ audible.,workplace,B1-B2,v0836-s1
v0837,lay out,,phrasal verb,American phrasal verb core,arrange or explain clearly,phrasal verb,lay out + noun,"The proposal lays out three options for improving attendance, so school leaders could evaluate the costs, benefits, and likely effects of each alternative.",lay out + noun,"This taught use is separable. Put a pronoun between the verb and particle: “lay it out,” not “lay out it.”","lay out means arrange or explain clearly. By contrast, talk through means explain a process step by step.",common in conversation; many uses also fit professional speech,IPA (stress shown separately): /leɪ aʊt/ Link the words smoothly; give the strongest phrase stress to “out.” Keep the final /t/ audible.,communication,B2,v0837-s1
v0838,leave out,,phrasal verb,American phrasal verb core,omit something,phrasal verb,leave out + noun,Do not leave out the units when you report the measurement.,leave out + noun,"This taught use is separable. Put a pronoun between the verb and particle: “leave it out,” not “leave out it.”","leave out means omit something. By contrast, do over means do something again.",common in conversation; many uses also fit professional speech,"IPA (stress shown separately): /liv aʊt/ Link the words smoothly; give the strongest phrase stress to “out.” For /v/, touch the upper teeth to the lower lip; do not replace it with /b/. Keep the final /t/ audible.",STEM,B1-B2,v0838-s1
v0839,let down,,phrasal verb,American phrasal verb core,disappoint someone,phrasal verb,let + person + down,"The team did not want to let down the community, which allowed the board to explain the decision more transparently.",let + person + down,"This taught use is separable. Put a pronoun between the verb and particle: “let them down,” not “let down them.”","let down means disappoint someone. By contrast, get along means have a friendly relationship.",common in conversation; many uses also fit professional speech,IPA (stress shown separately): /lɛt daʊn/ Link the words smoothly; give the strongest phrase stress to “down.” Keep the final /n/ audible.,relationships,B1-B2,v0839-s1
v0840,let in,,phrasal verb,American phrasal verb core,allow someone or something to enter,phrasal verb,let + person + in,"The receptionist agreed to let in the waiting visitors early, which helped the group avoid a preventable misunderstanding.",let + person + in,"This taught use is separable. Put a pronoun between the verb and particle: “let them in,” not “let in them.”","let in means allow someone or something to enter. By contrast, come in means enter or arrive.",common in conversation; many uses also fit professional speech,"IPA (stress shown separately): /lɛt ɪn/ Link the words smoothly; give the strongest phrase stress to “in.” Keep /ɪ/ short and relaxed, as in sit. Keep the final /n/ audible.",daily life,B2,v0840-s1
v0841,let off,,phrasal verb,American phrasal verb core,excuse someone from punishment or release something,phrasal verb,let + person + off,"Because it was a minor first offense, the officer decided to let the driver off with a warning.",let + person + off,"This taught use is separable. Put a pronoun between the verb and particle: “let them off,” not “let off them.”","let off means excuse someone from punishment or release something. By contrast, throw out means discard or reject something.",common in conversation; many uses also fit professional speech,IPA (stress shown separately): /lɛt ɔf/ Link the words smoothly; give the strongest phrase stress to “off.” Keep the final /f/ audible.,law,B1-B2,v0841-s1
v0842,live up to,,phrasal verb,American phrasal verb core,meet an expectation or standard,phrasal verb,live up to + noun,"The new program has not yet lived up to its promises, which helped the manager assign the next responsibility accurately.",live up to + noun,Keep the word order shown in the pattern. Do not move the particle unless you have confirmed that this phrasal verb is separable.,"live up to means meet an expectation or standard. By contrast, get together means meet socially or for a purpose.",common in conversation; many uses also fit professional speech,"IPA (stress shown separately): /laɪv ʌp tu/ Link the words smoothly; give the strongest phrase stress to “to.” For /v/, touch the upper teeth to the lower lip; do not replace it with /b/. Let /aɪ/ glide smoothly, as in my.",evaluation,B1-B2,v0842-s1
v0843,log in,,phrasal verb,American phrasal verb core,enter a computer system,phrasal verb,log in,"Students must log in with their district accounts, which gave the teacher clearer information for the following lesson.",log in,"In this taught meaning, the verb is commonly used without a direct object. Add an object only when you know the required pattern.","log in means enter a computer system. By contrast, log out means leave a computer system securely.",common in conversation; many uses also fit professional speech,"IPA (stress shown separately): /lɔɡ ɪn/ Link the words smoothly; give the strongest phrase stress to “in.” Keep /ɪ/ short and relaxed, as in sit. Keep the final /n/ audible.",technology,B2,v0843-s1
v0844,log out,,phrasal verb,American phrasal verb core,leave a computer system securely,phrasal verb,log out,"Remember to log out before using a shared computer, so the team could interpret the evidence with less uncertainty.",log out,"In this taught meaning, the verb is commonly used without a direct object. Add an object only when you know the required pattern.","log out means leave a computer system securely. By contrast, log in means enter a computer system.",common in conversation; many uses also fit professional speech,IPA (stress shown separately): /lɔɡ aʊt/ Link the words smoothly; give the strongest phrase stress to “out.” Keep the final /t/ audible.,technology,B1-B2,v0844-s1
v0845,look after,,phrasal verb,American phrasal verb core,take care of someone or something,phrasal verb,look after + noun,My neighbor looked after our plants while we were away.,look after + noun,Keep the word order shown in the pattern. Do not move the particle unless you have confirmed that this phrasal verb is separable.,"look after means take care of someone or something. By contrast, look into means investigate something.",common in conversation; many uses also fit professional speech,IPA (stress shown separately): /lʊk æftɚ/ Link the words smoothly; give the strongest phrase stress to “after.”,daily life,B1-B2,v0845-s1
v0846,look ahead,,phrasal verb,American phrasal verb core,think about the future,phrasal verb,look ahead,"As we look ahead, we need to plan for growing enrollment, so the group could make the next decision with clearer information.",look ahead,"In this taught meaning, the verb is commonly used without a direct object. Add an object only when you know the required pattern.","look ahead means think about the future. By contrast, think through means consider all stages and consequences.",common in conversation; many uses also fit professional speech,IPA (stress shown separately): /lʊk əhɛd/ Link the words smoothly; give the strongest phrase stress to “ahead.” Keep the final /d/ audible.,planning,B2,v0846-s1
v0847,look around,,phrasal verb,American phrasal verb core,examine a place,phrasal verb,look around,"We looked around the campus before the orientation began, which helped the group avoid a preventable misunderstanding.",look around,"In this taught meaning, the verb is commonly used without a direct object. Add an object only when you know the required pattern.","look around means examine a place. By contrast, get around means move from place to place or avoid a rule.",common in conversation; many uses also fit professional speech,IPA (stress shown separately): /lʊk ɚaʊnd/ Link the words smoothly; give the strongest phrase stress to “around.” Keep the final /d/ audible.,travel,B1-B2,v0847-s1
v0848,look at,,phrasal verb,American phrasal verb core,examine or consider something,phrasal verb,look at + noun,Let’s look at the data before we discuss possible causes.,look at + noun,Keep the word order shown in the pattern. Do not move the particle unless you have confirmed that this phrasal verb is separable.,"look at means examine or consider something. By contrast, rule out means eliminate a possibility.",common in conversation; many uses also fit professional speech,IPA (stress shown separately): /lʊk æt/ Link the words smoothly; give the strongest phrase stress to “at.” Keep the final /t/ audible.,analysis,B1-B2,v0848-s1
v0849,look back,,phrasal verb,American phrasal verb core,think about the past,phrasal verb,look back,"When I look back, I can see how much my speaking has improved.",look back,"In this taught meaning, the verb is commonly used without a direct object. Add an object only when you know the required pattern.","look back means think about the past. By contrast, look around means examine a place.",common in conversation; many uses also fit professional speech,"IPA (stress shown separately): /lʊk bæk/ Link the words smoothly; give the strongest phrase stress to “back.” For /b/, close both lips completely. Keep the final /k/ audible.",reflection,B2,v0849-s1
v0850,look down on,,phrasal verb,American phrasal verb core,consider someone inferior,phrasal verb,look down on + person,"Professional teams should never look down on support staff, which helped the group avoid a preventable misunderstanding.",look down on + person,Keep the word order shown in the pattern. Do not move the particle unless you have confirmed that this phrasal verb is separable.,"look down on means consider someone inferior. By contrast, look up to means respect and admire someone.",common in conversation; many uses also fit professional speech,IPA (stress shown separately): /lʊk daʊn ɑn/ Link the words smoothly; give the strongest phrase stress to “on.” Keep the final /n/ audible.,relationships,B1-B2,v0850-s1
v0851,look for,,phrasal verb,American phrasal verb core,try to find something,phrasal verb,look for + noun,"Researchers looked for patterns across the three data sets, which gave the reviewers a clearer basis for evaluating the conclusion.",look for + noun,Keep the word order shown in the pattern. Do not move the particle unless you have confirmed that this phrasal verb is separable.,"look for means try to find something. By contrast, come across means find or meet unexpectedly.",common in conversation; many uses also fit professional speech,IPA (stress shown separately): /lʊk fɔr/ Link the words smoothly; give the strongest phrase stress to “for.” Keep the final /r/ audible.,research,B1-B2,v0851-s1
v0852,look forward to,,phrasal verb,American phrasal verb core,feel pleased about a future event,phrasal verb,look forward to + -ing,"I look forward to working with you next semester, so the audience could understand the intended point without guessing.",look forward to + -ing,Keep the word order shown in the pattern. Do not move the particle unless you have confirmed that this phrasal verb is separable.,"look forward to means feel pleased about a future event. By contrast, call up means telephone someone.",common in conversation; many uses also fit professional speech,"IPA (stress shown separately): /lʊk fɔrwɚd tu/ Link the words smoothly; give the strongest phrase stress to “to.” For /w/, round the lips; do not touch the teeth.",communication,B2,v0852-s1
v0853,look into,,phrasal verb,American phrasal verb core,investigate something,phrasal verb,look into + noun,"The technology department is looking into the network problem, so the group could make the next decision with clearer information.",look into + noun,Keep the word order shown in the pattern. Do not move the particle unless you have confirmed that this phrasal verb is separable.,"look into means investigate something. By contrast, look over means review quickly.",common in conversation; many uses also fit professional speech,"IPA (stress shown separately): /lʊk ɪntu/ Link the words smoothly; give the strongest phrase stress to “into.” Keep /ɪ/ short and relaxed, as in sit.",problem-solving,B1-B2,v0853-s1
v0854,look out,,phrasal verb,American phrasal verb core,to become alert because an immediate danger may be present,phrasal verb,look out for + noun,"Look out for misleading graphs that use uneven scales, so the people affected could understand the practical consequence.",look out for + noun,Keep the word order shown in the pattern. Do not move the particle unless you have confirmed that this phrasal verb is separable.,Look out is often an immediate warning; watch out for commonly introduces a specific hazard that requires continued caution.,common in conversation; many uses also fit professional speech,IPA (stress shown separately): /lʊk aʊt/ Link the words smoothly; give the strongest phrase stress to “out.” Keep the final /t/ audible.,safety,B1-B2,v0854-s1
v0855,look over,,phrasal verb,American phrasal verb core,review quickly,phrasal verb,look over + noun,"Because the email will go to the principal this afternoon, could you look over my message before I send it, so that I can correct any unclear wording?",look over + noun,"This taught use is separable. Put a pronoun between the verb and particle: “look it over,” not “look over it.”","look over means review quickly. By contrast, look into means investigate something.",common in conversation; many uses also fit professional speech,"IPA (stress shown separately): /lʊk oʊvɚ/ Link the words smoothly; give the strongest phrase stress to “over.” For /v/, touch the upper teeth to the lower lip; do not replace it with /b/.",writing,B2,v0855-s1
v0856,look up,,phrasal verb,American phrasal verb core,search for information,phrasal verb,look up + noun,"I looked up the pronunciation before using the word in class, so the class could connect the idea to the next activity.",look up + noun,"This taught use is separable. Put a pronoun between the verb and particle: “look it up,” not “look up it.”","look up means search for information. By contrast, look into means investigate something.",common in conversation; many uses also fit professional speech,IPA (stress shown separately): /lʊk ʌp/ Link the words smoothly; give the strongest phrase stress to “up.” Keep the final /p/ audible.,learning,B1-B2,v0856-s1
v0857,look up to,,phrasal verb,American phrasal verb core,respect and admire someone,phrasal verb,look up to + person,Many students look up to teachers who are fair and consistent.,look up to + person,Keep the word order shown in the pattern. Do not move the particle unless you have confirmed that this phrasal verb is separable.,"look up to means respect and admire someone. By contrast, look down on means consider someone inferior.",common in conversation; many uses also fit professional speech,IPA (stress shown separately): /lʊk ʌp tu/ Link the words smoothly; give the strongest phrase stress to “to.”,relationships,B1-B2,v0857-s1
v0858,make for,,phrasal verb,American phrasal verb core,contribute to or move toward something,phrasal verb,make for + noun,"Clear expectations make for a more productive classroom, which gave the teacher clearer information for the following lesson.",make for + noun,Keep the word order shown in the pattern. Do not move the particle unless you have confirmed that this phrasal verb is separable.,"make for means contribute to or move toward something. By contrast, bring about means cause something to happen.",common in conversation; many uses also fit professional speech,IPA (stress shown separately): /meɪk fɔr/ Link the words smoothly; give the strongest phrase stress to “for.” Keep the final /r/ audible.,cause-effect,B2,v0858-s1
v0859,make out,,phrasal verb,American phrasal verb core,"understand, see, or hear with difficulty",phrasal verb,make out + noun,"I could barely make out the announcement over the noise, so the audience could understand the intended point without guessing.",make out + noun,"This taught use is separable. Put a pronoun between the verb and particle: “make it out,” not “make out it.”","make out means understand, see, or hear with difficulty. By contrast, clear up means resolve confusion or make something easier to understand.",common in conversation; many uses also fit professional speech,IPA (stress shown separately): /meɪk aʊt/ Link the words smoothly; give the strongest phrase stress to “out.” Keep the final /t/ audible.,communication,B1-B2,v0859-s1
v0860,make up,,phrasal verb,American phrasal verb core,"invent, form, or become friendly again",phrasal verb,make up + noun,"Students from three grade levels make up the robotics team, which gave the teacher clearer information for the following lesson.",make up + noun,"This taught use is separable. Put a pronoun between the verb and particle: “make it up,” not “make up it.”","make up means invent, form, or become friendly again. By contrast, get into means become interested or involved in something.",common in conversation; many uses also fit professional speech,IPA (stress shown separately): /meɪk ʌp/ Link the words smoothly; give the strongest phrase stress to “up.” Keep the final /p/ audible.,education,B1-B2,v0860-s1
v0861,make up for,,phrasal verb,American phrasal verb core,compensate for something,phrasal verb,make up for + noun,"The extra practice helped make up for the missed class, so the class could connect the idea to the next activity.",make up for + noun,Keep the word order shown in the pattern. Do not move the particle unless you have confirmed that this phrasal verb is separable.,"make up for means compensate for something. By contrast, take in means understand, absorb, or provide lodging.",common in conversation; many uses also fit professional speech,IPA (stress shown separately): /meɪk ʌp fɔr/ Link the words smoothly; give the strongest phrase stress to “for.” Keep the final /r/ audible.,learning,B2,v0861-s1
v0862,move in,,phrasal verb,American phrasal verb core,begin living in a place,phrasal verb,move in,"The new tenants moved in over the weekend, which helped the group avoid a preventable misunderstanding.",move in,"In this taught meaning, the verb is commonly used without a direct object. Add an object only when you know the required pattern.","move in means begin living in a place. By contrast, move out means stop living in a place.",common in conversation; many uses also fit professional speech,"IPA (stress shown separately): /muv ɪn/ Link the words smoothly; give the strongest phrase stress to “in.” For /v/, touch the upper teeth to the lower lip; do not replace it with /b/. Keep /ɪ/ short and relaxed, as in sit. Keep the final /n/ audible.",daily life,B1-B2,v0862-s1
v0863,move on,,phrasal verb,American phrasal verb core,continue to the next topic or stage,phrasal verb,move on,"Once everyone understands the concept, we can move on, so the group could make the next decision with clearer information.",move on,"In this taught meaning, the verb is commonly used without a direct object. Add an object only when you know the required pattern.","move on means continue to the next topic or stage. By contrast, stick to means continue following a plan, rule, or topic.",common in conversation; many uses also fit professional speech,"IPA (stress shown separately): /muv ɑn/ Link the words smoothly; give the strongest phrase stress to “on.” For /v/, touch the upper teeth to the lower lip; do not replace it with /b/. Keep the final /n/ audible.",meetings,B1-B2,v0863-s1
v0864,move out,,phrasal verb,American phrasal verb core,stop living in a place,phrasal verb,move out,"They moved out when the lease ended, which helped the group avoid a preventable misunderstanding.",move out,"In this taught meaning, the verb is commonly used without a direct object. Add an object only when you know the required pattern.","move out means stop living in a place. By contrast, move in means begin living in a place.",common in conversation; many uses also fit professional speech,"IPA (stress shown separately): /muv aʊt/ Link the words smoothly; give the strongest phrase stress to “out.” For /v/, touch the upper teeth to the lower lip; do not replace it with /b/. Keep the final /t/ audible.",daily life,B2,v0864-s1
v0865,pass away,,phrasal verb,American phrasal verb core,die,phrasal verb,pass away,"Her grandfather passed away peacefully last year, which allowed the board to explain the decision more transparently.",pass away,"In this taught meaning, the verb is commonly used without a direct object. Add an object only when you know the required pattern.","pass away means die. By contrast, back away means move away or withdraw from a position.",common in conversation; many uses also fit professional speech,"IPA (stress shown separately): /pæs əweɪ/ Link the words smoothly; give the strongest phrase stress to “away.” For /w/, round the lips; do not touch the teeth.",sensitive,B1-B2,v0865-s1
v0866,pass down,,phrasal verb,American phrasal verb core,give knowledge or property to a younger generation,phrasal verb,pass down + noun,"Families often pass down traditions through stories and celebrations, so the people affected could understand the practical consequence.",pass down + noun,"This taught use is separable. Put a pronoun between the verb and particle: “pass it down,” not “pass down it.”","pass down means give knowledge or property to a younger generation. By contrast, shut up means stop talking; often sounds rude.",common in conversation; many uses also fit professional speech,IPA (stress shown separately): /pæs daʊn/ Link the words smoothly; give the strongest phrase stress to “down.” Keep the final /n/ audible.,culture,B1-B2,v0866-s1
v0867,pass on,,phrasal verb,American phrasal verb core,give information to another person or decline an opportunity,phrasal verb,pass + noun + on,"Please pass the update on to the rest of the department, so the audience could understand the intended point without guessing.",pass + noun + on,"This taught use is separable. Put a pronoun between the verb and particle: “pass it on,” not “pass on it.”","pass on means give information to another person or decline an opportunity. By contrast, get back means return.",common in conversation; many uses also fit professional speech,IPA (stress shown separately): /pæs ɑn/ Link the words smoothly; give the strongest phrase stress to “on.” Keep the final /n/ audible.,communication,B2,v0867-s1
v0868,pass out,,phrasal verb,American phrasal verb core,lose consciousness or distribute something,phrasal verb,pass out + noun,"The teacher passed out the review sheets before the quiz, which gave the teacher clearer information for the following lesson.",pass out + noun,"This taught use is separable. Put a pronoun between the verb and particle: “pass it out,” not “pass out it.”","pass out means lose consciousness or distribute something. By contrast, hand out means distribute something.",common in conversation; many uses also fit professional speech,IPA (stress shown separately): /pæs aʊt/ Link the words smoothly; give the strongest phrase stress to “out.” Keep the final /t/ audible.,teaching,B1-B2,v0868-s1
v0869,pass up,,phrasal verb,American phrasal verb core,decline an opportunity,phrasal verb,pass up + noun,"She did not want to pass up the chance to lead the project, so the group could make the next decision with clearer information.",pass up + noun,"This taught use is separable. Put a pronoun between the verb and particle: “pass it up,” not “pass up it.”","pass up means decline an opportunity. By contrast, go after means try to obtain or pursue something.",common in conversation; many uses also fit professional speech,IPA (stress shown separately): /pæs ʌp/ Link the words smoothly; give the strongest phrase stress to “up.” Keep the final /p/ audible.,career,B1-B2,v0869-s1
v0870,pay back,,phrasal verb,American phrasal verb core,return borrowed money or repay a favor,phrasal verb,pay + person + back,"I will pay back the loan after my paycheck arrives, which allowed the board to explain the decision more transparently.",pay + person + back,"This taught use is separable. Put a pronoun between the verb and particle: “pay them back,” not “pay back them.”","pay back means return borrowed money or repay a favor. By contrast, take out means remove, invite socially, or obtain officially.",common in conversation; many uses also fit professional speech,"IPA (stress shown separately): /peɪ bæk/ Link the words smoothly; give the strongest phrase stress to “back.” For /b/, close both lips completely. Keep the final /k/ audible.",financial,B2,v0870-s1
v0871,pay off,,phrasal verb,American phrasal verb core,produce a good result or finish paying a debt,phrasal verb,pay off,"The weeks of practice paid off during the presentation, which reduced the chance that readers would misinterpret the message.",pay off,"This taught use is separable. Put a pronoun between the verb and particle: “pay it off,” not “pay off it.”","pay off means produce a good result or finish paying a debt. By contrast, turn out means develop in a particular way or attend an event.",common in conversation; many uses also fit professional speech,IPA (stress shown separately): /peɪ ɔf/ Link the words smoothly; give the strongest phrase stress to “off.” Keep the final /f/ audible.,results,B1-B2,v0871-s1
v0872,pick out,,phrasal verb,American phrasal verb core,choose or identify something,phrasal verb,pick out + noun,"Because the class needs one convincing example, can you pick out the strongest evidence in the paragraph, so that the discussion remains focused?",pick out + noun,"This taught use is separable. Put a pronoun between the verb and particle: “pick it out,” not “pick out it.”","pick out means choose or identify something. By contrast, look at means examine or consider something.",common in conversation; many uses also fit professional speech,"IPA (stress shown separately): /pɪk aʊt/ Link the words smoothly; give the strongest phrase stress to “out.” Keep /ɪ/ short and relaxed, as in sit. Keep the final /t/ audible.",analysis,B1-B2,v0872-s1
v0873,pick up,,phrasal verb,American phrasal verb core,"collect, learn informally, or improve",phrasal verb,pick up + noun,"I picked up several useful expressions from my coworkers, which gave the teacher clearer information for the following lesson.",pick up + noun,"This taught use is separable. Put a pronoun between the verb and particle: “pick it up,” not “pick up it.”","pick up means collect, learn informally, or improve. By contrast, take away means remove or learn an important message.",common in conversation; many uses also fit professional speech,"IPA (stress shown separately): /pɪk ʌp/ Link the words smoothly; give the strongest phrase stress to “up.” Keep /ɪ/ short and relaxed, as in sit. Keep the final /p/ audible.",learning,B2,v0873-s1
v0874,point out,,phrasal verb,American phrasal verb core,draw attention to something,phrasal verb,point out + noun,"The reviewer pointed out an error in the calculation, which reduced the chance that readers would misinterpret the message.",point out + noun,"This taught use is separable. Put a pronoun between the verb and particle: “point it out,” not “point out it.”","point out means draw attention to something. By contrast, bring up means introduce a topic for discussion.",common in conversation; many uses also fit professional speech,IPA (stress shown separately): /pɔɪnt aʊt/ Link the words smoothly; give the strongest phrase stress to “out.” Keep the final /t/ audible.,communication,B1-B2,v0874-s1
v0875,pull off,,phrasal verb,American phrasal verb core,succeed at something difficult,phrasal verb,pull off + noun,"The students pulled off an impressive demonstration with limited materials, which gave the teacher clearer information for the following lesson.",pull off + noun,"This taught use is separable. Put a pronoun between the verb and particle: “pull it off,” not “pull off it.”","pull off means succeed at something difficult. By contrast, pull out means withdraw or remove something.",common in conversation; many uses also fit professional speech,IPA (stress shown separately): /pʊl ɔf/ Link the words smoothly; give the strongest phrase stress to “off.” Keep the final /f/ audible.,achievement,B1-B2,v0875-s1
v0876,pull out,,phrasal verb,American phrasal verb core,withdraw or remove something,phrasal verb,pull out,"One sponsor pulled out just before the event, which helped the manager assign the next responsibility accurately.",pull out,"In this taught meaning, the verb is commonly used without a direct object. Add an object only when you know the required pattern.","pull out means withdraw or remove something. By contrast, put together means assemble or create something.",common in conversation; many uses also fit professional speech,IPA (stress shown separately): /pʊl aʊt/ Link the words smoothly; give the strongest phrase stress to “out.” Keep the final /t/ audible.,projects,B2,v0876-s1
v0877,pull over,,phrasal verb,American phrasal verb core,move a vehicle to the side of the road,phrasal verb,pull over,"The driver pulled over when the warning light appeared, which helped the group avoid a preventable misunderstanding.",pull over,"In this taught meaning, the verb is commonly used without a direct object. Add an object only when you know the required pattern.","pull over means move a vehicle to the side of the road. By contrast, pull out means withdraw or remove something.",common in conversation; many uses also fit professional speech,"IPA (stress shown separately): /pʊl oʊvɚ/ Link the words smoothly; give the strongest phrase stress to “over.” For /v/, touch the upper teeth to the lower lip; do not replace it with /b/.",driving,B1-B2,v0877-s1
v0878,pull through,,phrasal verb,American phrasal verb core,recover from a serious difficulty,phrasal verb,pull through,"The patient pulled through after emergency treatment, which reduced the risk of conflicting instructions during a stressful moment.",pull through,"In this taught meaning, the verb is commonly used without a direct object. Add an object only when you know the required pattern.","pull through means recover from a serious difficulty. By contrast, get over means recover from an illness or difficulty.",common in conversation; many uses also fit professional speech,IPA (stress shown separately): /pʊl θru/ Link the words smoothly; give the strongest phrase stress to “through.”,health,B1-B2,v0878-s1
v0879,put aside,,phrasal verb,American phrasal verb core,save or temporarily ignore something,phrasal verb,put aside + noun,Let’s put aside that issue until we have more evidence.,put aside + noun,"This taught use is separable. Put a pronoun between the verb and particle: “put it aside,” not “put aside it.”","put aside means save or temporarily ignore something. By contrast, go for means choose or try to obtain something.",common in conversation; many uses also fit professional speech,"IPA (stress shown separately): /pʊt əsaɪd/ Link the words smoothly; give the strongest phrase stress to “aside.” Let /aɪ/ glide smoothly, as in my. Keep the final /d/ audible.",decision-making,B2,v0879-s1
v0880,put away,,phrasal verb,American phrasal verb core,return something to its proper place,phrasal verb,put away + noun,"Students put away the equipment after the lab, which gave the teacher clearer information for the following lesson.",put away + noun,"This taught use is separable. Put a pronoun between the verb and particle: “put it away,” not “put away it.”","put away means return something to its proper place. By contrast, give back means return something.",common in conversation; many uses also fit professional speech,"IPA (stress shown separately): /pʊt əweɪ/ Link the words smoothly; give the strongest phrase stress to “away.” For /w/, round the lips; do not touch the teeth.",teaching,B1-B2,v0880-s1
v0881,put back,,phrasal verb,American phrasal verb core,return something to its place or delay it,phrasal verb,put + noun + back,"After using the microscope, please put it back on the correct shelf, so the class could connect the idea to the next activity.",put + noun + back,"This taught use is separable. Put a pronoun between the verb and particle: “put it back,” not “put back it.”","put back means return something to its place or delay it. By contrast, give back means return something.",common in conversation; many uses also fit professional speech,"IPA (stress shown separately): /pʊt bæk/ Link the words smoothly; give the strongest phrase stress to “back.” For /b/, close both lips completely. Keep the final /k/ audible.",teaching,B1-B2,v0881-s1
v0882,put down,,phrasal verb,American phrasal verb core,write something or criticize someone,phrasal verb,put down + noun,"Put down your main idea before you begin the full paragraph, so the audience could understand the intended point without guessing.",put down + noun,"This taught use is separable. Put a pronoun between the verb and particle: “put it down,” not “put down it.”","put down means write something or criticize someone. By contrast, write up means prepare a complete written account.",common in conversation; many uses also fit professional speech,IPA (stress shown separately): /pʊt daʊn/ Link the words smoothly; give the strongest phrase stress to “down.” Keep the final /n/ audible.,writing,B2,v0882-s1
v0883,put forward,,phrasal verb,American phrasal verb core,propose an idea,phrasal verb,put forward + noun,"The committee put forward a revised schedule, so the group could make the next decision with clearer information.",put forward + noun,"This taught use is separable. Put a pronoun between the verb and particle: “put it forward,” not “put forward it.”","put forward means propose an idea. By contrast, get through means finish or survive something difficult.",common in conversation; many uses also fit professional speech,"IPA (stress shown separately): /pʊt fɔrwɚd/ Link the words smoothly; give the strongest phrase stress to “forward.” For /w/, round the lips; do not touch the teeth. Keep the final /d/ audible.",meetings,B1-B2,v0883-s1
v0884,put off,,phrasal verb,American phrasal verb core,delay something,phrasal verb,put off + noun,"Because the financial report would not be ready in time for a useful discussion, we had to put off the meeting until Friday.",put off + noun,"This taught use is separable. Put a pronoun between the verb and particle: “put it off,” not “put off it.”","put off means delay something. By contrast, call off means cancel an event or activity.",common in conversation; many uses also fit professional speech,IPA (stress shown separately): /pʊt ɔf/ Link the words smoothly; give the strongest phrase stress to “off.” Keep the final /f/ audible.,scheduling,B1-B2,v0884-s1
v0885,put on,,phrasal verb,American phrasal verb core,"wear, organize, or activate something",phrasal verb,put on + noun,"The drama club put on a performance for the community, which allowed the board to explain the decision more transparently.",put on + noun,"This taught use is separable. Put a pronoun between the verb and particle: “put it on,” not “put on it.”","put on means wear, organize, or activate something. By contrast, go without means manage without something.",common in conversation; many uses also fit professional speech,IPA (stress shown separately): /pʊt ɑn/ Link the words smoothly; give the strongest phrase stress to “on.” Keep the final /n/ audible.,events,B2,v0885-s1
v0886,put out,,phrasal verb,American phrasal verb core,"extinguish, publish, or inconvenience someone",phrasal verb,put out + noun,"The fire crew put out the flames within minutes, so everyone involved knew what would happen next.",put out + noun,"This taught use is separable. Put a pronoun between the verb and particle: “put it out,” not “put out it.”","put out means extinguish, publish, or inconvenience someone. By contrast, go without means manage without something.",common in conversation; many uses also fit professional speech,IPA (stress shown separately): /pʊt aʊt/ Link the words smoothly; give the strongest phrase stress to “out.” Keep the final /t/ audible.,events,B1-B2,v0886-s1
v0887,put together,,phrasal verb,American phrasal verb core,assemble or create something,phrasal verb,put together + noun,"The team put together a clear presentation for the school board, so the class could connect the idea to the next activity.",put together + noun,"This taught use is separable. Put a pronoun between the verb and particle: “put it together,” not “put together it.”","put together means assemble or create something. By contrast, set up means arrange, establish, or prepare something.",common in conversation; many uses also fit professional speech,IPA (stress shown separately): /pʊt təɡɛðɚ/ Link the words smoothly; give the strongest phrase stress to “together.”,projects,B1-B2,v0887-s1
v0888,put up,,phrasal verb,American phrasal verb core,display or provide temporary lodging,phrasal verb,put up + noun,"We put up new signs near the laboratory entrance, which gave the reviewers a clearer basis for evaluating the conclusion.",put up + noun,"This taught use is separable. Put a pronoun between the verb and particle: “put it up,” not “put up it.”","put up means display or provide temporary lodging. By contrast, put up with means tolerate something unpleasant.",common in conversation; many uses also fit professional speech,IPA (stress shown separately): /pʊt ʌp/ Link the words smoothly; give the strongest phrase stress to “up.” Keep the final /p/ audible.,workplace,B2,v0888-s1
v0889,put up with,,phrasal verb,American phrasal verb core,tolerate something unpleasant,phrasal verb,put up with + noun,"Employees should not have to put up with unsafe working conditions, which helped the manager assign the next responsibility accurately.",put up with + noun,Keep the word order shown in the pattern. Do not move the particle unless you have confirmed that this phrasal verb is separable.,"put up with means tolerate something unpleasant. By contrast, take over means gain control or responsibility.",common in conversation; many uses also fit professional speech,"IPA (stress shown separately): /pʊt ʌp wɪð/ Link the words smoothly; give the strongest phrase stress to “with.” For /w/, round the lips; do not touch the teeth. Keep /ɪ/ short and relaxed, as in sit. Keep the final /ð/ audible.",workplace,B1-B2,v0889-s1
v0890,reach out,,phrasal verb,American phrasal verb core,contact someone to offer or request help,phrasal verb,reach out to + person,"I reached out to the family to discuss additional support, so the audience could understand the intended point without guessing.",reach out to + person,Keep the word order shown in the pattern. Do not move the particle unless you have confirmed that this phrasal verb is separable.,"reach out means contact someone to offer or request help. By contrast, follow up means take additional action or seek more information.",common in conversation; many uses also fit professional speech,IPA (stress shown separately): /ritʃ aʊt/ Link the words smoothly; give the strongest phrase stress to “out.” Use a crisp /tʃ/ “ch” sound. Keep the final /t/ audible.,communication,B1-B2,v0890-s1
v0891,rule out,,phrasal verb,American phrasal verb core,eliminate a possibility,phrasal verb,rule out + noun,"The doctor ordered a test to rule out an infection, which gave the reviewers a clearer basis for evaluating the conclusion.",rule out + noun,"This taught use is separable. Put a pronoun between the verb and particle: “rule it out,” not “rule out it.”","rule out means eliminate a possibility. By contrast, call off means cancel an event or activity.",common in conversation; many uses also fit professional speech,IPA (stress shown separately): /rul aʊt/ Link the words smoothly; give the strongest phrase stress to “out.” Keep the final /t/ audible.,analysis,B2,v0891-s1
v0892,run across,,phrasal verb,American phrasal verb core,find unexpectedly,phrasal verb,run across + noun,I ran across an old lesson plan while cleaning my files.,run across + noun,Keep the word order shown in the pattern. Do not move the particle unless you have confirmed that this phrasal verb is separable.,"run across means find unexpectedly. By contrast, do without means manage without something.",common in conversation; many uses also fit professional speech,IPA (stress shown separately): /rʌn əkrɔs/ Link the words smoothly; give the strongest phrase stress to “across.” Keep the final /s/ audible.,daily life,B1-B2,v0892-s1
v0893,run into,,phrasal verb,American phrasal verb core,meet unexpectedly or encounter a problem,phrasal verb,run into + noun,"We ran into a technical problem during the demonstration, so the group could make the next decision with clearer information.",run into + noun,Keep the word order shown in the pattern. Do not move the particle unless you have confirmed that this phrasal verb is separable.,"run into means meet unexpectedly or encounter a problem. By contrast, deal with means handle a problem or situation.",common in conversation; many uses also fit professional speech,"IPA (stress shown separately): /rʌn ɪntu/ Link the words smoothly; give the strongest phrase stress to “into.” Keep /ɪ/ short and relaxed, as in sit.",problem-solving,B1-B2,v0893-s1
v0894,run out,,phrasal verb,American phrasal verb core,have no remaining supply,phrasal verb,run out,"The printer paper ran out during registration, which helped the manager assign the next responsibility accurately.",run out,"In this taught meaning, the verb is commonly used without a direct object. Add an object only when you know the required pattern.","run out means have no remaining supply. By contrast, put up with means tolerate something unpleasant.",common in conversation; many uses also fit professional speech,IPA (stress shown separately): /rʌn aʊt/ Link the words smoothly; give the strongest phrase stress to “out.” Keep the final /t/ audible.,workplace,B2,v0894-s1
v0895,run out of,,phrasal verb,American phrasal verb core,use all of a supply,phrasal verb,run out of + noun,"We ran out of time before discussing the final question, which helped the manager assign the next responsibility accurately.",run out of + noun,Keep the word order shown in the pattern. Do not move the particle unless you have confirmed that this phrasal verb is separable.,"run out of means use all of a supply. By contrast, put off means delay something.",common in conversation; many uses also fit professional speech,"IPA (stress shown separately): /rʌn aʊt ʌv/ Link the words smoothly; give the strongest phrase stress to “of.” For /v/, touch the upper teeth to the lower lip; do not replace it with /b/. Keep the final /v/ audible.",scheduling,B1-B2,v0895-s1
v0896,run over,,phrasal verb,American phrasal verb core,hit with a vehicle or review quickly,phrasal verb,run over + noun,Let’s run over the main points before the meeting starts.,run over + noun,"This taught use is separable. Put a pronoun between the verb and particle: “run it over,” not “run over it.”","run over means hit with a vehicle or review quickly. By contrast, go with means match or choose something.",common in conversation; many uses also fit professional speech,"IPA (stress shown separately): /rʌn oʊvɚ/ Link the words smoothly; give the strongest phrase stress to “over.” For /v/, touch the upper teeth to the lower lip; do not replace it with /b/.",communication,B1-B2,v0896-s1
v0897,run through,,phrasal verb,American phrasal verb core,practice or review from beginning to end,phrasal verb,run through + noun,"We ran through the presentation twice before the conference, which reduced the chance that readers would misinterpret the message.",run through + noun,"This taught use is separable. Put a pronoun between the verb and particle: “run it through,” not “run through it.”","run through means practice or review from beginning to end. By contrast, run across means find unexpectedly.",common in conversation; many uses also fit professional speech,IPA (stress shown separately): /rʌn θru/ Link the words smoothly; give the strongest phrase stress to “through.”,practice,B2,v0897-s1
v0898,set aside,,phrasal verb,American phrasal verb core,"reserve time, money, or resources",phrasal verb,set aside + noun,"The school set aside funds for laboratory repairs, which gave the teacher clearer information for the following lesson.",set aside + noun,"This taught use is separable. Put a pronoun between the verb and particle: “set it aside,” not “set aside it.”","set aside means reserve time, money, or resources. By contrast, phase in means introduce something gradually.",common in conversation; many uses also fit professional speech,"IPA (stress shown separately): /sɛt əsaɪd/ Link the words smoothly; give the strongest phrase stress to “aside.” Let /aɪ/ glide smoothly, as in my. Keep the final /d/ audible.",planning,B1-B2,v0898-s1
v0899,set back,,phrasal verb,American phrasal verb core,delay progress,phrasal verb,set + noun + back,"The equipment failure could set back the project by two weeks, so the group could make the next decision with clearer information.",set + noun + back,"This taught use is separable. Put a pronoun between the verb and particle: “set it back,” not “set back it.”","set back means delay progress. By contrast, put together means assemble or create something.",common in conversation; many uses also fit professional speech,"IPA (stress shown separately): /sɛt bæk/ Link the words smoothly; give the strongest phrase stress to “back.” For /b/, close both lips completely. Keep the final /k/ audible.",projects,B1-B2,v0899-s1
v0900,set off,,phrasal verb,American phrasal verb core,begin a journey or cause something to start,phrasal verb,set off,"The hikers set off before sunrise, which gave the group enough daylight to complete the route safely.",set off,"In this taught meaning, the verb is commonly used without a direct object. Add an object only when you know the required pattern.","set off means begin a journey or cause something to start. By contrast, get in means enter or arrive.",common in conversation; many uses also fit professional speech,IPA (stress shown separately): /sɛt ɔf/ Link the words smoothly; give the strongest phrase stress to “off.” Keep the final /f/ audible.,travel,B2,v0900-s1
v0901,set out,,phrasal verb,American phrasal verb core,begin with a goal or explain systematically,phrasal verb,set out + noun,"Because readers needed to understand the rationale before the vote, the report sets out the reasons for the policy change.",set out + noun,Keep the word order shown in the pattern. Do not move the particle unless you have confirmed that this phrasal verb is separable.,"set out means begin with a goal or explain systematically. By contrast, put down means write something or criticize someone.",common in conversation; many uses also fit professional speech,IPA (stress shown separately): /sɛt aʊt/ Link the words smoothly; give the strongest phrase stress to “out.” Keep the final /t/ audible.,writing,B1-B2,v0901-s1
v0902,set up,,phrasal verb,American phrasal verb core,"arrange, establish, or prepare something",phrasal verb,set up + noun,"We set up the experiment before the students arrived, so the class could connect the idea to the next activity.",set up + noun,"This taught use is separable. Put a pronoun between the verb and particle: “set it up,” not “set up it.”","set up means arrange, establish, or prepare something. By contrast, build up means increase or develop gradually.",common in conversation; many uses also fit professional speech,IPA (stress shown separately): /sɛt ʌp/ Link the words smoothly; give the strongest phrase stress to “up.” Keep the final /p/ audible.,STEM,B1-B2,v0902-s1
v0903,show around,,phrasal verb,American phrasal verb core,give someone a tour,phrasal verb,show + person + around,"During orientation, the student ambassador offered to show the visiting family around the school, so the class could connect the idea to the next activity.",show + person + around,"This taught use is separable. Put a pronoun between the verb and particle: “show them around,” not “show around them.”","show around means give someone a tour. By contrast, hang out means spend relaxed social time.",common in conversation; many uses also fit professional speech,IPA (stress shown separately): /ʃoʊ ɚaʊnd/ Link the words smoothly; give the strongest phrase stress to “around.” Use a clear /ʃ/ “sh” sound. Keep the final /d/ audible.,social,B2,v0903-s1
v0904,show off,,phrasal verb,American phrasal verb core,display ability or possessions proudly,phrasal verb,show off + noun,"The app lets students show off projects they created, which gave the teacher clearer information for the following lesson.",show off + noun,Keep the word order shown in the pattern. Do not move the particle unless you have confirmed that this phrasal verb is separable.,"show off means display ability or possessions proudly. By contrast, hang out means spend relaxed social time.",common in conversation; many uses also fit professional speech,IPA (stress shown separately): /ʃoʊ ɔf/ Link the words smoothly; give the strongest phrase stress to “off.” Use a clear /ʃ/ “sh” sound. Keep the final /f/ audible.,social,B1-B2,v0904-s1
v0905,show up,,phrasal verb,American phrasal verb core,arrive or become visible,phrasal verb,show up,"Nearly every family showed up for the open house, which helped the group avoid a preventable misunderstanding.",show up,"In this taught meaning, the verb is commonly used without a direct object. Add an object only when you know the required pattern.","show up means arrive or become visible. By contrast, fill up means make or become full.",common in conversation; many uses also fit professional speech,IPA (stress shown separately): /ʃoʊ ʌp/ Link the words smoothly; give the strongest phrase stress to “up.” Use a clear /ʃ/ “sh” sound. Keep the final /p/ audible.,events,B1-B2,v0905-s1
v0906,shut down,,phrasal verb,American phrasal verb core,"stop a system, business, or activity",phrasal verb,shut down + noun,"The district shut down the server for scheduled maintenance, so the class could connect the idea to the next activity.",shut down + noun,"This taught use is separable. Put a pronoun between the verb and particle: “shut it down,” not “shut down it.”","shut down means stop a system, business, or activity. By contrast, keep up with means remain at the same level as someone or something.",common in conversation; many uses also fit professional speech,IPA (stress shown separately): /ʃʌt daʊn/ Link the words smoothly; give the strongest phrase stress to “down.” Use a clear /ʃ/ “sh” sound. Keep the final /n/ audible.,technology,B2,v0906-s1
v0907,shut off,,phrasal verb,American phrasal verb core,stop a machine or supply,phrasal verb,shut off + noun,"Shut off the power before repairing the device, so the people affected could understand the practical consequence.",shut off + noun,"This taught use is separable. Put a pronoun between the verb and particle: “shut it off,” not “shut off it.”","shut off means stop a machine or supply. By contrast, turn off means stop a device or make someone lose interest.",common in conversation; many uses also fit professional speech,IPA (stress shown separately): /ʃʌt ɔf/ Link the words smoothly; give the strongest phrase stress to “off.” Use a clear /ʃ/ “sh” sound. Keep the final /f/ audible.,safety,B1-B2,v0907-s1
v0908,shut up,,phrasal verb,American phrasal verb core,stop talking; often sounds rude,phrasal verb,shut up,"“Shut up” can sound harsh, so Americans often say “Could you lower your voice?” instead.",shut up,"In this taught meaning, the verb is commonly used without a direct object. Add an object only when you know the required pattern.","shut up means stop talking; often sounds rude. By contrast, dress up means wear more formal or special clothes.",mainly conversational,IPA (stress shown separately): /ʃʌt ʌp/ Link the words smoothly; give the strongest phrase stress to “up.” Use a clear /ʃ/ “sh” sound. Keep the final /p/ audible.,culture,B1-B2,v0908-s1
v0909,sign in,,phrasal verb,American phrasal verb core,record your arrival,phrasal verb,sign in,"Visitors must sign in at the main office, so the group could make the next decision with clearer information.",sign in,"In this taught meaning, the verb is commonly used without a direct object. Add an object only when you know the required pattern.","sign in means record your arrival. By contrast, sign off means formally approve or end a message.",common in conversation; many uses also fit professional speech,"IPA (stress shown separately): /saɪn ɪn/ Link the words smoothly; give the strongest phrase stress to “in.” Keep /ɪ/ short and relaxed, as in sit. Let /aɪ/ glide smoothly, as in my. Keep the final /n/ audible.",workplace,B2,v0909-s1
v0910,sign up,,phrasal verb,American phrasal verb core,register to participate,phrasal verb,sign up for + noun,"I signed up for a weekend pronunciation workshop, which gave the teacher clearer information for the following lesson.",sign up for + noun,Keep the word order shown in the pattern. Do not move the particle unless you have confirmed that this phrasal verb is separable.,"sign up means register to participate. By contrast, make up for means compensate for something.",common in conversation; many uses also fit professional speech,"IPA (stress shown separately): /saɪn ʌp/ Link the words smoothly; give the strongest phrase stress to “up.” Let /aɪ/ glide smoothly, as in my. Keep the final /p/ audible.",learning,B1-B2,v0910-s1
v0911,sign off,,phrasal verb,American phrasal verb core,formally approve or end a message,phrasal verb,sign off on + noun,"The principal must sign off on the final budget, which allowed leaders to direct limited resources toward the highest-priority work.",sign off on + noun,Keep the word order shown in the pattern. Do not move the particle unless you have confirmed that this phrasal verb is separable.,"sign off means formally approve or end a message. By contrast, sign in means record your arrival.",common in conversation; many uses also fit professional speech,"IPA (stress shown separately): /saɪn ɔf/ Link the words smoothly; give the strongest phrase stress to “off.” Let /aɪ/ glide smoothly, as in my. Keep the final /f/ audible.",workplace,B1-B2,v0911-s1
v0912,sit down,,phrasal verb,American phrasal verb core,take a seat or meet for a serious discussion,phrasal verb,sit down,"We should sit down and discuss the workload before next semester, which reduced the chance that readers would misinterpret the message.",sit down,"In this taught meaning, the verb is commonly used without a direct object. Add an object only when you know the required pattern.","sit down means take a seat or meet for a serious discussion. By contrast, weigh in means offer an opinion or advice during a discussion.",common in conversation; many uses also fit professional speech,"IPA (stress shown separately): /sɪt daʊn/ Link the words smoothly; give the strongest phrase stress to “down.” Keep /ɪ/ short and relaxed, as in sit. Keep the final /n/ audible.",communication,B2,v0912-s1
v0913,sit in,,phrasal verb,American phrasal verb core,attend as an observer or temporarily replace someone,phrasal verb,sit in on + noun,I sat in on the curriculum meeting to learn how decisions were made.,sit in on + noun,Keep the word order shown in the pattern. Do not move the particle unless you have confirmed that this phrasal verb is separable.,"sit in means attend as an observer or temporarily replace someone. By contrast, fill in means complete missing information or temporarily replace someone.",common in conversation; many uses also fit professional speech,"IPA (stress shown separately): /sɪt ɪn/ Link the words smoothly; give the strongest phrase stress to “in.” Keep /ɪ/ short and relaxed, as in sit. Keep the final /n/ audible.",workplace,B1-B2,v0913-s1
v0914,sit through,,phrasal verb,American phrasal verb core,remain until a long or unpleasant event ends,phrasal verb,sit through + noun,"The audience sat through a two-hour presentation without a break, so the audience could understand the intended point without guessing.",sit through + noun,Keep the word order shown in the pattern. Do not move the particle unless you have confirmed that this phrasal verb is separable.,"sit through means remain until a long or unpleasant event ends. By contrast, go without means manage without something.",common in conversation; many uses also fit professional speech,"IPA (stress shown separately): /sɪt θru/ Link the words smoothly; give the strongest phrase stress to “through.” Keep /ɪ/ short and relaxed, as in sit.",events,B1-B2,v0914-s1
v0915,slow down,,phrasal verb,American phrasal verb core,reduce speed or rate,phrasal verb,slow down,"Slow down slightly so your final consonants remain clear, which gave the teacher clearer information for the following lesson.",slow down,"This taught use is separable. Put a pronoun between the verb and particle: “slow it down,” not “slow down it.”","slow down means reduce speed or rate. By contrast, keep up means continue at the same rate.",common in conversation; many uses also fit professional speech,IPA (stress shown separately): /sloʊ daʊn/ Link the words smoothly; give the strongest phrase stress to “down.” Keep the final /n/ audible.,pronunciation,B2,v0915-s1
v0916,sort out,,phrasal verb,American phrasal verb core,organize or solve something,phrasal verb,sort out + noun,"We need to sort out the scheduling conflict today, which required the team to adjust the schedule without losing the original priority.",sort out + noun,"This taught use is separable. Put a pronoun between the verb and particle: “sort it out,” not “sort out it.”","sort out means organize or solve something. By contrast, work out means solve, calculate, exercise, or develop successfully.",common in conversation; many uses also fit professional speech,IPA (stress shown separately): /sɔrt aʊt/ Link the words smoothly; give the strongest phrase stress to “out.” Keep the final /t/ audible.,problem-solving,B1-B2,v0916-s1
v0917,speak up,,phrasal verb,American phrasal verb core,talk more loudly or express an opinion,phrasal verb,speak up,"Please speak up so everyone in the back can hear you, which reduced the chance that readers would misinterpret the message.",speak up,"In this taught meaning, the verb is commonly used without a direct object. Add an object only when you know the required pattern.","speak up means talk more loudly or express an opinion. By contrast, talk through means explain a process step by step.",common in conversation; many uses also fit professional speech,IPA (stress shown separately): /spik ʌp/ Link the words smoothly; give the strongest phrase stress to “up.” Keep the final /p/ audible.,communication,B1-B2,v0917-s1
v0918,stand by,,phrasal verb,American phrasal verb core,remain ready or continue supporting someone,phrasal verb,stand by,"Technical support will stand by during the online exam, which helped the manager assign the next responsibility accurately.",stand by,"In this taught meaning, the verb is commonly used without a direct object. Add an object only when you know the required pattern.","stand by means remain ready or continue supporting someone. By contrast, carry over means continue from one period or situation to another.",common in conversation; many uses also fit professional speech,"IPA (stress shown separately): /stænd baɪ/ Link the words smoothly; give the strongest phrase stress to “by.” For /b/, close both lips completely. Let /aɪ/ glide smoothly, as in my.",workplace,B2,v0918-s1
v0919,stand for,,phrasal verb,American phrasal verb core,represent or mean something,phrasal verb,stand for + noun,"STEM stands for science, technology, engineering, and mathematics, which gave the teacher clearer information for the following lesson.",stand for + noun,Keep the word order shown in the pattern. Do not move the particle unless you have confirmed that this phrasal verb is separable.,"stand for means represent or mean something. By contrast, get into means become interested or involved in something.",common in conversation; many uses also fit professional speech,IPA (stress shown separately): /stænd fɔr/ Link the words smoothly; give the strongest phrase stress to “for.” Keep the final /r/ audible.,education,B1-B2,v0919-s1
v0920,stand out,,phrasal verb,American phrasal verb core,be noticeably different or impressive,phrasal verb,stand out,"Her clear explanation made her application stand out, which helped the manager assign the next responsibility accurately.",stand out,"In this taught meaning, the verb is commonly used without a direct object. Add an object only when you know the required pattern.","stand out means be noticeably different or impressive. By contrast, go after means try to obtain or pursue something.",common in conversation; many uses also fit professional speech,IPA (stress shown separately): /stænd aʊt/ Link the words smoothly; give the strongest phrase stress to “out.” Keep the final /t/ audible.,career,B1-B2,v0920-s1
v0921,stand up for,,phrasal verb,American phrasal verb core,defend a person or principle,phrasal verb,stand up for + noun,"Good leaders stand up for employees who raise legitimate concerns, which helped the manager assign the next responsibility accurately.",stand up for + noun,Keep the word order shown in the pattern. Do not move the particle unless you have confirmed that this phrasal verb is separable.,"stand up for means defend a person or principle. By contrast, turn around means change direction or improve a bad situation.",common in conversation; many uses also fit professional speech,IPA (stress shown separately): /stænd ʌp fɔr/ Link the words smoothly; give the strongest phrase stress to “for.” Keep the final /r/ audible.,leadership,B2,v0921-s1
v0922,start over,,phrasal verb,American phrasal verb core,begin again from the beginning,phrasal verb,start over,"The file was corrupted, so I had to start over.",start over,"In this taught meaning, the verb is commonly used without a direct object. Add an object only when you know the required pattern.","start over means begin again from the beginning. By contrast, turn on means start a device.",common in conversation; many uses also fit professional speech,"IPA (stress shown separately): /stɑrt oʊvɚ/ Link the words smoothly; give the strongest phrase stress to “over.” For /v/, touch the upper teeth to the lower lip; do not replace it with /b/.",technology,B1-B2,v0922-s1
v0923,step down,,phrasal verb,American phrasal verb core,leave an important position,phrasal verb,step down,"The committee chair stepped down at the end of the year, so the group could make the next decision with clearer information.",step down,"In this taught meaning, the verb is commonly used without a direct object. Add an object only when you know the required pattern.","step down means leave an important position. By contrast, put up with means tolerate something unpleasant.",common in conversation; many uses also fit professional speech,IPA (stress shown separately): /stɛp daʊn/ Link the words smoothly; give the strongest phrase stress to “down.” Keep the final /n/ audible.,workplace,B1-B2,v0923-s1
v0924,step in,,phrasal verb,American phrasal verb core,become involved to help or control a situation,phrasal verb,step in,"The counselor stepped in before the disagreement became serious, so the group could make the next decision with clearer information.",step in,"In this taught meaning, the verb is commonly used without a direct object. Add an object only when you know the required pattern.","step in means become involved to help or control a situation. By contrast, deal with means handle a problem or situation.",common in conversation; many uses also fit professional speech,"IPA (stress shown separately): /stɛp ɪn/ Link the words smoothly; give the strongest phrase stress to “in.” Keep /ɪ/ short and relaxed, as in sit. Keep the final /n/ audible.",problem-solving,B2,v0924-s1
v0925,step up,,phrasal verb,American phrasal verb core,increase effort or accept more responsibility,phrasal verb,step up,"Several teachers stepped up to organize the event, which gave the teacher clearer information for the following lesson.",step up,"In this taught meaning, the verb is commonly used without a direct object. Add an object only when you know the required pattern.","step up means increase effort or accept more responsibility. By contrast, stand up for means defend a person or principle.",common in conversation; many uses also fit professional speech,IPA (stress shown separately): /stɛp ʌp/ Link the words smoothly; give the strongest phrase stress to “up.” Keep the final /p/ audible.,leadership,B1-B2,v0925-s1
v0926,stick to,,phrasal verb,American phrasal verb core,"continue following a plan, rule, or topic",phrasal verb,stick to + noun,"Let’s stick to the agenda so we finish on time, which helped the manager assign the next responsibility accurately.",stick to + noun,Keep the word order shown in the pattern. Do not move the particle unless you have confirmed that this phrasal verb is separable.,"stick to means continue following a plan, rule, or topic. By contrast, move on means continue to the next topic or stage.",common in conversation; many uses also fit professional speech,"IPA (stress shown separately): /stɪk tu/ Link the words smoothly; give the strongest phrase stress to “to.” Keep /ɪ/ short and relaxed, as in sit.",meetings,B1-B2,v0926-s1
v0927,stick with,,phrasal verb,American phrasal verb core,continue using or supporting something,phrasal verb,stick with + noun,"We decided to stick with the original schedule, so the group could make the next decision with clearer information.",stick with + noun,Keep the word order shown in the pattern. Do not move the particle unless you have confirmed that this phrasal verb is separable.,"stick with means continue using or supporting something. By contrast, go for means choose or try to obtain something.",common in conversation; many uses also fit professional speech,"IPA (stress shown separately): /stɪk wɪð/ Link the words smoothly; give the strongest phrase stress to “with.” For /w/, round the lips; do not touch the teeth. Keep /ɪ/ short and relaxed, as in sit. Keep the final /ð/ audible.",decision-making,B2,v0927-s1
v0928,take after,,phrasal verb,American phrasal verb core,resemble an older family member,phrasal verb,take after + person,"She takes after her mother in both appearance and personality, which helped the group avoid a preventable misunderstanding.",take after + person,Keep the word order shown in the pattern. Do not move the particle unless you have confirmed that this phrasal verb is separable.,"take after means resemble an older family member. By contrast, get along means have a friendly relationship.",common in conversation; many uses also fit professional speech,IPA (stress shown separately): /teɪk æftɚ/ Link the words smoothly; give the strongest phrase stress to “after.”,relationships,B1-B2,v0928-s1
v0929,take apart,,phrasal verb,American phrasal verb core,separate something into pieces,phrasal verb,take apart + noun,"Students had to take apart the motor to examine its components, which gave the teacher clearer information for the following lesson.",take apart + noun,"This taught use is separable. Put a pronoun between the verb and particle: “take it apart,” not “take apart it.”","take apart means separate something into pieces. By contrast, take on means accept responsibility or a challenge.",common in conversation; many uses also fit professional speech,IPA (stress shown separately): /teɪk əpɑrt/ Link the words smoothly; give the strongest phrase stress to “apart.” Keep the final /t/ audible.,STEM,B1-B2,v0929-s1
v0930,take away,,phrasal verb,American phrasal verb core,remove or learn an important message,phrasal verb,take away + noun,"The main idea I took away from the workshop was to practice retrieval, so the class could connect the idea to the next activity.",take away + noun,"This taught use is separable. Put a pronoun between the verb and particle: “take it away,” not “take away it.”","take away means remove or learn an important message. By contrast, pick up means collect, learn informally, or improve.",common in conversation; many uses also fit professional speech,"IPA (stress shown separately): /teɪk əweɪ/ Link the words smoothly; give the strongest phrase stress to “away.” For /w/, round the lips; do not touch the teeth.",learning,B2,v0930-s1
v0931,take back,,phrasal verb,American phrasal verb core,return something or admit a statement was wrong,phrasal verb,take back + noun,I take back what I said; the revised data support your conclusion.,take back + noun,"This taught use is separable. Put a pronoun between the verb and particle: “take it back,” not “take back it.”","take back means return something or admit a statement was wrong. By contrast, come back means return.",common in conversation; many uses also fit professional speech,"IPA (stress shown separately): /teɪk bæk/ Link the words smoothly; give the strongest phrase stress to “back.” For /b/, close both lips completely. Keep the final /k/ audible.",communication,B1-B2,v0931-s1
v0932,take down,,phrasal verb,American phrasal verb core,"write, remove, or dismantle something",phrasal verb,take down + noun,Please take down the measurements while your partner runs the test.,take down + noun,"This taught use is separable. Put a pronoun between the verb and particle: “take it down,” not “take down it.”","take down means write, remove, or dismantle something. By contrast, do over means do something again.",common in conversation; many uses also fit professional speech,IPA (stress shown separately): /teɪk daʊn/ Link the words smoothly; give the strongest phrase stress to “down.” Keep the final /n/ audible.,STEM,B1-B2,v0932-s1
v0933,take in,,phrasal verb,American phrasal verb core,"understand, absorb, or provide lodging",phrasal verb,take in + noun,"It was difficult to take in all the information during one lecture, which gave the teacher clearer information for the following lesson.",take in + noun,"This taught use is separable. Put a pronoun between the verb and particle: “take it in,” not “take in it.”","take in means understand, absorb, or provide lodging. By contrast, take on means accept responsibility or a challenge.",common in conversation; many uses also fit professional speech,"IPA (stress shown separately): /teɪk ɪn/ Link the words smoothly; give the strongest phrase stress to “in.” Keep /ɪ/ short and relaxed, as in sit. Keep the final /n/ audible.",learning,B2,v0933-s1
v0934,take off,,phrasal verb,American phrasal verb core,"leave the ground, remove clothing, or become successful",phrasal verb,take off,"The plane took off on time despite the rain, which helped the group avoid a preventable misunderstanding.",take off,"This taught use is separable. Put a pronoun between the verb and particle: “take it off,” not “take off it.”","take off means leave the ground, remove clothing, or become successful. By contrast, get in means enter or arrive.",common in conversation; many uses also fit professional speech,IPA (stress shown separately): /teɪk ɔf/ Link the words smoothly; give the strongest phrase stress to “off.” Keep the final /f/ audible.,travel,B1-B2,v0934-s1
v0935,take on,,phrasal verb,American phrasal verb core,accept responsibility or a challenge,phrasal verb,take on + noun,"She took on an additional class during the spring semester, which gave the teacher clearer information for the following lesson.",take on + noun,"This taught use is separable. Put a pronoun between the verb and particle: “take it on,” not “take on it.”","take on means accept responsibility or a challenge. By contrast, take over means gain control or responsibility.",common in conversation; many uses also fit professional speech,IPA (stress shown separately): /teɪk ɑn/ Link the words smoothly; give the strongest phrase stress to “on.” Keep the final /n/ audible.,workplace,B1-B2,v0935-s1
v0936,take out,,phrasal verb,American phrasal verb core,"remove, invite socially, or obtain officially",phrasal verb,take out + noun,"He took out a loan to pay for the training program, which allowed the board to explain the decision more transparently.",take out + noun,"This taught use is separable. Put a pronoun between the verb and particle: “take it out,” not “take out it.”","take out means remove, invite socially, or obtain officially. By contrast, pay back means return borrowed money or repay a favor.",common in conversation; many uses also fit professional speech,IPA (stress shown separately): /teɪk aʊt/ Link the words smoothly; give the strongest phrase stress to “out.” Keep the final /t/ audible.,financial,B2,v0936-s1
v0937,take over,,phrasal verb,American phrasal verb core,gain control or responsibility,phrasal verb,take over + noun,"A new company took over management of the building, which helped the manager assign the next responsibility accurately.",take over + noun,"This taught use is separable. Put a pronoun between the verb and particle: “take it over,” not “take over it.”","take over means gain control or responsibility. By contrast, take on means accept responsibility or a challenge.",common in conversation; many uses also fit professional speech,"IPA (stress shown separately): /teɪk oʊvɚ/ Link the words smoothly; give the strongest phrase stress to “over.” For /v/, touch the upper teeth to the lower lip; do not replace it with /b/.",workplace,B1-B2,v0937-s1
v0938,take up,,phrasal verb,American phrasal verb core,begin an activity or occupy time or space,phrasal verb,take up + noun,"The discussion took up most of the meeting, which helped the manager assign the next responsibility accurately.",take up + noun,"This taught use is separable. Put a pronoun between the verb and particle: “take it up,” not “take up it.”","take up means begin an activity or occupy time or space. By contrast, take on means accept responsibility or a challenge.",common in conversation; many uses also fit professional speech,IPA (stress shown separately): /teɪk ʌp/ Link the words smoothly; give the strongest phrase stress to “up.” Keep the final /p/ audible.,meetings,B1-B2,v0938-s1
v0939,talk over,,phrasal verb,American phrasal verb core,discuss before deciding,phrasal verb,talk + noun + over,"Let us talk over the options before choosing a vendor, which helped the manager assign the next responsibility accurately.",talk + noun + over,"This taught use is separable. Put a pronoun between the verb and particle: “talk it over,” not “talk over it.”","talk over means discuss before deciding. By contrast, think over means consider carefully before deciding.",common in conversation; many uses also fit professional speech,"IPA (stress shown separately): /tɔk oʊvɚ/ Link the words smoothly; give the strongest phrase stress to “over.” For /v/, touch the upper teeth to the lower lip; do not replace it with /b/.",decision-making,B2,v0939-s1
v0940,talk through,,phrasal verb,American phrasal verb core,explain a process step by step,phrasal verb,talk + person + through + noun,"Because the new system affects every course, could you talk through the grading process with me, so that I can explain it accurately to students?",talk + person + through + noun,"This taught use is separable. Put a pronoun between the verb and particle: “talk them through,” not “talk through them.”","talk through means explain a process step by step. By contrast, walk through means guide someone step by step.",common in conversation; many uses also fit professional speech,IPA (stress shown separately): /tɔk θru/ Link the words smoothly; give the strongest phrase stress to “through.”,communication,B1-B2,v0940-s1
v0941,think over,,phrasal verb,American phrasal verb core,consider carefully before deciding,phrasal verb,think + noun + over,"Please think over the proposal before tomorrow's vote, which helped the manager assign the next responsibility accurately.",think + noun + over,"This taught use is separable. Put a pronoun between the verb and particle: “think it over,” not “think over it.”","think over means consider carefully before deciding. By contrast, talk over means discuss before deciding.",common in conversation; many uses also fit professional speech,"IPA (stress shown separately): /θɪŋk oʊvɚ/ Link the words smoothly; give the strongest phrase stress to “over.” For /v/, touch the upper teeth to the lower lip; do not replace it with /b/. Keep /ɪ/ short and relaxed, as in sit.",decision-making,B1-B2,v0941-s1
v0942,think through,,phrasal verb,American phrasal verb core,consider all stages and consequences,phrasal verb,think through + noun,We need to think through how the change will affect families.,think through + noun,"This taught use is separable. Put a pronoun between the verb and particle: “think it through,” not “think through it.”","think through means consider all stages and consequences. By contrast, look ahead means think about the future.",common in conversation; many uses also fit professional speech,"IPA (stress shown separately): /θɪŋk θru/ Link the words smoothly; give the strongest phrase stress to “through.” Keep /ɪ/ short and relaxed, as in sit.",planning,B2,v0942-s1
v0943,throw away,,phrasal verb,American phrasal verb core,discard something,phrasal verb,throw away + noun,"Do not throw away the original data sheets, so the team could interpret the evidence with less uncertainty.",throw away + noun,"This taught use is separable. Put a pronoun between the verb and particle: “throw it away,” not “throw away it.”","throw away means discard something. By contrast, do over means do something again.",common in conversation; many uses also fit professional speech,"IPA (stress shown separately): /θroʊ əweɪ/ Link the words smoothly; give the strongest phrase stress to “away.” For /w/, round the lips; do not touch the teeth.",STEM,B1-B2,v0943-s1
v0944,throw out,,phrasal verb,American phrasal verb core,discard or reject something,phrasal verb,throw out + noun,The judge threw out the case because key evidence was missing.,throw out + noun,"This taught use is separable. Put a pronoun between the verb and particle: “throw it out,” not “throw out it.”","throw out means discard or reject something. By contrast, let off means excuse someone from punishment or release something.",common in conversation; many uses also fit professional speech,IPA (stress shown separately): /θroʊ aʊt/ Link the words smoothly; give the strongest phrase stress to “out.” Keep the final /t/ audible.,law,B1-B2,v0944-s1
v0945,track down,,phrasal verb,American phrasal verb core,find someone or something after searching,phrasal verb,track down + noun,"The technician tracked down the source of the error, so the group could make the next decision with clearer information.",track down + noun,"This taught use is separable. Put a pronoun between the verb and particle: “track it down,” not “track down it.”","track down means find someone or something after searching. By contrast, look into means investigate something.",common in conversation; many uses also fit professional speech,IPA (stress shown separately): /træk daʊn/ Link the words smoothly; give the strongest phrase stress to “down.” Keep the final /n/ audible.,problem-solving,B2,v0945-s1
v0946,try on,,phrasal verb,American phrasal verb core,put on clothing to test the fit,phrasal verb,try on + noun,"She tried on three jackets before choosing one, which helped the group avoid a preventable misunderstanding.",try on + noun,"This taught use is separable. Put a pronoun between the verb and particle: “try it on,” not “try on it.”","try on means put on clothing to test the fit. By contrast, try out means test something to see how well it works.",common in conversation; many uses also fit professional speech,"IPA (stress shown separately): /traɪ ɑn/ Link the words smoothly; give the strongest phrase stress to “on.” Let /aɪ/ glide smoothly, as in my. Keep the final /n/ audible.",shopping,B1-B2,v0946-s1
v0947,try out,,phrasal verb,American phrasal verb core,test something to see how well it works,phrasal verb,try out + noun,"We tried out the new simulation with one class first, which gave the teacher clearer information for the following lesson.",try out + noun,"This taught use is separable. Put a pronoun between the verb and particle: “try it out,” not “try out it.”","try out means test something to see how well it works. By contrast, keep up with means remain at the same level as someone or something.",common in conversation; many uses also fit professional speech,"IPA (stress shown separately): /traɪ aʊt/ Link the words smoothly; give the strongest phrase stress to “out.” Let /aɪ/ glide smoothly, as in my. Keep the final /t/ audible.",technology,B1-B2,v0947-s1
v0948,turn around,,phrasal verb,American phrasal verb core,change direction or improve a bad situation,phrasal verb,turn + noun + around,"The new principal helped turn around the school within two years, so the class could connect the idea to the next activity.",turn + noun + around,"This taught use is separable. Put a pronoun between the verb and particle: “turn it around,” not “turn around it.”","turn around means change direction or improve a bad situation. By contrast, stand up for means defend a person or principle.",common in conversation; many uses also fit professional speech,IPA (stress shown separately): /tɝn ɚaʊnd/ Link the words smoothly; give the strongest phrase stress to “around.” Keep the final /d/ audible.,leadership,B2,v0948-s1
v0949,turn down,,phrasal verb,American phrasal verb core,reject or reduce volume or heat,phrasal verb,turn down + noun,"The candidate turned down the job offer, which helped the manager assign the next responsibility accurately.",turn down + noun,"This taught use is separable. Put a pronoun between the verb and particle: “turn it down,” not “turn down it.”","turn down means reject or reduce volume or heat. By contrast, turn up means arrive unexpectedly or increase a setting.",common in conversation; many uses also fit professional speech,IPA (stress shown separately): /tɝn daʊn/ Link the words smoothly; give the strongest phrase stress to “down.” Keep the final /n/ audible.,decision-making,B1-B2,v0949-s1
v0950,turn in,,phrasal verb,American phrasal verb core,submit something or go to bed,phrasal verb,turn in + noun,"Please turn in your assignment before midnight, so the class could connect the idea to the next activity.",turn in + noun,"This taught use is separable. Put a pronoun between the verb and particle: “turn it in,” not “turn in it.”","turn in means submit something or go to bed. By contrast, turn down means reject or reduce volume or heat.",common in conversation; many uses also fit professional speech,"IPA (stress shown separately): /tɝn ɪn/ Link the words smoothly; give the strongest phrase stress to “in.” Keep /ɪ/ short and relaxed, as in sit. Keep the final /n/ audible.",education,B1-B2,v0950-s1
v0951,turn into,,phrasal verb,American phrasal verb core,change from one thing to another,phrasal verb,turn into + noun,"The small discussion turned into a major debate, so the audience could understand the intended point without guessing.",turn into + noun,Keep the word order shown in the pattern. Do not move the particle unless you have confirmed that this phrasal verb is separable.,"turn into means change from one thing to another. By contrast, go up means increase.",common in conversation; many uses also fit professional speech,"IPA (stress shown separately): /tɝn ɪntu/ Link the words smoothly; give the strongest phrase stress to “into.” Keep /ɪ/ short and relaxed, as in sit.",change,B2,v0951-s1
v0952,turn off,,phrasal verb,American phrasal verb core,stop a device or make someone lose interest,phrasal verb,turn off + noun,"Turn off the equipment before leaving the lab, so the people affected could understand the practical consequence.",turn off + noun,"This taught use is separable. Put a pronoun between the verb and particle: “turn it off,” not “turn off it.”","turn off means stop a device or make someone lose interest. By contrast, shut off means stop a machine or supply.",common in conversation; many uses also fit professional speech,IPA (stress shown separately): /tɝn ɔf/ Link the words smoothly; give the strongest phrase stress to “off.” Keep the final /f/ audible.,safety,B1-B2,v0952-s1
v0953,turn on,,phrasal verb,American phrasal verb core,start a device,phrasal verb,turn on + noun,"Turn on the projector while I distribute the handouts, so the team could interpret the evidence with less uncertainty.",turn on + noun,"This taught use is separable. Put a pronoun between the verb and particle: “turn it on,” not “turn on it.”","turn on means start a device. By contrast, start over means begin again from the beginning.",common in conversation; many uses also fit professional speech,IPA (stress shown separately): /tɝn ɑn/ Link the words smoothly; give the strongest phrase stress to “on.” Keep the final /n/ audible.,technology,B1-B2,v0953-s1
v0954,turn out,,phrasal verb,American phrasal verb core,develop in a particular way or attend an event,phrasal verb,turn out,"The experiment turned out better than we expected, which gave the reviewers a clearer basis for evaluating the conclusion.",turn out,"In this taught meaning, the verb is commonly used without a direct object. Add an object only when you know the required pattern.","turn out means develop in a particular way or attend an event. By contrast, turn down means reject or reduce volume or heat.",common in conversation; many uses also fit professional speech,IPA (stress shown separately): /tɝn aʊt/ Link the words smoothly; give the strongest phrase stress to “out.” Keep the final /t/ audible.,results,B2,v0954-s1
v0955,turn over,,phrasal verb,American phrasal verb core,transfer control or rotate something,phrasal verb,turn + noun + over,"The director decided to turn over the project to a new team, which helped the manager assign the next responsibility accurately.",turn + noun + over,"This taught use is separable. Put a pronoun between the verb and particle: “turn it over,” not “turn over it.”","turn over means transfer control or rotate something. By contrast, turn down means reject or reduce volume or heat.",common in conversation; many uses also fit professional speech,"IPA (stress shown separately): /tɝn oʊvɚ/ Link the words smoothly; give the strongest phrase stress to “over.” For /v/, touch the upper teeth to the lower lip; do not replace it with /b/.",workplace,B1-B2,v0955-s1
v0956,turn up,,phrasal verb,American phrasal verb core,arrive unexpectedly or increase a setting,phrasal verb,turn up,"A missing document turned up in the shared folder, which helped the manager assign the next responsibility accurately.",turn up,"This taught use is separable. Put a pronoun between the verb and particle: “turn it up,” not “turn up it.”","turn up means arrive unexpectedly or increase a setting. By contrast, turn down means reject or reduce volume or heat.",common in conversation; many uses also fit professional speech,IPA (stress shown separately): /tɝn ʌp/ Link the words smoothly; give the strongest phrase stress to “up.” Keep the final /p/ audible.,workplace,B1-B2,v0956-s1
v0957,use up,,phrasal verb,American phrasal verb core,consume all of something,phrasal verb,use up + noun,"The class used up the remaining batteries during the final test, so the class could connect the idea to the next activity.",use up + noun,"This taught use is separable. Put a pronoun between the verb and particle: “use it up,” not “use up it.”","use up means consume all of something. By contrast, do over means do something again.",common in conversation; many uses also fit professional speech,IPA (stress shown separately): /jus ʌp/ Link the words smoothly; give the strongest phrase stress to “up.” Keep the final /p/ audible.,STEM,B2,v0957-s1
v0958,wake up,,phrasal verb,American phrasal verb core,stop sleeping or become aware,phrasal verb,wake up,"I woke up early to prepare for the interview, which helped the group avoid a preventable misunderstanding.",wake up,"In this taught meaning, the verb is commonly used without a direct object. Add an object only when you know the required pattern.","wake up means stop sleeping or become aware. By contrast, move out means stop living in a place.",common in conversation; many uses also fit professional speech,"IPA (stress shown separately): /weɪk ʌp/ Link the words smoothly; give the strongest phrase stress to “up.” For /w/, round the lips; do not touch the teeth. Keep the final /p/ audible.",daily life,B1-B2,v0958-s1
v0959,walk away,,phrasal verb,American phrasal verb core,leave a situation or reject an agreement,phrasal verb,walk away from + noun,Both sides were willing to walk away if the terms were unfair.,walk away from + noun,Keep the word order shown in the pattern. Do not move the particle unless you have confirmed that this phrasal verb is separable.,"walk away means leave a situation or reject an agreement. By contrast, back away means move away or withdraw from a position.",common in conversation; many uses also fit professional speech,"IPA (stress shown separately): /wɔk əweɪ/ Link the words smoothly; give the strongest phrase stress to “away.” For /w/, round the lips; do not touch the teeth.",decision-making,B1-B2,v0959-s1
v0960,walk through,,phrasal verb,American phrasal verb core,guide someone step by step,phrasal verb,walk + person + through + noun,"I will walk through the registration process with you, which reduced the chance that readers would misinterpret the message.",walk + person + through + noun,Keep the word order shown in the pattern. Do not move the particle unless you have confirmed that this phrasal verb is separable.,"walk through means guide someone step by step. By contrast, talk through means explain a process step by step.",common in conversation; many uses also fit professional speech,"IPA (stress shown separately): /wɔk θru/ Link the words smoothly; give the strongest phrase stress to “through.” For /w/, round the lips; do not touch the teeth.",communication,B2,v0960-s1
v0961,watch out,,phrasal verb,American phrasal verb core,to be careful about a specific hazard or possible problem,phrasal verb,watch out for + noun,"Watch out for emails that contain suspicious links, so the people affected could understand the practical consequence.",watch out for + noun,Keep the word order shown in the pattern. Do not move the particle unless you have confirmed that this phrasal verb is separable.,Watch out for identifies a particular hazard; look out is often a shorter warning about immediate danger.,common in conversation; many uses also fit professional speech,"IPA (stress shown separately): /wɑtʃ aʊt/ Link the words smoothly; give the strongest phrase stress to “out.” Use a crisp /tʃ/ “ch” sound. For /w/, round the lips; do not touch the teeth. Keep the final /t/ audible.",safety,B1-B2,v0961-s1
v0962,wear out,,phrasal verb,American phrasal verb core,become unusable through use or make someone tired,phrasal verb,wear out,"The old printer wore out after years of heavy use, so everyone involved knew what would happen next.",wear out,"This taught use is separable. Put a pronoun between the verb and particle: “wear it out,” not “wear out it.”","wear out means become unusable through use or make someone tired. By contrast, do without means manage without something.",common in conversation; many uses also fit professional speech,"IPA (stress shown separately): /wɛr aʊt/ Link the words smoothly; give the strongest phrase stress to “out.” For /w/, round the lips; do not touch the teeth. Keep the final /t/ audible.",daily life,B1-B2,v0962-s1
v0963,work on,,phrasal verb,American phrasal verb core,spend time improving or completing something,phrasal verb,work on + noun,"I’m working on using academic vocabulary more naturally, so the class could connect the idea to the next activity.",work on + noun,Keep the word order shown in the pattern. Do not move the particle unless you have confirmed that this phrasal verb is separable.,"work on means spend time improving or completing something. By contrast, make up for means compensate for something.",common in conversation; many uses also fit professional speech,"IPA (stress shown separately): /wɝk ɑn/ Link the words smoothly; give the strongest phrase stress to “on.” For /w/, round the lips; do not touch the teeth. Keep the final /n/ audible.",learning,B2,v0963-s1
v0964,work out,,phrasal verb,American phrasal verb core,"solve, calculate, exercise, or develop successfully",phrasal verb,work out + noun,"We worked out a schedule that everyone could accept, which helped the manager assign the next responsibility accurately.",work out + noun,"This taught use is separable. Put a pronoun between the verb and particle: “work it out,” not “work out it.”","work out means solve, calculate, exercise, or develop successfully. By contrast, figure out means understand or solve something.",common in conversation; many uses also fit professional speech,"IPA (stress shown separately): /wɝk aʊt/ Link the words smoothly; give the strongest phrase stress to “out.” For /w/, round the lips; do not touch the teeth. Keep the final /t/ audible.",problem-solving,B1-B2,v0964-s1
v0965,wrap up,,phrasal verb,American phrasal verb core,finish an activity or summarize,phrasal verb,wrap up + noun,"Let’s wrap up the meeting with a review of the action items, so the group could make the next decision with clearer information.",wrap up + noun,"This taught use is separable. Put a pronoun between the verb and particle: “wrap it up,” not “wrap up it.”","wrap up means finish an activity or summarize. By contrast, get through means finish or survive something difficult.",common in conversation; many uses also fit professional speech,IPA (stress shown separately): /ræp ʌp/ Link the words smoothly; give the strongest phrase stress to “up.” Keep the final /p/ audible.,meetings,B1-B2,v0965-s1
v0966,write down,,phrasal verb,American phrasal verb core,record information in writing,phrasal verb,write down + noun,"Write down the expression before you practice saying it aloud, so the class could connect the idea to the next activity.",write down + noun,"This taught use is separable. Put a pronoun between the verb and particle: “write it down,” not “write down it.”","write down means record information in writing. By contrast, look up means search for information.",common in conversation; many uses also fit professional speech,"IPA (stress shown separately): /raɪt daʊn/ Link the words smoothly; give the strongest phrase stress to “down.” Let /aɪ/ glide smoothly, as in my. Keep the final /n/ audible.",learning,B2,v0966-s1
v0967,write up,,phrasal verb,American phrasal verb core,prepare a complete written account,phrasal verb,write up + noun,"The students wrote up their findings after the experiment, which gave the teacher clearer information for the following lesson.",write up + noun,"This taught use is separable. Put a pronoun between the verb and particle: “write it up,” not “write up it.”","write up means prepare a complete written account. By contrast, put down means write something or criticize someone.",common in conversation; many uses also fit professional speech,"IPA (stress shown separately): /raɪt ʌp/ Link the words smoothly; give the strongest phrase stress to “up.” Let /aɪ/ glide smoothly, as in my. Keep the final /p/ audible.",writing,B1-B2,v0967-s1
v0968,zero in on,,phrasal verb,American phrasal verb core,focus closely on the most important part,phrasal verb,zero in on + noun,"The discussion zeroed in on the two factors causing the delay, so the audience could understand the intended point without guessing.",zero in on + noun,Keep the word order shown in the pattern. Do not move the particle unless you have confirmed that this phrasal verb is separable.,"zero in on means focus closely on the most important part. By contrast, zoom in on means focus closely on a specific detail or issue.",common in conversation; many uses also fit professional speech,"IPA (stress shown separately): /zɪroʊ ɪn ɑn/ Link the words smoothly; give the strongest phrase stress to “on.” Keep /ɪ/ short and relaxed, as in sit. Keep the final /n/ audible.",analysis,B1-B2,v0968-s1
v0969,account for,,phrasal verb,American phrasal verb core,explain the reason for something or form part of a total,phrasal verb,account for + noun,"Transportation costs account for nearly one-third of the project budget, so decision makers could see how the available resources would support the stated goal.",account for + noun,Keep the word order shown in the pattern. Do not move the particle unless you have confirmed that this phrasal verb is separable.,"account for means explain the reason for something or form part of a total. By contrast, look at means examine or consider something.",common in conversation; many uses also fit professional speech,IPA (stress shown separately): /əkaʊnt fɔr/ Link the words smoothly; give the strongest phrase stress to “for.” Keep the final /r/ audible.,analysis,B2,v0969-s1
v0970,add up,,phrasal verb,American phrasal verb core,make sense when considered together,phrasal verb,add up,"The attendance figures do not add up, so we should check the records again.",add up,"In this taught meaning, the verb is commonly used without a direct object. Add an object only when you know the required pattern.","add up means make sense when considered together. By contrast, look at means examine or consider something.",common in conversation; many uses also fit professional speech,IPA (stress shown separately): /æd ʌp/ Link the words smoothly; give the strongest phrase stress to “up.” Keep the final /p/ audible.,analysis,B1-B2,v0970-s1
v0971,add up to,,phrasal verb,American phrasal verb core,produce a particular total or combined result,phrasal verb,add up to + noun,"Several small delays added up to a two-week setback, so the team could interpret the evidence with less uncertainty.",add up to + noun,Keep the word order shown in the pattern. Do not move the particle unless you have confirmed that this phrasal verb is separable.,"add up to means produce a particular total or combined result. By contrast, add up means make sense when considered together.",common in conversation; many uses also fit professional speech,IPA (stress shown separately): /æd ʌp tu/ Link the words smoothly; give the strongest phrase stress to “to.”,cause and effect,B1-B2,v0971-s1
v0972,agree with,,phrasal verb,American phrasal verb core,share the same opinion or suit someone physically,phrasal verb,agree with + person/idea,"I agree with your main conclusion, although I would revise the final recommendation.",agree with + person/idea,Keep the word order shown in the pattern. Do not move the particle unless you have confirmed that this phrasal verb is separable.,"agree with means share the same opinion or suit someone physically. By contrast, get back means return.",common in conversation; many uses also fit professional speech,"IPA (stress shown separately): /əɡri wɪð/ Link the words smoothly; give the strongest phrase stress to “with.” For /w/, round the lips; do not touch the teeth. Keep short /ɪ/ distinct from long /i/. Keep the final /ð/ audible.",communication,B2,v0972-s1
v0973,blow up,,phrasal verb,American phrasal verb core,explode or suddenly become very angry,phrasal verb,blow up,"The demonstration is safe as long as the sealed container does not blow up, which allowed the board to explain the decision more transparently.",blow up,"This taught use is separable. Put a pronoun between the verb and particle: “blow it up,” not “blow up it.”","blow up means explode or suddenly become very angry. By contrast, look out means be careful.",common in conversation; many uses also fit professional speech,"IPA (stress shown separately): /bloʊ ʌp/ Link the words smoothly; give the strongest phrase stress to “up.” For /b/, close both lips completely. Keep the final /p/ audible.",safety,B1-B2,v0973-s1
v0974,boil down to,,phrasal verb,American phrasal verb core,have one essential cause or meaning,phrasal verb,boil down to + noun/clause,The disagreement boils down to how the school should allocate limited resources.,boil down to + noun/clause,Keep the word order shown in the pattern. Do not move the particle unless you have confirmed that this phrasal verb is separable.,"boil down to means have one essential cause or meaning. By contrast, look at means examine or consider something.",common in conversation; many uses also fit professional speech,"IPA (stress shown separately): /bɔɪl daʊn tu/ Link the words smoothly; give the strongest phrase stress to “to.” For /b/, close both lips completely.",analysis,B1-B2,v0974-s1
v0975,brush up on,,phrasal verb,American phrasal verb core,improve a skill or refresh knowledge previously learned,phrasal verb,brush up on + noun,"I need to brush up on statistics before teaching the new data unit, which gave the reviewers a clearer basis for evaluating the conclusion.",brush up on + noun,Keep the word order shown in the pattern. Do not move the particle unless you have confirmed that this phrasal verb is separable.,"brush up on means improve a skill or refresh knowledge previously learned. By contrast, pick up means collect, learn informally, or improve.",common in conversation; many uses also fit professional speech,"IPA (stress shown separately): /brʌʃ ʌp ɑn/ Link the words smoothly; give the strongest phrase stress to “on.” Use a clear /ʃ/ “sh” sound. For /b/, close both lips completely. Keep the final /n/ audible.",learning,B2,v0975-s1
v0976,build up,,phrasal verb,American phrasal verb core,increase or develop gradually,phrasal verb,build up + noun,Students build up confidence when they practice difficult skills in manageable steps.,build up + noun,"This taught use is separable. Put a pronoun between the verb and particle: “build it up,” not “build up it.”","build up means increase or develop gradually. By contrast, set up means arrange, establish, or prepare something.",common in conversation; many uses also fit professional speech,"IPA (stress shown separately): /bɪld ʌp/ Link the words smoothly; give the strongest phrase stress to “up.” For /b/, close both lips completely. Keep /ɪ/ short and relaxed, as in sit. Keep the final /p/ audible.",learning,B1-B2,v0976-s1
v0977,calm down,,phrasal verb,American phrasal verb core,become or help someone become less upset,phrasal verb,calm down,"The teacher gave the class a minute to calm down before continuing the discussion, so the class could connect the idea to the next activity.",calm down,"This taught use is separable. Put a pronoun between the verb and particle: “calm it down,” not “calm down it.”","calm down means become or help someone become less upset. By contrast, settle down means become calmer or begin living in a stable way.",common in conversation; many uses also fit professional speech,IPA (stress shown separately): /kɑm daʊn/ Link the words smoothly; give the strongest phrase stress to “down.” Keep the final /n/ audible.,classroom,B1-B2,v0977-s1
v0978,clean up,,phrasal verb,American phrasal verb core,"make a place, file, or process cleaner and more organized",phrasal verb,clean up + noun,"We cleaned up the dataset before running the analysis, so the analysts could interpret the results without confusing data errors with real patterns.",clean up + noun,"This taught use is separable. Put a pronoun between the verb and particle: “clean it up,” not “clean up it.”","clean up means make a place, file, or process cleaner and more organized. By contrast, do over means do something again.",common in conversation; many uses also fit professional speech,IPA (stress shown separately): /klin ʌp/ Link the words smoothly; give the strongest phrase stress to “up.” Keep the final /p/ audible.,STEM,B2,v0978-s1
v0979,clear up,,phrasal verb,American phrasal verb core,resolve confusion or make something easier to understand,phrasal verb,clear up + noun,"A short example cleared up the students’ confusion about the formula, so the class could connect the idea to the next activity.",clear up + noun,"This taught use is separable. Put a pronoun between the verb and particle: “clear it up,” not “clear up it.”","clear up means resolve confusion or make something easier to understand. By contrast, make out means understand, see, or hear with difficulty.",common in conversation; many uses also fit professional speech,"IPA (stress shown separately): /klɪr ʌp/ Link the words smoothly; give the strongest phrase stress to “up.” Keep /ɪ/ short and relaxed, as in sit. Keep the final /p/ audible.",communication,B1-B2,v0979-s1
v0980,count on,,phrasal verb,American phrasal verb core,depend on someone or expect something to happen,phrasal verb,count on + person/noun,"The team can count on Maria to submit accurate reports on time, which helped the manager assign the next responsibility accurately.",count on + person/noun,Keep the word order shown in the pattern. Do not move the particle unless you have confirmed that this phrasal verb is separable.,"count on means depend on someone or expect something to happen. By contrast, lay off means dismiss workers because work or money is limited.",common in conversation; many uses also fit professional speech,IPA (stress shown separately): /kaʊnt ɑn/ Link the words smoothly; give the strongest phrase stress to “on.” Keep the final /n/ audible.,workplace,B1-B2,v0980-s1
v0981,cross out,,phrasal verb,American phrasal verb core,draw a line through written material to remove it,phrasal verb,cross out + noun,"Cross out the incorrect unit and write the correct one beside it, so the class could connect the idea to the next activity.",cross out + noun,"This taught use is separable. Put a pronoun between the verb and particle: “cross it out,” not “cross out it.”","cross out means draw a line through written material to remove it. By contrast, take away means remove or learn an important message.",common in conversation; many uses also fit professional speech,IPA (stress shown separately): /krɔs aʊt/ Link the words smoothly; give the strongest phrase stress to “out.” Keep the final /t/ audible.,learning,B2,v0981-s1
v0982,draw up,,phrasal verb,American phrasal verb core,prepare a formal document or detailed plan,phrasal verb,draw up + noun,"The committee drew up a revised safety plan for the laboratory, so the team could interpret the evidence with less uncertainty.",draw up + noun,"This taught use is separable. Put a pronoun between the verb and particle: “draw it up,” not “draw up it.”","draw up means prepare a formal document or detailed plan. By contrast, set up means arrange, establish, or prepare something.",common in conversation; many uses also fit professional speech,IPA (stress shown separately): /drɔ ʌp/ Link the words smoothly; give the strongest phrase stress to “up.” Keep the final /p/ audible.,planning,B1-B2,v0982-s1
v0983,face up to,,phrasal verb,American phrasal verb core,accept and deal honestly with a difficult reality,phrasal verb,face up to + noun,We need to face up to the fact that the original timeline is no longer realistic.,face up to + noun,Keep the word order shown in the pattern. Do not move the particle unless you have confirmed that this phrasal verb is separable.,"face up to means accept and deal honestly with a difficult reality. By contrast, go for means choose or try to obtain something.",common in conversation; many uses also fit professional speech,IPA (stress shown separately): /feɪs ʌp tu/ Link the words smoothly; give the strongest phrase stress to “to.”,decision-making,B1-B2,v0983-s1
v0984,phase in,,phrasal verb,American phrasal verb core,introduce something gradually,phrasal verb,phase in + noun,"The district will phase in the new curriculum over three semesters, so the class could connect the idea to the next activity.",phase in + noun,"This taught use is separable. Put a pronoun between the verb and particle: “phase it in,” not “phase in it.”","phase in means introduce something gradually. By contrast, phase out means discontinue something gradually.",common in conversation; many uses also fit professional speech,"IPA (stress shown separately): /feɪz ɪn/ Link the words smoothly; give the strongest phrase stress to “in.” Keep /ɪ/ short and relaxed, as in sit. Keep the final /n/ audible.",planning,B2,v0984-s1
v0985,phase out,,phrasal verb,American phrasal verb core,discontinue something gradually,phrasal verb,phase out + noun,The laboratory is phasing out equipment that no longer meets current safety standards.,phase out + noun,"This taught use is separable. Put a pronoun between the verb and particle: “phase it out,” not “phase out it.”","phase out means discontinue something gradually. By contrast, phase in means introduce something gradually.",common in conversation; many uses also fit professional speech,IPA (stress shown separately): /feɪz aʊt/ Link the words smoothly; give the strongest phrase stress to “out.” Keep the final /t/ audible.,planning,B1-B2,v0985-s1
v0986,iron out,,phrasal verb,American phrasal verb core,resolve small problems or disagreements,phrasal verb,iron out + noun,"The department met to iron out the remaining scheduling conflicts, which required the team to adjust the schedule without losing the original priority.",iron out + noun,"This taught use is separable. Put a pronoun between the verb and particle: “iron it out,” not “iron out it.”","iron out means resolve small problems or disagreements. By contrast, work out means solve, calculate, exercise, or develop successfully.",common in conversation; many uses also fit professional speech,"IPA (stress shown separately): /aɪɚn aʊt/ Link the words smoothly; give the strongest phrase stress to “out.” Let /aɪ/ glide smoothly, as in my. Keep the final /t/ audible.",problem-solving,B1-B2,v0986-s1
v0987,join in,,phrasal verb,American phrasal verb core,participate in an activity with other people,phrasal verb,join in + noun,"Several quiet students joined in once the discussion moved to small groups, so the class could connect the idea to the next activity.",join in + noun,Keep the word order shown in the pattern. Do not move the particle unless you have confirmed that this phrasal verb is separable.,"join in means participate in an activity with other people. By contrast, sign up means register to participate.",common in conversation; many uses also fit professional speech,"IPA (stress shown separately): /dʒɔɪn ɪn/ Link the words smoothly; give the strongest phrase stress to “in.” Use /dʒ/ “j,” as in job. Keep /ɪ/ short and relaxed, as in sit. Keep the final /n/ audible.",participation,B2,v0987-s1
v0988,map out,,phrasal verb,American phrasal verb core,plan something carefully and in detail,phrasal verb,map out + noun,"Before launching the project, we mapped out each milestone and assigned an owner, which helped the manager assign the next responsibility accurately.",map out + noun,"This taught use is separable. Put a pronoun between the verb and particle: “map it out,” not “map out it.”","map out means plan something carefully and in detail. By contrast, draw up means prepare a formal document or detailed plan.",common in conversation; many uses also fit professional speech,IPA (stress shown separately): /mæp aʊt/ Link the words smoothly; give the strongest phrase stress to “out.” Keep the final /t/ audible.,planning,B1-B2,v0988-s1
v0989,narrow down,,phrasal verb,American phrasal verb core,reduce a set of possibilities to a smaller number,phrasal verb,narrow down + noun,"The evidence helped us narrow down the possible causes of the error, which gave the reviewers a clearer basis for evaluating the conclusion.",narrow down + noun,"This taught use is separable. Put a pronoun between the verb and particle: “narrow it down,” not “narrow down it.”","narrow down means reduce a set of possibilities to a smaller number. By contrast, look at means examine or consider something.",common in conversation; many uses also fit professional speech,IPA (stress shown separately): /nɛroʊ daʊn/ Link the words smoothly; give the strongest phrase stress to “down.” Keep the final /n/ audible.,analysis,B1-B2,v0989-s1
v0990,opt out,,phrasal verb,American phrasal verb core,choose not to participate in something,phrasal verb,opt out of + noun,"Families may opt out of the optional survey by contacting the school office, which gave the teacher clearer information for the following lesson.",opt out of + noun,Keep the word order shown in the pattern. Do not move the particle unless you have confirmed that this phrasal verb is separable.,"opt out means choose not to participate in something. By contrast, go for means choose or try to obtain something.",common in conversation; many uses also fit professional speech,IPA (stress shown separately): /ɑpt aʊt/ Link the words smoothly; give the strongest phrase stress to “out.” Keep the final /t/ audible.,decision-making,B2,v0990-s1
v0991,read over,,phrasal verb,American phrasal verb core,read something carefully to check it,phrasal verb,read over + noun,"Please read over your email before sending it to the principal, which gave the teacher clearer information for the following lesson.",read over + noun,"This taught use is separable. Put a pronoun between the verb and particle: “read it over,” not “read over it.”","read over means read something carefully to check it. By contrast, go with means match or choose something.",common in conversation; many uses also fit professional speech,"IPA (stress shown separately): /rɛd oʊvɚ/ Link the words smoothly; give the strongest phrase stress to “over.” For /v/, touch the upper teeth to the lower lip; do not replace it with /b/.",communication,B1-B2,v0991-s1
v0992,roll out,,phrasal verb,American phrasal verb core,"introduce a new product, program, or policy",phrasal verb,roll out + noun,"The company will roll out the updated software to all employees next month, which helped the manager assign the next responsibility accurately.",roll out + noun,"This taught use is separable. Put a pronoun between the verb and particle: “roll it out,” not “roll out it.”","roll out means introduce a new product, program, or policy. By contrast, bring in means introduce or earn something.",common in conversation; many uses also fit professional speech,IPA (stress shown separately): /roʊl aʊt/ Link the words smoothly; give the strongest phrase stress to “out.” Keep the final /t/ audible.,workplace,B1-B2,v0992-s1
v0993,scale back,,phrasal verb,American phrasal verb core,"reduce the size, cost, or extent of something",phrasal verb,scale back + noun,"Because funding was reduced, the team scaled back the original project plan.",scale back + noun,"This taught use is separable. Put a pronoun between the verb and particle: “scale it back,” not “scale back it.”","scale back means reduce the size, cost, or extent of something. By contrast, phase in means introduce something gradually.",common in conversation; many uses also fit professional speech,"IPA (stress shown separately): /skeɪl bæk/ Link the words smoothly; give the strongest phrase stress to “back.” For /b/, close both lips completely. Keep the final /k/ audible.",planning,B2,v0993-s1
v0994,settle down,,phrasal verb,American phrasal verb core,become calmer or begin living in a stable way,phrasal verb,settle down,The room settled down after the students began the independent task.,settle down,"In this taught meaning, the verb is commonly used without a direct object. Add an object only when you know the required pattern.","settle down means become calmer or begin living in a stable way. By contrast, calm down means become or help someone become less upset.",common in conversation; many uses also fit professional speech,IPA (stress shown separately): /sɛtəl daʊn/ Link the words smoothly; give the strongest phrase stress to “down.” Keep the final /n/ audible.,classroom,B1-B2,v0994-s1
v0995,team up,,phrasal verb,American phrasal verb core,work together with another person or group,phrasal verb,team up with + person/group,"The science and math departments teamed up to design an interdisciplinary unit, so the group could make the next decision with clearer information.",team up with + person/group,Keep the word order shown in the pattern. Do not move the particle unless you have confirmed that this phrasal verb is separable.,"team up means work together with another person or group. By contrast, get back means return.",common in conversation; many uses also fit professional speech,IPA (stress shown separately): /tim ʌp/ Link the words smoothly; give the strongest phrase stress to “up.” Keep the final /p/ audible.,collaboration,B1-B2,v0995-s1
v0996,touch on,,phrasal verb,American phrasal verb core,mention or discuss something briefly,phrasal verb,touch on + noun,"The presentation touched on equity concerns but did not examine them in depth, which reduced the chance that readers would misinterpret the message.",touch on + noun,Keep the word order shown in the pattern. Do not move the particle unless you have confirmed that this phrasal verb is separable.,"touch on means mention or discuss something briefly. By contrast, go with means match or choose something.",common in conversation; many uses also fit professional speech,IPA (stress shown separately): /tʌtʃ ɑn/ Link the words smoothly; give the strongest phrase stress to “on.” Use a crisp /tʃ/ “ch” sound. Keep the final /n/ audible.,communication,B2,v0996-s1
v0997,weigh in,,phrasal verb,American phrasal verb core,offer an opinion or advice during a discussion,phrasal verb,weigh in on + noun,"Several teachers weighed in on the proposed grading policy, so the class could connect the idea to the next activity.",weigh in on + noun,Keep the word order shown in the pattern. Do not move the particle unless you have confirmed that this phrasal verb is separable.,"weigh in means offer an opinion or advice during a discussion. By contrast, sit down means take a seat or meet for a serious discussion.",common in conversation; many uses also fit professional speech,"IPA (stress shown separately): /weɪ ɪn/ Link the words smoothly; give the strongest phrase stress to “in.” For /w/, round the lips; do not touch the teeth. Keep /ɪ/ short and relaxed, as in sit. Keep the final /n/ audible.",communication,B1-B2,v0997-s1
v0998,wind down,,phrasal verb,American phrasal verb core,gradually bring an activity to an end or relax,phrasal verb,wind down + noun,"We began to wind down the workshop with a final reflection, so the group could make the next decision with clearer information.",wind down + noun,"This taught use is separable. Put a pronoun between the verb and particle: “wind it down,” not “wind down it.”","wind down means gradually bring an activity to an end or relax. By contrast, bring up means introduce a topic for discussion.",common in conversation; many uses also fit professional speech,"IPA (stress shown separately): /waɪnd daʊn/ Link the words smoothly; give the strongest phrase stress to “down.” For /w/, round the lips; do not touch the teeth. Let /aɪ/ glide smoothly, as in my. Keep the final /n/ audible.",meetings,B1-B2,v0998-s1
v0999,wipe out,,phrasal verb,American phrasal verb core,"destroy, remove, or eliminate something completely",phrasal verb,wipe out + noun,"A formatting error wiped out several rows of data, but the backup restored them.",wipe out + noun,"This taught use is separable. Put a pronoun between the verb and particle: “wipe it out,” not “wipe out it.”","wipe out means destroy, remove, or eliminate something completely. By contrast, keep up with means remain at the same level as someone or something.",common in conversation; many uses also fit professional speech,"IPA (stress shown separately): /waɪp aʊt/ Link the words smoothly; give the strongest phrase stress to “out.” For /w/, round the lips; do not touch the teeth. Let /aɪ/ glide smoothly, as in my. Keep the final /t/ audible.",technology,B2,v0999-s1
v1000,zoom in on,,phrasal verb,American phrasal verb core,focus closely on a specific detail or issue,phrasal verb,zoom in on + noun,"When the research team compared outcomes across subjects and student groups, the report zooms in on the achievement gap in ninth-grade mathematics.",zoom in on + noun,Keep the word order shown in the pattern. Do not move the particle unless you have confirmed that this phrasal verb is separable.,"zoom in on means focus closely on a specific detail or issue. By contrast, zero in on means focus closely on the most important part.",common in conversation; many uses also fit professional speech,"IPA (stress shown separately): /zum ɪn ɑn/ Link the words smoothly; give the strongest phrase stress to “on.” Keep /ɪ/ short and relaxed, as in sit. Keep the final /n/ audible.",analysis,B1-B2,v1000-s1
